ano,id_municipio,rede,taxa_alfabetizacao,meta_alfabetizacao_2024,meta_alfabetizacao_2025,nome_municipio,sigla_uf,nome_regiao,situacao_meta_2024,distancia_meta_2024_pp
2024,4301750,Municipal,4.4,,14.05,Barão do Triunfo,RS,Sul,Sem dados para comparação,
2024,2406908,Municipal,42.86,7.94,14.05,Lucrécia,RN,Nordeste,Atingiu ou superou,34.92
2024,1718501,Municipal,50.29,8.25,14.48,Recursolândia,TO,Norte,Atingiu ou superou,42.04
2024,2919900,Municipal,12.5,8.39,14.66,Macururé,BA,Nordeste,Atingiu ou superou,4.109999999999999
2024,2414456,Municipal,10.95,,18.14,Triunfo Potiguar,RN,Nordeste,Sem dados para comparação,
2024,1716307,Municipal,37.96,11.05,18.14,Pau D'Arco,TO,Norte,Atingiu ou superou,26.91
2024,2406205,Municipal,11.65,,19.26,Lagoa d'Anta,RN,Nordeste,Sem dados para comparação,
2024,2205581,Municipal,44.87,11.95,19.26,Lagoa do Piauí,PI,Nordeste,Atingiu ou superou,32.92
2024,1718006,Municipal,37.89,12.49,19.92,Porto Alegre do Tocantins,TO,Norte,Atingiu ou superou,25.4
2024,3167509,Municipal,48.25,14.14,21.89,Simão Pereira,MG,Sudeste,Atingiu ou superou,34.11
2024,2408706,Municipal,14.29,,22.17,Paraú,RN,Nordeste,Sem dados para comparação,
2024,1715705,Municipal,31.27,14.38,22.17,Palmeirante,TO,Norte,Atingiu ou superou,16.89
2024,1717800,Municipal,44.56,15.03,22.93,Ponte Alta do Bom Jesus,TO,Norte,Atingiu ou superou,29.53
2024,1200435,Municipal,15.62,,23.62,Santa Rosa do Purus,AC,Norte,Sem dados para comparação,
2024,2804300,Municipal,22.01,15.64,23.62,Muribeca,SE,Nordeste,Atingiu ou superou,6.370000000000001
2024,2515005,Municipal,100.0,15.73,23.72,São Miguel de Taipu,PB,Nordeste,Atingiu ou superou,84.27
2024,2505238,Municipal,22.16,16.05,24.09,Cuité de Mamanguape,PB,Nordeste,Atingiu ou superou,6.109999999999999
2024,2907400,Municipal,25.71,16.24,24.3,Catolândia,BA,Nordeste,Atingiu ou superou,9.470000000000002
2024,2505808,Municipal,60.0,16.94,25.09,Duas Estradas,PB,Nordeste,Atingiu ou superou,43.06
2024,2400604,Municipal,21.43,17.02,25.17,Almino Afonso,RN,Nordeste,Atingiu ou superou,4.41
2024,2805901,Municipal,31.48,17.27,25.46,Riachuelo,SE,Nordeste,Atingiu ou superou,14.21
2024,1703073,Municipal,18.26,18.0,26.26,Barra do Ouro,TO,Norte,Atingiu ou superou,0.26000000000000156
2024,1707702,Municipal,12.63,18.04,26.3,Filadélfia,TO,Norte,Abaixo da meta,-5.409999999999998
2024,2514602,Municipal,29.62,18.06,26.33,São José do Bonfim,PB,Nordeste,Atingiu ou superou,11.560000000000002
2024,1709005,Municipal,38.49,18.74,27.07,Goiatins,TO,Norte,Atingiu ou superou,19.750000000000004
2024,5004809,Municipal,41.76,18.91,27.25,Japorã,MS,Centro-Oeste,Atingiu ou superou,22.849999999999998
2024,2205599,Municipal,62.96,18.93,27.27,Lagoa do Sítio,PI,Nordeste,Atingiu ou superou,44.03
2024,2101939,Municipal,87.88,19.1,27.45,Bernardo do Mearim,MA,Nordeste,Atingiu ou superou,68.78
2024,2111250,Municipal,56.16,19.22,27.58,São José dos Basílios,MA,Nordeste,Atingiu ou superou,36.94
2024,1301506,Municipal,19.3,,27.7,Envira,AM,Norte,Sem dados para comparação,
2024,2506608,Municipal,58.62,19.37,27.74,Ibiara,PB,Nordeste,Atingiu ou superou,39.25
2024,2907202,Municipal,20.93,19.44,27.82,Casa Nova,BA,Nordeste,Atingiu ou superou,1.4899999999999984
2024,1200328,Municipal,19.59,,28.13,Jordão,AC,Norte,Sem dados para comparação,
2024,2513158,Municipal,48.11,19.74,28.13,Santa Cecília,PB,Nordeste,Atingiu ou superou,28.37
2024,1304260,Municipal,11.25,19.75,28.14,Uarini,AM,Norte,Abaixo da meta,-8.5
2024,2202307,Municipal,36.45,20.06,28.48,Canto do Buriti,PI,Nordeste,Atingiu ou superou,16.390000000000004
2024,2404705,Municipal,43.03,20.1,28.51,Ipanguaçu,RN,Nordeste,Atingiu ou superou,22.93
2024,2208601,Municipal,47.93,20.78,29.23,Prata do Piauí,PI,Nordeste,Atingiu ou superou,27.15
2024,5214804,Municipal,84.21,20.79,29.25,Nova Aurora,GO,Centro-Oeste,Atingiu ou superou,63.419999999999995
2024,2515807,Municipal,85.71,21.09,29.56,Serra Redonda,PB,Nordeste,Atingiu ou superou,64.61999999999999
2024,3125309,Municipal,69.23,21.31,29.78,Faria Lemos,MG,Sudeste,Atingiu ou superou,47.92
2024,2805109,Municipal,11.52,21.39,29.87,Pedrinhas,SE,Nordeste,Abaixo da meta,-9.870000000000001
2024,2408953,Municipal,31.56,21.44,29.91,Rio do Fogo,RN,Nordeste,Atingiu ou superou,10.119999999999997
2024,2401602,Municipal,29.29,21.48,29.96,Bento Fernandes,RN,Nordeste,Atingiu ou superou,7.809999999999999
2024,2916302,Municipal,23.44,21.57,30.06,Itapebi,BA,Nordeste,Atingiu ou superou,1.870000000000001
2024,2929800,Municipal,20.73,21.63,30.12,Saúde,BA,Nordeste,Abaixo da meta,-0.8999999999999986
2024,1300839,Municipal,21.72,,30.23,Caapiranga,AM,Norte,Sem dados para comparação,
2024,2911006,Municipal,41.03,21.74,30.23,Floresta Azul,BA,Nordeste,Atingiu ou superou,19.290000000000003
2024,2405405,Municipal,31.34,21.97,30.47,Japi,RN,Nordeste,Atingiu ou superou,9.370000000000001
2024,2929701,Municipal,30.68,22.02,30.51,Sátiro Dias,BA,Nordeste,Atingiu ou superou,8.66
2024,1703867,Municipal,52.01,22.48,30.99,Cariri do Tocantins,TO,Norte,Atingiu ou superou,29.529999999999998
2024,1700400,Municipal,48.18,22.65,31.16,Almas,TO,Norte,Atingiu ou superou,25.53
2024,2203271,Municipal,48.34,22.86,31.38,Curral Novo do Piauí,PI,Nordeste,Atingiu ou superou,25.480000000000004
2024,1703842,Municipal,38.52,22.91,31.43,Campos Lindos,TO,Norte,Atingiu ou superou,15.610000000000003
2024,2928307,Municipal,22.95,,31.5,Santanópolis,BA,Nordeste,Sem dados para comparação,
2024,2805208,Municipal,40.26,22.98,31.5,Pinhão,SE,Nordeste,Atingiu ou superou,17.279999999999998
2024,2803609,Municipal,27.35,23.05,31.57,Laranjeiras,SE,Nordeste,Atingiu ou superou,4.300000000000001
2024,2405504,Municipal,31.58,23.43,31.95,Jardim de Angicos,RN,Nordeste,Atingiu ou superou,8.149999999999999
2024,1718865,Municipal,31.33,23.48,32.01,Santa Fé do Araguaia,TO,Norte,Atingiu ou superou,7.849999999999998
2024,2902252,Municipal,13.11,23.69,32.22,Arataca,BA,Nordeste,Abaixo da meta,-10.580000000000002
2024,2804904,Municipal,28.56,23.74,32.27,Pacatuba,SE,Nordeste,Atingiu ou superou,4.82
2024,2805406,Municipal,26.61,23.75,32.28,Poço Redondo,SE,Nordeste,Atingiu ou superou,2.8599999999999994
2024,2409803,Municipal,23.56,23.8,32.33,Pedro Velho,RN,Nordeste,Abaixo da meta,-0.240000000000002
2024,1703909,Municipal,31.53,23.89,32.42,Caseara,TO,Norte,Atingiu ou superou,7.640000000000001
2024,2407609,Municipal,26.32,23.97,32.5,Messias Targino,RN,Nordeste,Atingiu ou superou,2.3500000000000014
2024,2414704,Municipal,45.68,24.12,32.65,Várzea,RN,Nordeste,Atingiu ou superou,21.56
2024,2515609,Municipal,48.92,24.28,32.81,Serra da Raiz,PB,Nordeste,Atingiu ou superou,24.64
2024,2807303,Municipal,42.47,24.28,32.81,Telha,SE,Nordeste,Atingiu ou superou,18.189999999999998
2024,1718709,Municipal,46.58,24.42,32.95,Rio dos Bois,TO,Norte,Atingiu ou superou,22.159999999999997
2024,1718659,Municipal,19.61,24.46,32.99,Rio da Conceição,TO,Norte,Abaixo da meta,-4.850000000000001
2024,2414209,Municipal,24.98,24.51,33.04,Tibau do Sul,RN,Nordeste,Atingiu ou superou,0.46999999999999886
2024,2202174,Municipal,64.31,24.57,33.1,Campo Largo do Piauí,PI,Nordeste,Atingiu ou superou,39.74
2024,2400505,Municipal,58.98,24.68,33.21,Alexandria,RN,Nordeste,Atingiu ou superou,34.3
2024,2901908,Municipal,16.52,24.7,33.23,Aporá,BA,Nordeste,Abaixo da meta,-8.18
2024,1713957,Municipal,49.28,24.82,33.35,Muricilândia,TO,Norte,Atingiu ou superou,24.46
2024,2507002,Municipal,48.7,24.9,33.43,Itaporanga,PB,Nordeste,Atingiu ou superou,23.800000000000004
2024,1503754,Municipal,24.95,,33.52,Jacareacanga,PA,Norte,Sem dados para comparação,
2024,2412302,Municipal,49.42,25.0,33.52,São José do Campestre,RN,Nordeste,Atingiu ou superou,24.42
2024,1718303,Municipal,38.49,25.02,33.54,Praia Norte,TO,Norte,Atingiu ou superou,13.470000000000002
2024,1713809,Municipal,49.53,25.06,33.59,Palmeiras do Tocantins,TO,Norte,Atingiu ou superou,24.470000000000002
2024,2910859,Municipal,36.76,25.25,33.77,Filadélfia,BA,Nordeste,Atingiu ou superou,11.509999999999998
2024,2516151,Municipal,66.62,25.43,33.95,Sossêgo,PB,Nordeste,Atingiu ou superou,41.190000000000005
2024,2926103,Municipal,23.58,25.46,33.98,Retirolândia,BA,Nordeste,Abaixo da meta,-1.8800000000000026
2024,1505205,Municipal,31.03,25.53,34.05,Oeiras do Pará,PA,Norte,Atingiu ou superou,5.5
2024,2919603,Municipal,30.14,25.55,34.07,Macajuba,BA,Nordeste,Atingiu ou superou,4.59
2024,2906824,Municipal,30.13,25.86,34.38,Canudos,BA,Nordeste,Atingiu ou superou,4.27
2024,2931103,Municipal,30.67,25.95,34.46,Tanquinho,BA,Nordeste,Atingiu ou superou,4.720000000000002
2024,2804706,Municipal,58.77,26.18,34.69,Nossa Senhora de Lourdes,SE,Nordeste,Atingiu ou superou,32.59
2024,2802304,Municipal,37.21,26.27,34.77,Frei Paulo,SE,Nordeste,Atingiu ou superou,10.940000000000001
2024,1712801,Municipal,20.67,26.36,34.87,Maurilândia do Tocantins,TO,Norte,Abaixo da meta,-5.689999999999998
2024,2400802,Municipal,51.81,26.39,34.89,Angicos,RN,Nordeste,Atingiu ou superou,25.42
2024,2803104,Municipal,33.65,26.4,34.9,Itabi,SE,Nordeste,Atingiu ou superou,7.25
2024,2415008,Municipal,39.06,26.43,34.93,Vila Flor,RN,Nordeste,Atingiu ou superou,12.630000000000003
2024,2802403,Municipal,36.4,26.47,34.97,Gararu,SE,Nordeste,Atingiu ou superou,9.93
2024,2409704,Municipal,21.89,26.54,35.03,Pedro Avelino,RN,Nordeste,Abaixo da meta,-4.649999999999999
2024,2204352,Municipal,53.59,26.56,35.05,Geminiano,PI,Nordeste,Atingiu ou superou,27.030000000000005
2024,1200138,Municipal,26.69,,35.2,Bujari,AC,Norte,Sem dados para comparação,
2024,2805703,Municipal,29.59,26.71,35.2,Propriá,SE,Nordeste,Atingiu ou superou,2.879999999999999
2024,2911105,Municipal,28.21,26.73,35.22,Formosa do Rio Preto,BA,Nordeste,Atingiu ou superou,1.4800000000000004
2024,2900306,Municipal,59.14,26.77,35.26,Acajutiba,BA,Nordeste,Atingiu ou superou,32.370000000000005
2024,2412807,Municipal,25.47,26.88,35.36,São Rafael,RN,Nordeste,Abaixo da meta,-1.4100000000000001
2024,2202059,Municipal,52.34,26.93,35.42,Cabeceiras do Piauí,PI,Nordeste,Atingiu ou superou,25.410000000000004
2024,2804805,Municipal,29.8,26.93,35.42,Nossa Senhora do Socorro,SE,Nordeste,Atingiu ou superou,2.870000000000001
2024,2910602,Municipal,23.96,26.95,35.44,Esplanada,BA,Nordeste,Abaixo da meta,-2.9899999999999984
2024,2930105,Municipal,24.02,27.01,35.5,Senhor do Bonfim,BA,Nordeste,Abaixo da meta,-2.990000000000002
2024,2802601,Municipal,16.67,27.09,35.57,Gracho Cardoso,SE,Nordeste,Abaixo da meta,-10.419999999999998
2024,2404002,Municipal,47.06,27.09,35.57,Frutuoso Gomes,RN,Nordeste,Atingiu ou superou,19.970000000000002
2024,2802502,Municipal,21.91,27.09,35.57,General Maynard,SE,Nordeste,Abaixo da meta,-5.18
2024,2912608,Municipal,15.62,27.17,35.65,Ibiquera,BA,Nordeste,Abaixo da meta,-11.550000000000002
2024,2412906,Municipal,37.72,27.18,35.66,São Tomé,RN,Nordeste,Atingiu ou superou,10.54
2024,3135209,Municipal,47.12,27.24,35.71,Januária,MG,Sudeste,Atingiu ou superou,19.88
2024,2915403,Municipal,15.25,27.27,35.74,Itaju do Colônia,BA,Nordeste,Abaixo da meta,-12.02
2024,2902104,Municipal,24.47,27.37,35.84,Araci,BA,Nordeste,Abaixo da meta,-2.900000000000002
2024,2202653,Municipal,46.21,27.47,35.94,Caxingó,PI,Nordeste,Atingiu ou superou,18.740000000000002
2024,2706109,Municipal,52.43,27.52,35.99,Ouro Branco,AL,Nordeste,Atingiu ou superou,24.91
2024,2408607,Municipal,27.59,,36.07,Paraná,RN,Nordeste,Sem dados para comparação,
2024,1703008,Municipal,19.17,27.6,36.07,Babaçulândia,TO,Norte,Abaixo da meta,-8.43
2024,2403400,Municipal,59.19,27.64,36.1,Equador,RN,Nordeste,Atingiu ou superou,31.549999999999997
2024,2924108,Municipal,13.33,27.85,36.3,Pedrão,BA,Nordeste,Abaixo da meta,-14.520000000000001
2024,1718451,Municipal,40.91,27.85,36.3,Pugmil,TO,Norte,Atingiu ou superou,13.059999999999995
2024,1711951,Municipal,15.09,27.88,36.33,Lagoa do Tocantins,TO,Norte,Abaixo da meta,-12.79
2024,2508406,Municipal,82.76,27.9,36.35,Lastro,PB,Nordeste,Atingiu ou superou,54.86000000000001
2024,2414308,Municipal,40.0,27.96,36.41,Timbaúba dos Batistas,RN,Nordeste,Atingiu ou superou,12.04
2024,1718907,Municipal,36.92,27.99,36.44,Santa Rosa do Tocantins,TO,Norte,Atingiu ou superou,8.930000000000003
2024,2915353,Municipal,32.8,28.02,36.47,Itaguaçu da Bahia,BA,Nordeste,Atingiu ou superou,4.779999999999998
2024,1302801,Municipal,48.41,28.09,36.53,Maraã,AM,Norte,Atingiu ou superou,20.319999999999997
2024,2900405,Municipal,30.43,28.14,36.58,Água Fria,BA,Nordeste,Atingiu ou superou,2.289999999999999
2024,2927507,Municipal,31.58,28.15,36.59,Santa Bárbara,BA,Nordeste,Atingiu ou superou,3.4299999999999997
2024,2923704,Municipal,24.46,28.27,36.71,Paratinga,BA,Nordeste,Abaixo da meta,-3.8099999999999987
2024,2920809,Municipal,18.57,28.29,36.73,Marcionílio Souza,BA,Nordeste,Abaixo da meta,-9.719999999999999
2024,2804409,Municipal,25.49,28.33,36.76,Neópolis,SE,Nordeste,Abaixo da meta,-2.84
2024,2925600,Municipal,20.0,28.43,36.86,Presidente Dutra,BA,Nordeste,Abaixo da meta,-8.43
2024,2905503,Municipal,28.19,28.45,36.88,Caldeirão Grande,BA,Nordeste,Abaixo da meta,-0.259999999999998
2024,1718550,Municipal,54.32,28.46,36.89,Riachinho,TO,Norte,Atingiu ou superou,25.86
2024,2932457,Municipal,22.95,28.46,36.89,Umburanas,BA,Nordeste,Abaixo da meta,-5.510000000000002
2024,2411205,Municipal,32.73,28.5,36.93,Santa Cruz,RN,Nordeste,Atingiu ou superou,4.229999999999997
2024,2804003,Municipal,31.19,28.54,36.97,Maruim,SE,Nordeste,Atingiu ou superou,2.650000000000002
2024,2800209,Municipal,20.53,28.59,37.01,Aquidabã,SE,Nordeste,Abaixo da meta,-8.059999999999999
2024,2905305,Municipal,30.37,28.79,37.2,Cafarnaum,BA,Nordeste,Atingiu ou superou,1.5800000000000018
2024,2205557,Municipal,58.86,28.81,37.22,Lagoa Alegre,PI,Nordeste,Atingiu ou superou,30.05
2024,2411403,Municipal,51.92,28.87,37.27,Santana do Matos,RN,Nordeste,Atingiu ou superou,23.05
2024,2902203,Municipal,17.95,28.9,37.3,Aramari,BA,Nordeste,Abaixo da meta,-10.95
2024,2501401,Municipal,44.76,28.9,37.3,Baía da Traição,PB,Nordeste,Atingiu ou superou,15.86
2024,2206753,Municipal,95.24,28.91,37.31,Nossa Senhora de Nazaré,PI,Nordeste,Atingiu ou superou,66.33
2024,2923050,Municipal,39.06,28.92,37.32,Novo Triunfo,BA,Nordeste,Atingiu ou superou,10.14
2024,1503408,Municipal,45.41,29.0,37.4,Inhangapi,PA,Norte,Atingiu ou superou,16.409999999999997
2024,1717503,Municipal,43.07,29.05,37.45,Pium,TO,Norte,Atingiu ou superou,14.02
2024,1722107,Municipal,42.82,29.18,37.57,Xambioá,TO,Norte,Atingiu ou superou,13.64
2024,2800605,Municipal,28.04,29.32,37.7,Barra dos Coqueiros,SE,Nordeste,Abaixo da meta,-1.2800000000000011
2024,2922904,Municipal,31.41,29.32,37.7,Nova Soure,BA,Nordeste,Atingiu ou superou,2.09
2024,2206001,Municipal,80.95,29.37,37.75,Marcos Parente,PI,Nordeste,Atingiu ou superou,51.58
2024,2915809,Municipal,26.98,29.39,37.77,Itambé,BA,Nordeste,Abaixo da meta,-2.41
2024,5101209,Municipal,100.0,29.4,37.78,Araguainha,MT,Centro-Oeste,Atingiu ou superou,70.6
2024,2903607,Municipal,29.82,29.4,37.78,Biritinga,BA,Nordeste,Atingiu ou superou,0.4200000000000017
2024,2801603,Municipal,45.3,29.4,37.78,Cedro de São João,SE,Nordeste,Atingiu ou superou,15.899999999999999
2024,2919108,Municipal,19.57,29.42,37.8,Lamarão,BA,Nordeste,Abaixo da meta,-9.850000000000001
2024,2200509,Municipal,32.94,29.44,37.82,Amarante,PI,Nordeste,Atingiu ou superou,3.4999999999999964
2024,2110658,Municipal,36.83,29.51,37.88,São Domingos do Azeitão,MA,Nordeste,Atingiu ou superou,7.319999999999997
2024,2920908,Municipal,26.73,29.51,37.88,Mascote,BA,Nordeste,Abaixo da meta,-2.780000000000001
2024,1715259,Municipal,61.24,29.51,37.88,Novo Jardim,TO,Norte,Atingiu ou superou,31.73
2024,2922052,Municipal,28.83,29.66,38.02,Mulungu do Morro,BA,Nordeste,Abaixo da meta,-0.8300000000000018
2024,2404200,Municipal,35.33,29.73,38.09,Goianinha,RN,Nordeste,Atingiu ou superou,5.599999999999998
2024,2405801,Municipal,35.88,29.74,38.1,João Câmara,RN,Nordeste,Atingiu ou superou,6.140000000000004
2024,5005152,Municipal,47.67,29.82,38.18,Juti,MS,Centro-Oeste,Atingiu ou superou,17.85
2024,2923357,Municipal,34.04,29.85,38.2,Ourolândia,BA,Nordeste,Atingiu ou superou,4.189999999999998
2024,2801207,Municipal,26.66,29.89,38.24,Canindé de São Francisco,SE,Nordeste,Abaixo da meta,-3.2300000000000004
2024,2911808,Municipal,22.64,29.89,38.24,Guaratinga,BA,Nordeste,Abaixo da meta,-7.25
2024,2800670,Municipal,33.02,29.96,38.3,Boquim,SE,Nordeste,Atingiu ou superou,3.0600000000000023
2024,2406601,Municipal,64.22,30.02,38.36,Lagoa Salgada,RN,Nordeste,Atingiu ou superou,34.2
2024,2911907,Municipal,28.52,30.13,38.47,Iaçu,BA,Nordeste,Abaixo da meta,-1.6099999999999994
2024,2100550,Municipal,43.0,30.17,38.5,Amapá do Maranhão,MA,Nordeste,Atingiu ou superou,12.829999999999998
2024,2703601,Municipal,27.69,30.27,38.6,Japaratinga,AL,Nordeste,Abaixo da meta,-2.5799999999999983
2024,2925253,Municipal,36.99,30.38,38.69,Ponto Novo,BA,Nordeste,Atingiu ou superou,6.610000000000003
2024,2929370,Municipal,28.41,30.39,38.7,São José do Jacuípe,BA,Nordeste,Abaixo da meta,-1.9800000000000004
2024,2918506,Municipal,43.44,30.4,38.71,Jussara,BA,Nordeste,Atingiu ou superou,13.04
2024,2512036,Municipal,81.67,30.45,38.76,Poço Dantas,PB,Nordeste,Atingiu ou superou,51.22
2024,2931707,Municipal,28.42,30.46,38.77,Terra Nova,BA,Nordeste,Abaixo da meta,-2.039999999999999
2024,2927101,Municipal,26.35,30.48,38.79,Rodelas,BA,Nordeste,Abaixo da meta,-4.129999999999999
2024,2507200,Municipal,36.64,30.53,38.84,Itatuba,PB,Nordeste,Atingiu ou superou,6.109999999999999
2024,2412559,Municipal,30.54,,38.85,São Miguel do Gostoso,RN,Nordeste,Sem dados para comparação,
2024,1704105,Municipal,66.67,30.54,38.85,Centenário,TO,Norte,Atingiu ou superou,36.13
2024,2922300,Municipal,51.72,30.55,38.86,Muritiba,BA,Nordeste,Atingiu ou superou,21.169999999999998
2024,2405207,Municipal,37.93,30.69,38.99,Janduís,RN,Nordeste,Atingiu ou superou,7.239999999999998
2024,2805604,Municipal,16.87,30.74,39.04,Porto da Folha,SE,Nordeste,Abaixo da meta,-13.869999999999997
2024,1507300,Municipal,30.95,,39.2,São Félix do Xingu,PA,Norte,Sem dados para comparação,
2024,2206654,Municipal,19.39,30.91,39.2,Morro Cabeça no Tempo,PI,Nordeste,Abaixo da meta,-11.52
2024,3137007,Municipal,54.47,31.02,39.29,Ladainha,MG,Sudeste,Atingiu ou superou,23.45
2024,2402907,Municipal,47.83,31.08,39.35,Coronel João Pessoa,RN,Nordeste,Atingiu ou superou,16.75
2024,2413201,Municipal,27.46,31.11,39.38,Senador Georgino Avelino,RN,Nordeste,Abaixo da meta,-3.6499999999999986
2024,2924405,Municipal,22.51,31.12,39.38,Pilão Arcado,BA,Nordeste,Abaixo da meta,-8.61
2024,3551405,Municipal,44.65,31.16,39.42,Serra Azul,SP,Sudeste,Atingiu ou superou,13.489999999999998
2024,2908804,Municipal,40.62,31.22,39.48,Contendas do Sincorá,BA,Nordeste,Atingiu ou superou,9.399999999999999
2024,3139300,Municipal,41.04,31.24,39.5,Manga,MG,Sudeste,Atingiu ou superou,9.8
2024,2402105,Municipal,39.72,31.26,39.52,Campo Redondo,RN,Nordeste,Atingiu ou superou,8.459999999999997
2024,2210383,Municipal,80.0,31.36,39.61,São Miguel da Baixa Grande,PI,Nordeste,Atingiu ou superou,48.64
2024,2918308,Municipal,40.82,31.37,39.62,Jitaúna,BA,Nordeste,Atingiu ou superou,9.45
2024,1712504,Municipal,36.72,31.37,39.62,Marianópolis do Tocantins,TO,Norte,Atingiu ou superou,5.349999999999998
2024,2408409,Municipal,30.77,31.39,39.64,Olho-d'Água do Borges,RN,Nordeste,Abaixo da meta,-0.620000000000001
2024,2904704,Municipal,29.37,31.49,39.73,Buerarema,BA,Nordeste,Abaixo da meta,-2.1199999999999974
2024,2903235,Municipal,29.75,31.51,39.75,Barro Alto,BA,Nordeste,Abaixo da meta,-1.7600000000000016
2024,2803203,Municipal,39.49,31.53,39.77,Itaporanga d'Ajuda,SE,Nordeste,Atingiu ou superou,7.960000000000001
2024,2111078,Municipal,53.45,31.6,39.83,São João do Soter,MA,Nordeste,Atingiu ou superou,21.85
2024,2206100,Municipal,52.06,31.65,39.88,Matias Olímpio,PI,Nordeste,Atingiu ou superou,20.410000000000004
2024,1718881,Municipal,39.73,31.78,40.0,Santa Maria do Tocantins,TO,Norte,Atingiu ou superou,7.949999999999996
2024,2409100,Municipal,41.07,31.79,40.01,Passa e Fica,RN,Nordeste,Atingiu ou superou,9.280000000000001
2024,1701309,Municipal,52.57,31.83,40.05,Aragominas,TO,Norte,Atingiu ou superou,20.740000000000002
2024,2414407,Municipal,38.35,31.91,40.12,Touros,RN,Nordeste,Atingiu ou superou,6.440000000000001
2024,2801702,Municipal,34.73,31.96,40.17,Cristinápolis,SE,Nordeste,Atingiu ou superou,2.769999999999996
2024,2707107,Municipal,25.08,31.96,40.17,Piranhas,AL,Nordeste,Abaixo da meta,-6.880000000000003
2024,2401206,Municipal,31.22,31.97,40.17,Arês,RN,Nordeste,Abaixo da meta,-0.75
2024,2804201,Municipal,35.07,31.99,40.19,Monte Alegre de Sergipe,SE,Nordeste,Atingiu ou superou,3.080000000000002
2024,2924009,Municipal,30.51,32.01,40.21,Paulo Afonso,BA,Nordeste,Abaixo da meta,-1.4999999999999964
2024,2108702,Municipal,63.6,32.07,40.27,Pio XII,MA,Nordeste,Atingiu ou superou,31.53
2024,2801504,Municipal,16.16,32.07,40.27,Carmópolis,SE,Nordeste,Abaixo da meta,-15.91
2024,2904902,Municipal,33.06,32.07,40.27,Cachoeira,BA,Nordeste,Atingiu ou superou,0.990000000000002
2024,2905156,Municipal,46.43,32.08,40.28,Caetanos,BA,Nordeste,Atingiu ou superou,14.350000000000001
2024,1721307,Municipal,53.85,32.22,40.4,Tupiratins,TO,Norte,Atingiu ou superou,21.630000000000003
2024,2410702,Municipal,37.5,32.22,40.4,Riacho da Cruz,RN,Nordeste,Atingiu ou superou,5.280000000000001
2024,2806503,Municipal,26.74,32.22,40.4,Santa Rosa de Lima,SE,Nordeste,Abaixo da meta,-5.48
2024,1712454,Municipal,48.91,32.22,40.4,Luzinópolis,TO,Norte,Atingiu ou superou,16.689999999999998
2024,2508109,Municipal,59.38,32.22,40.4,Lagoa,PB,Nordeste,Atingiu ou superou,27.160000000000004
2024,2501153,Municipal,36.36,32.22,40.4,Areia de Baraúnas,PB,Nordeste,Atingiu ou superou,4.140000000000001
2024,2505600,Municipal,72.15,32.22,40.4,Diamante,PB,Nordeste,Atingiu ou superou,39.93000000000001
2024,1502806,Municipal,24.03,32.28,40.46,Curralinho,PA,Norte,Abaixo da meta,-8.25
2024,2928000,Municipal,29.15,32.3,40.48,Santaluz,BA,Nordeste,Abaixo da meta,-3.1499999999999986
2024,2919157,Municipal,25.25,32.3,40.48,Lapão,BA,Nordeste,Abaixo da meta,-7.049999999999997
2024,2207900,Municipal,41.98,32.31,40.49,Pedro II,PI,Nordeste,Atingiu ou superou,9.669999999999995
2024,2926004,Municipal,35.26,32.32,40.5,Remanso,BA,Nordeste,Atingiu ou superou,2.9399999999999977
2024,1703883,Municipal,27.47,32.34,40.51,Carmolândia,TO,Norte,Abaixo da meta,-4.8700000000000045
2024,2205102,Municipal,85.9,32.37,40.54,Itaueira,PI,Nordeste,Atingiu ou superou,53.53000000000001
2024,2402600,Municipal,32.38,,40.56,Ceará-Mirim,RN,Nordeste,Sem dados para comparação,
2024,5005202,Municipal,33.36,32.39,40.56,Ladário,MS,Centro-Oeste,Atingiu ou superou,0.9699999999999989
2024,2930501,Municipal,19.92,32.42,40.59,Serrinha,BA,Nordeste,Abaixo da meta,-12.5
2024,1700301,Municipal,40.89,32.42,40.59,Aguiarnópolis,TO,Norte,Atingiu ou superou,8.469999999999999
2024,2400901,Municipal,37.67,32.45,40.62,Antônio Martins,RN,Nordeste,Atingiu ou superou,5.219999999999999
2024,2402303,Municipal,39.56,32.45,40.62,Caraúbas,RN,Nordeste,Atingiu ou superou,7.109999999999999
2024,2920205,Municipal,33.68,32.45,40.62,Malhada,BA,Nordeste,Atingiu ou superou,1.2299999999999969
2024,2928950,Municipal,52.94,32.49,40.65,São Domingos,BA,Nordeste,Atingiu ou superou,20.449999999999996
2024,2910503,Municipal,32.55,,40.71,Entre Rios,BA,Nordeste,Sem dados para comparação,
2024,2506905,Municipal,54.38,32.55,40.71,Itabaiana,PB,Nordeste,Atingiu ou superou,21.830000000000005
2024,2807600,Municipal,39.34,32.62,40.77,Umbaúba,SE,Nordeste,Atingiu ou superou,6.720000000000006
2024,1714880,Municipal,40.7,32.67,40.82,Nova Olinda,TO,Norte,Atingiu ou superou,8.030000000000001
2024,2930808,Municipal,31.82,32.71,40.85,Souto Soares,BA,Nordeste,Abaixo da meta,-0.8900000000000006
2024,2502201,Municipal,68.42,32.78,40.92,Bom Jesus,PB,Nordeste,Atingiu ou superou,35.64
2024,2927606,Municipal,28.39,32.87,41.0,Santa Brígida,BA,Nordeste,Abaixo da meta,-4.479999999999997
2024,1502400,Municipal,32.97,,41.06,Castanhal,PA,Norte,Sem dados para comparação,
2024,1507003,Municipal,31.66,32.94,41.06,Santo Antônio do Tauá,PA,Norte,Abaixo da meta,-1.2799999999999976
2024,2805307,Municipal,37.68,33.03,41.14,Pirambu,SE,Nordeste,Atingiu ou superou,4.649999999999999
2024,2413409,Municipal,31.59,33.05,41.16,Serra Negra do Norte,RN,Nordeste,Abaixo da meta,-1.4599999999999973
2024,2917805,Municipal,46.85,33.07,41.18,Jaguaripe,BA,Nordeste,Atingiu ou superou,13.780000000000001
2024,2806305,Municipal,22.15,33.12,41.22,Santa Luzia do Itanhy,SE,Nordeste,Abaixo da meta,-10.969999999999999
2024,5001508,Municipal,52.42,33.17,41.27,Bandeirantes,MS,Centro-Oeste,Atingiu ou superou,19.25
2024,2905800,Municipal,28.39,33.17,41.28,Camamu,BA,Nordeste,Abaixo da meta,-4.780000000000001
2024,2211357,Municipal,31.25,33.18,41.29,Várzea Branca,PI,Nordeste,Abaixo da meta,-1.9299999999999997
2024,2210623,Municipal,50.0,33.21,41.31,Sebastião Barros,PI,Nordeste,Atingiu ou superou,16.79
2024,2401404,Municipal,35.36,33.22,41.32,Baía Formosa,RN,Nordeste,Atingiu ou superou,2.1400000000000006
2024,1711902,Municipal,35.66,33.23,41.33,Lagoa da Confusão,TO,Norte,Atingiu ou superou,2.4299999999999997
2024,2803401,Municipal,39.3,33.27,41.37,Japoatã,SE,Nordeste,Atingiu ou superou,6.029999999999994
2024,4300307,Municipal,33.3,,41.39,Alecrim,RS,Sul,Sem dados para comparação,
2024,1717206,Municipal,54.55,33.29,41.39,Piraquê,TO,Norte,Atingiu ou superou,21.259999999999998
2024,1600501,Municipal,21.03,33.3,41.39,Oiapoque,AP,Norte,Abaixo da meta,-12.269999999999996
2024,2913101,Municipal,28.0,33.31,41.4,Ibititá,BA,Nordeste,Abaixo da meta,-5.310000000000002
2024,2406155,Municipal,33.33,,41.43,Jundiá,RN,Nordeste,Sem dados para comparação,
2024,1703305,Municipal,28.56,33.34,41.43,Bom Jesus do Tocantins,TO,Norte,Abaixo da meta,-4.780000000000005
2024,1300680,Municipal,31.41,33.37,41.46,Boa Vista do Ramos,AM,Norte,Abaixo da meta,-1.9599999999999973
2024,2906873,Municipal,29.34,33.41,41.49,Capim Grosso,BA,Nordeste,Abaixo da meta,-4.069999999999997
2024,2407005,Municipal,26.6,33.44,41.52,Luís Gomes,RN,Nordeste,Abaixo da meta,-6.839999999999996
2024,2205300,Municipal,75.31,33.53,41.6,Jerumenha,PI,Nordeste,Atingiu ou superou,41.78
2024,3120300,Municipal,54.17,33.57,41.64,Cristália,MG,Sudeste,Atingiu ou superou,20.6
2024,2930204,Municipal,24.24,33.62,41.68,Sento Sé,BA,Nordeste,Abaixo da meta,-9.379999999999999
2024,2930774,Municipal,34.44,33.65,41.71,Sobradinho,BA,Nordeste,Atingiu ou superou,0.7899999999999991
2024,4304101,Municipal,33.9,33.67,41.73,Campos Borges,RS,Sul,Atingiu ou superou,0.22999999999999687
2024,1200385,Municipal,33.78,,41.81,Plácido de Castro,AC,Norte,Sem dados para comparação,
2024,1720309,Municipal,58.96,33.77,41.81,São Sebastião do Tocantins,TO,Norte,Atingiu ou superou,25.189999999999998
2024,2922102,Municipal,33.33,33.82,41.86,Mundo Novo,BA,Nordeste,Abaixo da meta,-0.490000000000002
2024,5005608,Municipal,38.78,33.82,41.86,Miranda,MS,Centro-Oeste,Atingiu ou superou,4.960000000000001
2024,2802908,Municipal,41.79,33.84,41.88,Itabaiana,SE,Nordeste,Atingiu ou superou,7.949999999999996
2024,2928505,Municipal,27.63,33.84,41.88,Santa Teresinha,BA,Nordeste,Abaixo da meta,-6.210000000000004
2024,2907004,Municipal,33.04,33.87,41.91,Cardeal da Silva,BA,Nordeste,Abaixo da meta,-0.8299999999999983
2024,5007802,Municipal,59.83,33.87,41.91,Selvíria,MS,Centro-Oeste,Atingiu ou superou,25.96
2024,1303601,Municipal,36.02,33.91,41.95,Santa Isabel do Rio Negro,AM,Norte,Atingiu ou superou,2.1100000000000065
2024,2701308,Municipal,33.4,33.95,41.98,Cajueiro,AL,Nordeste,Abaixo da meta,-0.5500000000000043
2024,2405702,Municipal,56.51,33.95,41.98,Jardim do Seridó,RN,Nordeste,Atingiu ou superou,22.559999999999995
2024,1500701,Municipal,33.83,34.01,42.04,Anajás,PA,Norte,Abaixo da meta,-0.17999999999999972
2024,2211100,Municipal,35.21,34.02,42.05,União,PI,Nordeste,Atingiu ou superou,1.1899999999999977
2024,2902708,Municipal,28.48,34.04,42.06,Barra,BA,Nordeste,Abaixo da meta,-5.559999999999999
2024,2407302,Municipal,22.73,34.1,42.12,Marcelino Vieira,RN,Nordeste,Abaixo da meta,-11.370000000000001
2024,2413300,Municipal,42.09,34.12,42.13,Serra de São Bento,RN,Nordeste,Atingiu ou superou,7.970000000000006
2024,2209872,Municipal,43.37,34.14,42.15,São João da Fronteira,PI,Nordeste,Atingiu ou superou,9.229999999999997
2024,2802700,Municipal,16.26,34.17,42.18,Ilha das Flores,SE,Nordeste,Abaixo da meta,-17.91
2024,1720200,Municipal,36.9,34.18,42.19,São Miguel do Tocantins,TO,Norte,Atingiu ou superou,2.719999999999999
2024,3146701,Municipal,75.61,34.19,42.2,Palma,MG,Sudeste,Atingiu ou superou,41.42
2024,2918100,Municipal,29.53,34.24,42.24,Jeremoabo,BA,Nordeste,Abaixo da meta,-4.710000000000001
2024,1300607,Municipal,34.3,,42.28,Benjamin Constant,AM,Norte,Sem dados para comparação,
2024,2210938,Municipal,55.84,34.28,42.28,Sussuapara,PI,Nordeste,Atingiu ou superou,21.560000000000002
2024,2800506,Municipal,44.81,34.29,42.28,Areia Branca,SE,Nordeste,Atingiu ou superou,10.520000000000003
2024,4304630,Municipal,34.4,,42.44,Capão da Canoa,RS,Sul,Sem dados para comparação,
2024,1709807,Municipal,21.43,34.46,42.44,Ipueiras,TO,Norte,Abaixo da meta,-13.030000000000001
2024,2407203,Municipal,32.32,34.46,42.44,Macau,RN,Nordeste,Abaixo da meta,-2.1400000000000006
2024,2800704,Municipal,34.6,34.46,42.44,Brejo Grande,SE,Nordeste,Atingiu ou superou,0.14000000000000057
2024,2925808,Municipal,30.32,34.54,42.51,Queimadas,BA,Nordeste,Abaixo da meta,-4.219999999999999
2024,5000708,Municipal,40.97,34.56,42.53,Anastácio,MS,Centro-Oeste,Atingiu ou superou,6.409999999999997
2024,2705606,Municipal,39.85,34.56,42.53,Novo Lino,AL,Nordeste,Atingiu ou superou,5.289999999999999
2024,2402501,Municipal,42.31,34.58,42.55,Carnaubais,RN,Nordeste,Atingiu ou superou,7.730000000000004
2024,1501204,Municipal,38.16,34.71,42.66,Baião,PA,Norte,Atingiu ou superou,3.4499999999999957
2024,1703826,Municipal,64.0,34.72,42.68,Cachoeirinha,TO,Norte,Atingiu ou superou,29.28
2024,2406106,Municipal,43.69,34.74,42.7,Jucurutu,RN,Nordeste,Atingiu ou superou,8.949999999999996
2024,1712702,Municipal,9.09,34.77,42.72,Mateiros,TO,Norte,Abaixo da meta,-25.680000000000003
2024,1705607,Municipal,35.8,34.78,42.73,Conceição do Tocantins,TO,Norte,Atingiu ou superou,1.019999999999996
2024,2209203,Municipal,62.47,34.92,42.85,Santa Filomena,PI,Nordeste,Atingiu ou superou,27.549999999999997
2024,2911501,Municipal,50.0,34.92,42.85,Gongogi,BA,Nordeste,Atingiu ou superou,15.079999999999998
2024,1500347,Municipal,51.4,34.94,42.87,Água Azul do Norte,PA,Norte,Atingiu ou superou,16.46
2024,2211209,Municipal,31.55,34.96,42.89,Uruçuí,PI,Nordeste,Abaixo da meta,-3.41
2024,1200179,Municipal,34.97,,42.9,Capixaba,AC,Norte,Sem dados para comparação,
2024,2917003,Municipal,21.05,34.97,42.9,Itiúba,BA,Nordeste,Abaixo da meta,-13.919999999999998
2024,1718758,Municipal,26.8,35.01,42.93,Rio Sono,TO,Norte,Abaixo da meta,-8.209999999999997
2024,2204907,Municipal,34.44,35.03,42.95,Isaías Coelho,PI,Nordeste,Abaixo da meta,-0.5900000000000034
2024,2912202,Municipal,32.53,35.04,42.96,Ibicoara,BA,Nordeste,Abaixo da meta,-2.509999999999998
2024,2925402,Municipal,27.54,35.06,42.98,Potiraguá,BA,Nordeste,Abaixo da meta,-7.520000000000003
2024,2407500,Municipal,35.11,,42.99,Maxaranguape,RN,Nordeste,Sem dados para comparação,
2024,2907905,Municipal,31.09,35.07,42.99,Cipó,BA,Nordeste,Abaixo da meta,-3.9800000000000004
2024,2501575,Municipal,49.18,35.21,43.12,Barra de Santana,PB,Nordeste,Atingiu ou superou,13.969999999999999
2024,2931509,Municipal,29.57,35.23,43.13,Teofilândia,BA,Nordeste,Abaixo da meta,-5.659999999999997
2024,2916500,Municipal,51.23,35.25,43.15,Itapicuru,BA,Nordeste,Atingiu ou superou,15.979999999999997
2024,2517209,Municipal,64.36,35.36,43.25,Vieirópolis,PB,Nordeste,Atingiu ou superou,29.0
2024,1714203,Municipal,43.89,35.38,43.26,Natividade,TO,Norte,Atingiu ou superou,8.509999999999998
2024,2900207,Municipal,18.24,35.44,43.32,Abaré,BA,Nordeste,Abaixo da meta,-17.2
2024,1300805,Municipal,22.82,35.51,43.38,Borba,AM,Norte,Abaixo da meta,-12.689999999999998
2024,2907103,Municipal,31.96,35.7,43.56,Carinhanha,BA,Nordeste,Abaixo da meta,-3.740000000000002
2024,3503356,Municipal,77.27,35.72,43.57,Arco-Íris,SP,Sudeste,Atingiu ou superou,41.55
2024,5215801,Municipal,64.71,35.72,43.57,Palmelo,GO,Centro-Oeste,Atingiu ou superou,28.989999999999995
2024,4311759,Municipal,50.0,35.72,43.57,Manoel Viana,RS,Sul,Atingiu ou superou,14.280000000000001
2024,2502102,Municipal,47.71,35.73,43.58,Boa Ventura,PB,Nordeste,Atingiu ou superou,11.980000000000004
2024,2908408,Municipal,30.94,35.73,43.58,Conceição do Coité,BA,Nordeste,Abaixo da meta,-4.789999999999996
2024,3149150,Municipal,46.09,35.81,43.65,Pedras de Maria da Cruz,MG,Sudeste,Atingiu ou superou,10.280000000000001
2024,2909208,Municipal,36.04,35.85,43.69,Coronel João Sá,BA,Nordeste,Atingiu ou superou,0.18999999999999773
2024,1600808,Municipal,35.39,35.85,43.69,Vitória do Jari,AP,Norte,Abaixo da meta,-0.46000000000000085
2024,2926509,Municipal,33.95,35.87,43.7,Ribeira do Amparo,BA,Nordeste,Abaixo da meta,-1.9199999999999946
2024,2413706,Municipal,48.74,35.88,43.71,Sítio Novo,RN,Nordeste,Atingiu ou superou,12.86
2024,1504406,Municipal,45.42,35.89,43.72,Marapanim,PA,Norte,Atingiu ou superou,9.530000000000001
2024,2929404,Municipal,36.76,35.91,43.74,São Miguel das Matas,BA,Nordeste,Atingiu ou superou,0.8500000000000014
2024,5003504,Municipal,68.7,35.93,43.76,Douradina,MS,Centro-Oeste,Atingiu ou superou,32.77
2024,3115904,Municipal,44.9,35.95,43.78,Chácara,MG,Sudeste,Atingiu ou superou,8.949999999999996
2024,2206670,Municipal,40.04,35.98,43.81,Morro do Chapéu do Piauí,PI,Nordeste,Atingiu ou superou,4.060000000000002
2024,2507606,Municipal,35.79,36.0,43.82,Juarez Távora,PB,Nordeste,Abaixo da meta,-0.21000000000000085
2024,2806404,Municipal,22.21,36.03,43.85,Santana do São Francisco,SE,Nordeste,Abaixo da meta,-13.82
2024,4204178,Municipal,49.84,36.07,43.88,Cerro Negro,SC,Sul,Atingiu ou superou,13.770000000000003
2024,2502607,Municipal,79.06,36.1,43.91,Igaracy,PB,Nordeste,Atingiu ou superou,42.96
2024,2931905,Municipal,35.55,36.12,43.93,Tucano,BA,Nordeste,Abaixo da meta,-0.5700000000000003
2024,2906303,Municipal,28.68,36.12,43.93,Canavieiras,BA,Nordeste,Abaixo da meta,-7.439999999999998
2024,2930303,Municipal,33.09,36.13,43.93,Serra Dourada,BA,Nordeste,Abaixo da meta,-3.039999999999999
2024,1706258,Municipal,82.61,36.17,43.97,Crixás do Tocantins,TO,Norte,Atingiu ou superou,46.44
2024,5107578,Municipal,71.43,36.18,43.98,Rondolândia,MT,Centro-Oeste,Atingiu ou superou,35.25000000000001
2024,2707008,Municipal,48.15,36.18,43.99,Pindoba,AL,Nordeste,Atingiu ou superou,11.969999999999999
2024,2406700,Municipal,36.01,36.25,44.05,Lajes,RN,Nordeste,Abaixo da meta,-0.240000000000002
2024,2924207,Municipal,20.45,36.27,44.06,Pedro Alexandre,BA,Nordeste,Abaixo da meta,-15.820000000000004
2024,2407104,Municipal,30.13,36.28,44.07,Macaíba,RN,Nordeste,Abaixo da meta,-6.150000000000002
2024,1100346,Municipal,65.35,36.33,44.11,Alvorada D'Oeste,RO,Norte,Atingiu ou superou,29.019999999999996
2024,2911659,Municipal,36.78,36.33,44.11,Guajeru,BA,Nordeste,Atingiu ou superou,0.45000000000000284
2024,2906204,Municipal,33.73,36.34,44.12,Canarana,BA,Nordeste,Abaixo da meta,-2.6100000000000065
2024,4311130,Municipal,36.4,,44.16,Jari,RS,Sul,Sem dados para comparação,
2024,2505204,Municipal,24.78,36.38,44.16,Cuitegi,PB,Nordeste,Abaixo da meta,-11.600000000000001
2024,2900603,Municipal,26.32,36.39,44.16,Aiquara,BA,Nordeste,Abaixo da meta,-10.07
2024,1713700,Municipal,44.77,36.45,44.22,Monte Santo do Tocantins,TO,Norte,Atingiu ou superou,8.32
2024,3150307,Municipal,63.16,36.5,44.27,Piedade do Rio Grande,MG,Sudeste,Atingiu ou superou,26.659999999999997
2024,1600402,Municipal,44.22,36.5,44.27,Mazagão,AP,Norte,Atingiu ou superou,7.719999999999999
2024,2919553,Municipal,35.72,36.53,44.29,Luís Eduardo Magalhães,BA,Nordeste,Abaixo da meta,-0.8100000000000023
2024,2922706,Municipal,50.0,36.6,44.35,Nova Canaã,BA,Nordeste,Atingiu ou superou,13.399999999999999
2024,2913705,Municipal,30.13,36.61,44.36,Inhambupe,BA,Nordeste,Abaixo da meta,-6.48
2024,2111003,Municipal,58.4,36.65,44.4,São João Batista,MA,Nordeste,Atingiu ou superou,21.75
2024,2804508,Municipal,31.24,36.66,44.41,Nossa Senhora da Glória,SE,Nordeste,Abaixo da meta,-5.419999999999998
2024,2802205,Municipal,26.0,36.69,44.44,Feira Nova,SE,Nordeste,Abaixo da meta,-10.689999999999998
2024,2514008,Municipal,60.71,36.7,44.44,São João do Cariri,PB,Nordeste,Atingiu ou superou,24.009999999999998
2024,2806800,Municipal,29.79,36.7,44.44,São Domingos,SE,Nordeste,Abaixo da meta,-6.910000000000004
2024,2919207,Municipal,28.75,36.74,44.48,Lauro de Freitas,BA,Nordeste,Abaixo da meta,-7.990000000000002
2024,3150109,Municipal,75.58,36.74,44.48,Piau,MG,Sudeste,Atingiu ou superou,38.839999999999996
2024,1304203,Municipal,36.78,,44.5,Tefé,AM,Norte,Sem dados para comparação,
2024,2909901,Municipal,22.94,36.77,44.5,Curaçá,BA,Nordeste,Abaixo da meta,-13.830000000000002
2024,2906808,Municipal,23.19,36.8,44.53,Cansanção,BA,Nordeste,Abaixo da meta,-13.609999999999996
2024,2800308,Municipal,47.18,36.8,44.53,Aracaju,SE,Nordeste,Atingiu ou superou,10.380000000000003
2024,1300508,Municipal,24.4,36.81,44.54,Barreirinha,AM,Norte,Abaixo da meta,-12.410000000000004
2024,1703602,Municipal,68.9,36.84,44.56,Brasilândia do Tocantins,TO,Norte,Atingiu ou superou,32.06
2024,2703106,Municipal,24.34,36.85,44.57,Igaci,AL,Nordeste,Abaixo da meta,-12.510000000000002
2024,3113800,Municipal,62.5,36.86,44.58,Carmésia,MG,Sudeste,Atingiu ou superou,25.64
2024,1508209,Municipal,37.71,36.87,44.6,Vigia,PA,Norte,Atingiu ou superou,0.8400000000000034
2024,2932200,Municipal,31.13,36.89,44.61,Ubaitaba,BA,Nordeste,Abaixo da meta,-5.760000000000002
2024,2912400,Municipal,36.88,36.9,44.62,Ibipeba,BA,Nordeste,Abaixo da meta,-0.01999999999999602
2024,2920007,Municipal,32.56,36.93,44.65,Maiquinique,BA,Nordeste,Abaixo da meta,-4.369999999999997
2024,1507474,Municipal,40.76,36.94,44.66,São João de Pirabas,PA,Norte,Atingiu ou superou,3.8200000000000003
2024,2210409,Municipal,45.19,36.96,44.67,São Miguel do Tapuio,PI,Nordeste,Atingiu ou superou,8.229999999999997
2024,2104081,Municipal,77.76,36.99,44.7,Fernando Falcão,MA,Nordeste,Atingiu ou superou,40.77
2024,2928208,Municipal,38.7,37.01,44.72,Santana,BA,Nordeste,Atingiu ou superou,1.6900000000000048
2024,2410603,Municipal,67.22,37.03,44.73,Rafael Godeiro,RN,Nordeste,Atingiu ou superou,30.189999999999998
2024,2910305,Municipal,35.29,37.06,44.76,Elísio Medrado,BA,Nordeste,Abaixo da meta,-1.7700000000000031
2024,2914000,Municipal,34.46,37.07,44.77,Ipirá,BA,Nordeste,Abaixo da meta,-2.6099999999999994
2024,3515806,Municipal,27.27,37.09,44.79,Flora Rica,SP,Sudeste,Abaixo da meta,-9.820000000000004
2024,2932705,Municipal,26.42,37.1,44.8,Uruçuca,BA,Nordeste,Abaixo da meta,-10.68
2024,2929206,Municipal,25.66,37.11,44.81,São Francisco do Conde,BA,Nordeste,Abaixo da meta,-11.45
2024,2705309,Municipal,27.99,37.11,44.81,Minador do Negrão,AL,Nordeste,Abaixo da meta,-9.120000000000001
2024,1701101,Municipal,35.78,37.16,44.85,Aparecida do Rio Negro,TO,Norte,Abaixo da meta,-1.3799999999999955
2024,2707404,Municipal,27.47,37.21,44.89,Porto de Pedras,AL,Nordeste,Abaixo da meta,-9.740000000000002
2024,4210704,Municipal,37.3,,45.04,Matos Costa,SC,Sul,Sem dados para comparação,
2024,2913457,Municipal,43.64,37.38,45.04,Igrapiúna,BA,Nordeste,Atingiu ou superou,6.259999999999998
2024,1702901,Municipal,40.2,37.42,45.08,Axixá do Tocantins,TO,Norte,Atingiu ou superou,2.780000000000001
2024,2405603,Municipal,63.05,37.47,45.13,Jardim de Piranhas,RN,Nordeste,Atingiu ou superou,25.58
2024,2925709,Municipal,31.78,37.48,45.13,Presidente Jânio Quadros,BA,Nordeste,Abaixo da meta,-5.699999999999996
2024,4309126,Municipal,37.5,,45.15,Gramado dos Loureiros,RS,Sul,Sem dados para comparação,
2024,2405108,Municipal,29.91,37.5,45.15,Jandaíra,RN,Nordeste,Abaixo da meta,-7.59
2024,5006903,Municipal,67.46,37.55,45.19,Porto Murtinho,MS,Centro-Oeste,Atingiu ou superou,29.909999999999997
2024,2408300,Municipal,28.42,37.61,45.24,Nova Cruz,RN,Nordeste,Abaixo da meta,-9.189999999999998
2024,2701209,Municipal,54.19,37.62,45.25,Cacimbinhas,AL,Nordeste,Atingiu ou superou,16.57
2024,2917706,Municipal,40.77,37.63,45.26,Jaguarari,BA,Nordeste,Atingiu ou superou,3.1400000000000006
2024,2700508,Municipal,32.98,37.63,45.27,Barra de Santo Antônio,AL,Nordeste,Abaixo da meta,-4.650000000000006
2024,2916203,Municipal,35.38,37.65,45.28,Itapé,BA,Nordeste,Abaixo da meta,-2.269999999999996
2024,5006309,Municipal,55.2,37.71,45.33,Paranaíba,MS,Centro-Oeste,Atingiu ou superou,17.490000000000002
2024,1500503,Municipal,38.92,37.74,45.36,Almeirim,PA,Norte,Atingiu ou superou,1.1799999999999997
2024,2920452,Municipal,37.29,37.76,45.38,Mansidão,BA,Nordeste,Abaixo da meta,-0.46999999999999886
2024,2917508,Municipal,28.49,37.79,45.4,Jacobina,BA,Nordeste,Abaixo da meta,-9.3
2024,2805505,Municipal,40.54,37.82,45.43,Poço Verde,SE,Nordeste,Atingiu ou superou,2.719999999999999
2024,1502905,Municipal,33.48,37.86,45.47,Curuçá,PA,Norte,Abaixo da meta,-4.380000000000003
2024,2705200,Municipal,41.87,37.86,45.47,Messias,AL,Nordeste,Atingiu ou superou,4.009999999999998
2024,1500305,Municipal,38.18,37.86,45.47,Afuá,PA,Norte,Atingiu ou superou,0.3200000000000003
2024,1507201,Municipal,32.97,37.87,45.48,São Domingos do Capim,PA,Norte,Abaixo da meta,-4.899999999999999
2024,2907608,Municipal,25.64,37.9,45.5,Central,BA,Nordeste,Abaixo da meta,-12.259999999999998
2024,2912103,Municipal,37.95,,45.54,Ibicaraí,BA,Nordeste,Sem dados para comparação,
2024,2921500,Municipal,27.49,37.95,45.54,Monte Santo,BA,Nordeste,Abaixo da meta,-10.460000000000004
2024,2906402,Municipal,30.77,37.97,45.56,Candeal,BA,Nordeste,Abaixo da meta,-7.199999999999999
2024,2907806,Municipal,36.31,37.98,45.57,Cícero Dantas,BA,Nordeste,Abaixo da meta,-1.6699999999999946
2024,2908903,Municipal,21.3,37.99,45.58,Coração de Maria,BA,Nordeste,Abaixo da meta,-16.69
2024,2922250,Municipal,22.03,38.02,45.61,Muquém de São Francisco,BA,Nordeste,Abaixo da meta,-15.990000000000002
2024,2207702,Municipal,38.42,38.04,45.63,Parnaíba,PI,Nordeste,Atingiu ou superou,0.38000000000000256
2024,2916609,Municipal,36.62,38.06,45.64,Itapitanga,BA,Nordeste,Abaixo da meta,-1.4400000000000048
2024,2933604,Municipal,32.25,38.06,45.64,Xique-Xique,BA,Nordeste,Abaixo da meta,-5.810000000000002
2024,1200336,Municipal,38.07,,45.65,Mâncio Lima,AC,Norte,Sem dados para comparação,
2024,2800407,Municipal,28.6,38.07,45.65,Arauá,SE,Nordeste,Abaixo da meta,-9.469999999999999
2024,2932903,Municipal,31.89,38.08,45.66,Valença,BA,Nordeste,Abaixo da meta,-6.189999999999998
2024,5106778,Municipal,53.25,38.13,45.7,Porto Alegre do Norte,MT,Centro-Oeste,Atingiu ou superou,15.119999999999997
2024,2914653,Municipal,24.92,38.14,45.71,Itabela,BA,Nordeste,Abaixo da meta,-13.219999999999999
2024,2702405,Municipal,28.13,38.15,45.72,Delmiro Gouveia,AL,Nordeste,Abaixo da meta,-10.02
2024,2918407,Municipal,29.31,38.21,45.77,Juazeiro,BA,Nordeste,Abaixo da meta,-8.900000000000002
2024,2411007,Municipal,41.06,38.22,45.78,Rodolfo Fernandes,RN,Nordeste,Atingiu ou superou,2.8400000000000034
2024,2900900,Municipal,23.91,38.22,45.78,Almadina,BA,Nordeste,Abaixo da meta,-14.309999999999999
2024,2401859,Municipal,26.47,38.23,45.79,Caiçara do Norte,RN,Nordeste,Abaixo da meta,-11.759999999999998
2024,1600105,Municipal,19.03,38.23,45.79,Amapá,AP,Norte,Abaixo da meta,-19.199999999999996
2024,1706506,Municipal,45.61,38.24,45.8,Darcinópolis,TO,Norte,Atingiu ou superou,7.369999999999997
2024,2912707,Municipal,22.06,38.26,45.82,Ibirapitanga,BA,Nordeste,Abaixo da meta,-16.2
2024,1501782,Municipal,50.55,38.27,45.82,Breu Branco,PA,Norte,Atingiu ou superou,12.279999999999994
2024,2922656,Municipal,26.14,38.28,45.83,Nordestina,BA,Nordeste,Abaixo da meta,-12.14
2024,2500304,Municipal,28.48,38.31,45.86,Alagoa Grande,PB,Nordeste,Abaixo da meta,-9.830000000000002
2024,2929354,Municipal,27.27,38.32,45.87,São José da Vitória,BA,Nordeste,Abaixo da meta,-11.05
2024,2204402,Municipal,39.2,38.32,45.87,Gilbués,PI,Nordeste,Atingiu ou superou,0.8800000000000026
2024,5101852,Municipal,82.63,38.34,45.89,Bom Jesus do Araguaia,MT,Centro-Oeste,Atingiu ou superou,44.28999999999999
2024,2102309,Municipal,57.18,38.42,45.96,Buriti Bravo,MA,Nordeste,Atingiu ou superou,18.759999999999998
2024,2911857,Municipal,36.36,38.42,45.96,Heliópolis,BA,Nordeste,Abaixo da meta,-2.0600000000000023
2024,2407252,Municipal,60.04,38.44,45.97,Major Sales,RN,Nordeste,Atingiu ou superou,21.6
2024,2932309,Municipal,41.9,38.45,45.98,Ubatã,BA,Nordeste,Atingiu ou superou,3.4499999999999957
2024,5106505,Municipal,38.36,38.45,45.98,Poconé,MT,Centro-Oeste,Abaixo da meta,-0.09000000000000341
2024,3126604,Municipal,37.5,38.49,46.02,Francisco Dumont,MG,Sudeste,Abaixo da meta,-0.990000000000002
2024,2100832,Municipal,39.08,38.52,46.05,Apicum-Açu,MA,Nordeste,Atingiu ou superou,0.5599999999999952
2024,2914802,Municipal,29.75,38.61,46.12,Itabuna,BA,Nordeste,Abaixo da meta,-8.86
2024,2709202,Municipal,47.49,38.63,46.14,Traipu,AL,Nordeste,Atingiu ou superou,8.86
2024,3544103,Municipal,57.14,38.67,46.18,Rio Grande da Serra,SP,Sudeste,Atingiu ou superou,18.47
2024,2908200,Municipal,27.46,38.68,46.19,Conceição da Feira,BA,Nordeste,Abaixo da meta,-11.219999999999999
2024,1304005,Municipal,38.73,,46.24,Silves,AM,Norte,Sem dados para comparação,
2024,2706802,Municipal,42.39,38.74,46.24,Piaçabuçu,AL,Nordeste,Atingiu ou superou,3.6499999999999986
2024,2921609,Municipal,28.89,38.78,46.27,Morpará,BA,Nordeste,Abaixo da meta,-9.89
2024,2700607,Municipal,39.04,38.79,46.28,Barra de São Miguel,AL,Nordeste,Atingiu ou superou,0.25
2024,2930402,Municipal,36.67,38.83,46.32,Serra Preta,BA,Nordeste,Abaixo da meta,-2.1599999999999966
2024,2707909,Municipal,38.52,38.86,46.34,Santa Luzia do Norte,AL,Nordeste,Abaixo da meta,-0.3399999999999963
2024,2922854,Municipal,27.03,38.9,46.37,Nova Redenção,BA,Nordeste,Abaixo da meta,-11.869999999999997
2024,1200427,Municipal,38.92,,46.4,Rodrigues Alves,AC,Norte,Sem dados para comparação,
2024,3301157,Municipal,34.97,38.93,46.4,Cardoso Moreira,RJ,Sudeste,Abaixo da meta,-3.960000000000001
2024,1504604,Municipal,37.29,38.95,46.42,Mocajuba,PA,Norte,Abaixo da meta,-1.6600000000000037
2024,2910800,Municipal,33.19,38.95,46.42,Feira de Santana,BA,Nordeste,Abaixo da meta,-5.760000000000005
2024,2401453,Municipal,44.48,38.99,46.46,Baraúna,RN,Nordeste,Atingiu ou superou,5.489999999999995
2024,3149507,Municipal,69.05,39.0,46.46,Pequeri,MG,Sudeste,Atingiu ou superou,30.049999999999997
2024,1600709,Municipal,94.21,39.04,46.5,Tartarugalzinho,AP,Norte,Atingiu ou superou,55.169999999999995
2024,2929008,Municipal,31.33,39.05,46.51,São Félix,BA,Nordeste,Abaixo da meta,-7.719999999999999
2024,3509809,Municipal,86.59,39.06,46.51,Campos Novos Paulista,SP,Sudeste,Atingiu ou superou,47.53
2024,2918605,Municipal,33.33,39.08,46.53,Jussiape,BA,Nordeste,Abaixo da meta,-5.75
2024,1504703,Municipal,34.29,39.09,46.54,Moju,PA,Norte,Abaixo da meta,-4.800000000000004
2024,5209408,Municipal,64.58,39.09,46.54,Guarani de Goiás,GO,Centro-Oeste,Atingiu ou superou,25.489999999999995
2024,2409308,Municipal,32.76,39.13,46.58,Patu,RN,Nordeste,Abaixo da meta,-6.3700000000000045
2024,2408201,Municipal,49.76,39.14,46.59,Nísia Floresta,RN,Nordeste,Atingiu ou superou,10.619999999999997
2024,1715002,Municipal,55.38,39.14,46.59,Nova Rosalândia,TO,Norte,Atingiu ou superou,16.240000000000002
2024,2706307,Municipal,38.67,39.15,46.59,Palmeira dos Índios,AL,Nordeste,Abaixo da meta,-0.4799999999999969
2024,2901155,Municipal,43.23,39.16,46.6,América Dourada,BA,Nordeste,Atingiu ou superou,4.07
2024,5002605,Municipal,60.41,39.17,46.61,Camapuã,MS,Centro-Oeste,Atingiu ou superou,21.239999999999995
2024,2933000,Municipal,37.25,39.21,46.64,Valente,BA,Nordeste,Abaixo da meta,-1.9600000000000009
2024,2111763,Municipal,64.13,39.21,46.64,Senador La Rocque,MA,Nordeste,Atingiu ou superou,24.919999999999995
2024,2913606,Municipal,26.35,39.22,46.65,Ilhéus,BA,Nordeste,Abaixo da meta,-12.869999999999997
2024,2914901,Municipal,31.19,39.28,46.71,Itacaré,BA,Nordeste,Abaixo da meta,-8.09
2024,2928109,Municipal,26.29,39.29,46.72,Santa Maria da Vitória,BA,Nordeste,Abaixo da meta,-13.0
2024,2700409,Municipal,44.27,39.32,46.74,Atalaia,AL,Nordeste,Atingiu ou superou,4.950000000000003
2024,2704500,Municipal,45.6,39.36,46.77,Maragogi,AL,Nordeste,Atingiu ou superou,6.240000000000002
2024,3535903,Municipal,82.89,39.38,46.79,Paranapuã,SP,Sudeste,Atingiu ou superou,43.51
2024,4314407,Municipal,39.4,,46.81,Pelotas,RS,Sul,Sem dados para comparação,
2024,5102702,Municipal,42.06,39.4,46.81,Canarana,MT,Centro-Oeste,Atingiu ou superou,2.6600000000000037
2024,4202602,Municipal,47.34,39.4,46.81,Bom Retiro,SC,Sul,Atingiu ou superou,7.940000000000005
2024,1710706,Municipal,18.09,39.48,46.88,Itaguatins,TO,Norte,Abaixo da meta,-21.389999999999997
2024,2503555,Municipal,47.9,39.49,46.89,Cacimbas,PB,Nordeste,Atingiu ou superou,8.409999999999997
2024,2933059,Municipal,20.73,39.52,46.92,Várzea da Roça,BA,Nordeste,Abaixo da meta,-18.790000000000003
2024,2901809,Municipal,25.32,39.52,46.92,Antônio Gonçalves,BA,Nordeste,Abaixo da meta,-14.200000000000003
2024,3515004,Municipal,40.5,39.54,46.94,Embu das Artes,SP,Sudeste,Atingiu ou superou,0.9600000000000009
2024,2200103,Municipal,60.23,39.55,46.94,Agricolândia,PI,Nordeste,Atingiu ou superou,20.68
2024,2203255,Municipal,27.56,39.57,46.96,Curralinhos,PI,Nordeste,Abaixo da meta,-12.010000000000002
2024,2928802,Municipal,31.86,39.59,46.98,Santo Estêvão,BA,Nordeste,Abaixo da meta,-7.730000000000004
2024,2906501,Municipal,36.67,39.6,46.98,Candeias,BA,Nordeste,Abaixo da meta,-2.9299999999999997
2024,2413359,Municipal,27.68,39.61,46.99,Serra do Mel,RN,Nordeste,Abaixo da meta,-11.93
2024,2513604,Municipal,52.77,39.63,47.01,Santana dos Garrotes,PB,Nordeste,Atingiu ou superou,13.14
2024,2804607,Municipal,28.39,39.64,47.02,Nossa Senhora das Dores,SE,Nordeste,Abaixo da meta,-11.25
2024,1200807,Municipal,39.69,,47.06,Porto Acre,AC,Norte,Sem dados para comparação,
2024,3506805,Municipal,49.59,39.68,47.06,Bocaina,SP,Sudeste,Atingiu ou superou,9.910000000000004
2024,1503200,Municipal,40.43,39.7,47.07,Igarapé-Açu,PA,Norte,Atingiu ou superou,0.7299999999999969
2024,2912905,Municipal,37.44,39.72,47.09,Ibirataia,BA,Nordeste,Abaixo da meta,-2.280000000000001
2024,2504207,Municipal,96.08,39.72,47.09,Catingueira,PB,Nordeste,Atingiu ou superou,56.36
2024,2933158,Municipal,17.95,39.73,47.1,Várzea Nova,BA,Nordeste,Abaixo da meta,-21.779999999999998
2024,3129707,Municipal,73.86,39.73,47.1,Ibiraci,MG,Sudeste,Atingiu ou superou,34.13
2024,2915304,Municipal,25.0,39.74,47.11,Itagimirim,BA,Nordeste,Abaixo da meta,-14.740000000000002
2024,2403756,Municipal,58.82,39.77,47.13,Fernando Pedroza,RN,Nordeste,Atingiu ou superou,19.049999999999997
2024,2930600,Municipal,25.69,39.77,47.13,Serrolândia,BA,Nordeste,Abaixo da meta,-14.080000000000002
2024,1200393,Municipal,39.79,,47.15,Porto Walter,AC,Norte,Sem dados para comparação,
2024,1506609,Municipal,39.79,,47.15,Santa Maria do Pará,PA,Norte,Sem dados para comparação,
2024,2916906,Municipal,30.0,39.79,47.15,Itiruçu,BA,Nordeste,Abaixo da meta,-9.79
2024,1600055,Municipal,73.61,39.84,47.19,Serra do Navio,AP,Norte,Atingiu ou superou,33.769999999999996
2024,2111532,Municipal,55.64,39.87,47.22,São Pedro da Água Branca,MA,Nordeste,Atingiu ou superou,15.770000000000003
2024,2901353,Municipal,28.44,39.88,47.23,Andorinha,BA,Nordeste,Abaixo da meta,-11.440000000000001
2024,2922805,Municipal,34.65,39.89,47.23,Nova Itarana,BA,Nordeste,Abaixo da meta,-5.240000000000002
2024,2101905,Municipal,59.75,39.93,47.27,Bequimão,MA,Nordeste,Atingiu ou superou,19.82
2024,2931301,Municipal,41.82,39.97,47.31,Tapiramutá,BA,Nordeste,Atingiu ou superou,1.8500000000000014
2024,2910701,Municipal,32.37,39.98,47.32,Euclides da Cunha,BA,Nordeste,Abaixo da meta,-7.609999999999999
2024,4321832,Municipal,40.0,,47.33,Três Forquilhas,RS,Sul,Sem dados para comparação,
2024,2932408,Municipal,27.71,40.0,47.33,Uibaí,BA,Nordeste,Abaixo da meta,-12.29
2024,2209351,Municipal,68.1,40.02,47.35,Santana do Piauí,PI,Nordeste,Atingiu ou superou,28.07999999999999
2024,1303908,Municipal,32.06,40.03,47.36,São Paulo de Olivença,AM,Norte,Abaixo da meta,-7.969999999999999
2024,2700706,Municipal,45.96,40.06,47.38,Batalha,AL,Nordeste,Atingiu ou superou,5.899999999999999
2024,2208403,Municipal,54.59,40.06,47.39,Piripiri,PI,Nordeste,Atingiu ou superou,14.530000000000001
2024,2201960,Municipal,42.58,40.07,47.4,Brasileira,PI,Nordeste,Atingiu ou superou,2.509999999999998
2024,2929255,Municipal,33.54,40.09,47.41,São Gabriel,BA,Nordeste,Abaixo da meta,-6.550000000000004
2024,2807105,Municipal,30.35,40.09,47.41,Simão Dias,SE,Nordeste,Abaixo da meta,-9.740000000000002
2024,2516300,Municipal,64.53,40.1,47.42,Sumé,PB,Nordeste,Atingiu ou superou,24.43
2024,1507805,Municipal,35.9,40.12,47.44,Senador José Porfírio,PA,Norte,Abaixo da meta,-4.219999999999999
2024,3303500,Municipal,33.42,40.13,47.44,Nova Iguaçu,RJ,Sudeste,Abaixo da meta,-6.710000000000001
2024,5103437,Municipal,92.97,40.14,47.45,Curvelândia,MT,Centro-Oeste,Atingiu ou superou,52.83
2024,2203354,Municipal,11.96,40.14,47.45,Dirceu Arcoverde,PI,Nordeste,Abaixo da meta,-28.18
2024,2102150,Municipal,49.3,40.15,47.46,Brejo de Areia,MA,Nordeste,Atingiu ou superou,9.149999999999999
2024,1300086,Municipal,53.48,40.16,47.47,Anamã,AM,Norte,Atingiu ou superou,13.32
2024,4209409,Municipal,34.29,40.16,47.47,Laguna,SC,Sul,Abaixo da meta,-5.869999999999997
2024,2911204,Municipal,47.2,40.16,47.47,Gandu,BA,Nordeste,Atingiu ou superou,7.040000000000006
2024,2400406,Municipal,39.66,40.19,47.49,Água Nova,RN,Nordeste,Abaixo da meta,-0.5300000000000011
2024,2110278,Municipal,39.84,40.2,47.51,Santo Amaro do Maranhão,MA,Nordeste,Abaixo da meta,-0.35999999999999943
2024,3554656,Municipal,30.77,40.22,47.52,Torre de Pedra,SP,Sudeste,Abaixo da meta,-9.45
2024,2411700,Municipal,33.62,40.24,47.54,São Bento do Trairí,RN,Nordeste,Abaixo da meta,-6.6200000000000045
2024,2407906,Municipal,32.92,40.25,47.55,Monte das Gameleiras,RN,Nordeste,Abaixo da meta,-7.329999999999998
2024,3157609,Municipal,72.51,40.26,47.56,Santa Fé de Minas,MG,Sudeste,Atingiu ou superou,32.25000000000001
2024,1507102,Municipal,69.85,40.26,47.56,São Caetano de Odivelas,PA,Norte,Atingiu ou superou,29.589999999999996
2024,2707206,Municipal,48.87,40.27,47.56,Poço das Trincheiras,AL,Nordeste,Atingiu ou superou,8.599999999999994
2024,2903805,Municipal,32.14,40.29,47.58,Boa Vista do Tupim,BA,Nordeste,Abaixo da meta,-8.149999999999999
2024,2605707,Municipal,51.67,40.31,47.6,Floresta,PE,Nordeste,Atingiu ou superou,11.36
2024,2928059,Municipal,28.42,40.34,47.63,Santa Luzia,BA,Nordeste,Abaixo da meta,-11.920000000000002
2024,2703809,Municipal,27.93,40.35,47.64,Joaquim Gomes,AL,Nordeste,Abaixo da meta,-12.420000000000002
2024,2928703,Municipal,40.9,40.35,47.64,Santo Antônio de Jesus,BA,Nordeste,Atingiu ou superou,0.5499999999999972
2024,2111052,Municipal,43.97,40.36,47.64,São João do Paraíso,MA,Nordeste,Atingiu ou superou,3.6099999999999994
2024,2516102,Municipal,47.26,40.39,47.67,Soledade,PB,Nordeste,Atingiu ou superou,6.869999999999997
2024,2801405,Municipal,34.24,40.4,47.68,Carira,SE,Nordeste,Abaixo da meta,-6.159999999999997
2024,2801306,Municipal,35.78,40.4,47.68,Capela,SE,Nordeste,Abaixo da meta,-4.619999999999997
2024,2905701,Municipal,36.56,40.43,47.7,Camaçari,BA,Nordeste,Abaixo da meta,-3.8699999999999974
2024,2900702,Municipal,36.64,40.44,47.72,Alagoinhas,BA,Nordeste,Abaixo da meta,-3.799999999999997
2024,2209971,Municipal,87.8,40.46,47.73,São João do Arraial,PI,Nordeste,Atingiu ou superou,47.339999999999996
2024,1507508,Municipal,35.42,40.49,47.76,São João do Araguaia,PA,Norte,Abaixo da meta,-5.07
2024,5004403,Municipal,51.7,40.51,47.77,Inocência,MS,Centro-Oeste,Atingiu ou superou,11.190000000000005
2024,2209658,Municipal,36.86,40.51,47.77,São Francisco de Assis do Piauí,PI,Nordeste,Abaixo da meta,-3.6499999999999986
2024,2913903,Municipal,25.15,40.51,47.77,Ipiaú,BA,Nordeste,Abaixo da meta,-15.36
2024,5006408,Municipal,55.86,40.53,47.79,Pedro Gomes,MS,Centro-Oeste,Atingiu ou superou,15.329999999999998
2024,2806008,Municipal,38.48,40.54,47.8,Ribeirópolis,SE,Nordeste,Abaixo da meta,-2.0600000000000023
2024,2706208,Municipal,51.18,40.59,47.84,Palestina,AL,Nordeste,Atingiu ou superou,10.589999999999996
2024,2921401,Municipal,29.41,40.59,47.84,Mirangaba,BA,Nordeste,Abaixo da meta,-11.180000000000003
2024,2806206,Municipal,44.89,40.63,47.88,Salgado,SE,Nordeste,Atingiu ou superou,4.259999999999998
2024,1505494,Municipal,44.75,40.66,47.9,Palestina do Pará,PA,Norte,Atingiu ou superou,4.090000000000003
2024,2932804,Municipal,33.04,40.69,47.93,Utinga,BA,Nordeste,Abaixo da meta,-7.649999999999999
2024,2921302,Municipal,46.05,40.72,47.96,Milagres,BA,Nordeste,Atingiu ou superou,5.329999999999998
2024,2903904,Municipal,34.55,40.73,47.96,Bom Jesus da Lapa,BA,Nordeste,Abaixo da meta,-6.18
2024,2501807,Municipal,36.71,40.74,47.97,Bayeux,PB,Nordeste,Abaixo da meta,-4.030000000000001
2024,2901700,Municipal,25.76,40.74,47.97,Antônio Cardoso,BA,Nordeste,Abaixo da meta,-14.98
2024,2515302,Municipal,39.0,40.74,47.97,Sapé,PB,Nordeste,Abaixo da meta,-1.740000000000002
2024,2802106,Municipal,29.77,40.81,48.03,Estância,SE,Nordeste,Abaixo da meta,-11.040000000000003
2024,1500958,Municipal,55.54,40.81,48.03,Aurora do Pará,PA,Norte,Atingiu ou superou,14.729999999999997
2024,2905602,Municipal,24.61,40.84,48.06,Camacan,BA,Nordeste,Abaixo da meta,-16.230000000000004
2024,1703891,Municipal,23.86,40.93,48.13,Carrasco Bonito,TO,Norte,Abaixo da meta,-17.07
2024,2514503,Municipal,55.77,40.93,48.14,São José de Piranhas,PB,Nordeste,Atingiu ou superou,14.840000000000003
2024,1303536,Municipal,35.31,41.0,48.19,Presidente Figueiredo,AM,Norte,Abaixo da meta,-5.689999999999998
2024,2924603,Municipal,39.19,41.0,48.19,Pindobaçu,BA,Nordeste,Abaixo da meta,-1.8100000000000023
2024,2705804,Municipal,36.22,41.05,48.24,Olho d'Água do Casado,AL,Nordeste,Abaixo da meta,-4.829999999999998
2024,1508308,Municipal,38.21,41.1,48.28,Viseu,PA,Norte,Abaixo da meta,-2.8900000000000006
2024,1702406,Municipal,61.2,41.11,48.29,Arraias,TO,Norte,Atingiu ou superou,20.090000000000003
2024,2803906,Municipal,36.75,41.11,48.29,Malhador,SE,Nordeste,Abaixo da meta,-4.359999999999999
2024,2908507,Municipal,37.5,41.12,48.3,Conceição do Jacuípe,BA,Nordeste,Abaixo da meta,-3.6199999999999974
2024,5007109,Municipal,42.87,41.16,48.34,Ribas do Rio Pardo,MS,Centro-Oeste,Atingiu ou superou,1.7100000000000009
2024,5211008,Municipal,73.21,41.17,48.34,Itapirapuã,GO,Centro-Oeste,Atingiu ou superou,32.03999999999999
2024,2916708,Municipal,34.25,41.17,48.34,Itaquara,BA,Nordeste,Abaixo da meta,-6.920000000000002
2024,2915502,Municipal,34.09,41.18,48.35,Itajuípe,BA,Nordeste,Abaixo da meta,-7.089999999999996
2024,2926608,Municipal,40.72,41.2,48.37,Ribeira do Pombal,BA,Nordeste,Abaixo da meta,-0.480000000000004
2024,1721208,Municipal,35.44,41.22,48.38,Tocantinópolis,TO,Norte,Abaixo da meta,-5.780000000000001
2024,4216503,Municipal,43.26,41.26,48.42,São Joaquim,SC,Sul,Atingiu ou superou,2.0
2024,2923100,Municipal,21.29,41.3,48.45,Olindina,BA,Nordeste,Abaixo da meta,-20.009999999999998
2024,2708709,Municipal,50.67,41.31,48.46,São Miguel dos Milagres,AL,Nordeste,Atingiu ou superou,9.36
2024,1505304,Municipal,30.61,41.32,48.47,Oriximiná,PA,Norte,Abaixo da meta,-10.71
2024,2702207,Municipal,54.67,41.33,48.48,Coqueiro Seco,AL,Nordeste,Atingiu ou superou,13.340000000000003
2024,2702553,Municipal,36.15,41.35,48.49,Estrela de Alagoas,AL,Nordeste,Abaixo da meta,-5.200000000000003
2024,2907707,Municipal,36.19,41.36,48.5,Chorrochó,BA,Nordeste,Abaixo da meta,-5.170000000000002
2024,2612901,Municipal,71.07,41.36,48.5,São Benedito do Sul,PE,Nordeste,Atingiu ou superou,29.709999999999994
2024,2900108,Municipal,42.42,41.37,48.51,Abaíra,BA,Nordeste,Atingiu ou superou,1.0500000000000043
2024,2806602,Municipal,26.79,41.37,48.51,Santo Amaro das Brotas,SE,Nordeste,Abaixo da meta,-14.579999999999998
2024,2703908,Municipal,44.34,41.39,48.53,Jundiá,AL,Nordeste,Atingiu ou superou,2.950000000000003
2024,2910727,Municipal,38.37,41.41,48.55,Eunápolis,BA,Nordeste,Abaixo da meta,-3.039999999999999
2024,2511806,Municipal,41.49,41.41,48.55,Pirpirituba,PB,Nordeste,Atingiu ou superou,0.0800000000000054
2024,2412203,Municipal,34.77,41.43,48.56,São José de Mipibu,RN,Nordeste,Abaixo da meta,-6.659999999999997
2024,2909802,Municipal,33.56,41.43,48.56,Cruz das Almas,BA,Nordeste,Abaixo da meta,-7.869999999999997
2024,2918357,Municipal,53.15,41.43,48.56,João Dourado,BA,Nordeste,Atingiu ou superou,11.719999999999999
2024,5102694,Municipal,78.89,41.47,48.6,Canabrava do Norte,MT,Centro-Oeste,Atingiu ou superou,37.42
2024,3150539,Municipal,81.43,41.49,48.61,Pingo-d'Água,MG,Sudeste,Atingiu ou superou,39.940000000000005
2024,2702801,Municipal,49.34,41.5,48.62,Flexeiras,AL,Nordeste,Atingiu ou superou,7.840000000000003
2024,3300456,Municipal,38.9,41.51,48.64,Belford Roxo,RJ,Sudeste,Abaixo da meta,-2.6099999999999994
2024,1720655,Municipal,37.39,41.52,48.64,Silvanópolis,TO,Norte,Abaixo da meta,-4.130000000000003
2024,2406502,Municipal,35.61,41.52,48.64,Lagoa Nova,RN,Nordeste,Abaixo da meta,-5.910000000000004
2024,5108501,Municipal,52.77,41.54,48.66,Vera,MT,Centro-Oeste,Atingiu ou superou,11.230000000000004
2024,2806909,Municipal,81.25,41.56,48.68,São Francisco,SE,Nordeste,Atingiu ou superou,39.69
2024,2507309,Municipal,51.18,41.56,48.68,Jacaraú,PB,Nordeste,Atingiu ou superou,9.619999999999997
2024,3529658,Municipal,56.25,41.56,48.68,Mesópolis,SP,Sudeste,Atingiu ou superou,14.689999999999998
2024,2708006,Municipal,44.16,41.57,48.68,Santana do Ipanema,AL,Nordeste,Atingiu ou superou,2.5899999999999963
2024,2112274,Municipal,36.17,41.57,48.68,Tufilândia,MA,Nordeste,Abaixo da meta,-5.399999999999999
2024,2913804,Municipal,46.51,41.61,48.71,Ipecaetá,BA,Nordeste,Atingiu ou superou,4.899999999999999
2024,5107859,Municipal,33.38,41.62,48.72,São Félix do Araguaia,MT,Centro-Oeste,Abaixo da meta,-8.239999999999995
2024,2925501,Municipal,28.97,41.65,48.75,Prado,BA,Nordeste,Abaixo da meta,-12.68
2024,1707306,Municipal,68.54,41.72,48.81,Dueré,TO,Norte,Atingiu ou superou,26.820000000000007
2024,2106706,Municipal,55.82,41.77,48.86,Mirador,MA,Nordeste,Atingiu ou superou,14.049999999999997
2024,3522901,Municipal,53.04,41.78,48.86,Itapuí,SP,Sudeste,Atingiu ou superou,11.259999999999998
2024,2105500,Municipal,55.83,41.8,48.88,João Lisboa,MA,Nordeste,Atingiu ou superou,14.030000000000001
2024,1600204,Municipal,39.25,41.81,48.89,Calçoene,AP,Norte,Abaixo da meta,-2.5600000000000023
2024,1710904,Municipal,53.53,41.84,48.92,Itapiratins,TO,Norte,Atingiu ou superou,11.689999999999998
2024,2506400,Municipal,27.02,41.85,48.93,Gurinhém,PB,Nordeste,Abaixo da meta,-14.830000000000002
2024,3537206,Municipal,45.97,41.87,48.94,Pedro de Toledo,SP,Sudeste,Atingiu ou superou,4.100000000000001
2024,1702208,Municipal,50.5,41.9,48.97,Araguatins,TO,Norte,Atingiu ou superou,8.600000000000001
2024,1722081,Municipal,41.89,41.91,48.97,Wanderlândia,TO,Norte,Abaixo da meta,-0.01999999999999602
2024,2501005,Municipal,40.53,41.93,48.99,Araruna,PB,Nordeste,Abaixo da meta,-1.3999999999999986
2024,2702603,Municipal,44.46,41.94,49.0,Feira Grande,AL,Nordeste,Atingiu ou superou,2.520000000000003
2024,4316402,Municipal,34.1,41.94,49.0,Rosário do Sul,RS,Sul,Abaixo da meta,-7.839999999999996
2024,3150208,Municipal,80.01,41.95,49.01,Piedade de Ponte Nova,MG,Sudeste,Atingiu ou superou,38.06
2024,1716653,Municipal,61.79,41.97,49.03,Pequizeiro,TO,Norte,Atingiu ou superou,19.82
2024,2705101,Municipal,48.77,41.99,49.04,Matriz de Camaragibe,AL,Nordeste,Atingiu ou superou,6.780000000000001
2024,2208205,Municipal,58.16,42.01,49.06,Pio IX,PI,Nordeste,Atingiu ou superou,16.15
2024,5005004,Municipal,53.84,42.02,49.07,Jardim,MS,Centro-Oeste,Atingiu ou superou,11.82
2024,2705408,Municipal,31.11,42.02,49.07,Monteirópolis,AL,Nordeste,Abaixo da meta,-10.910000000000004
2024,1303569,Municipal,46.76,42.05,49.09,Rio Preto da Eva,AM,Norte,Atingiu ou superou,4.710000000000001
2024,2108405,Municipal,61.02,42.07,49.11,Peri Mirim,MA,Nordeste,Atingiu ou superou,18.950000000000003
2024,2500908,Municipal,52.9,42.08,49.12,Arara,PB,Nordeste,Atingiu ou superou,10.82
2024,1711803,Municipal,49.1,42.09,49.13,Juarina,TO,Norte,Atingiu ou superou,7.009999999999998
2024,2905107,Municipal,36.71,42.1,49.14,Caém,BA,Nordeste,Abaixo da meta,-5.390000000000001
2024,3304102,Municipal,52.38,42.11,49.15,Porciúncula,RJ,Sudeste,Atingiu ou superou,10.270000000000003
2024,1702109,Municipal,50.51,42.16,49.19,Araguaína,TO,Norte,Atingiu ou superou,8.350000000000001
2024,1200203,Municipal,42.18,,49.2,Cruzeiro do Sul,AC,Norte,Sem dados para comparação,
2024,2609303,Municipal,57.83,42.17,49.2,Mirandiba,PE,Nordeste,Atingiu ou superou,15.659999999999997
2024,4311205,Municipal,42.2,,49.24,Júlio de Castilhos,RS,Sul,Sem dados para comparação,
2024,2910057,Municipal,32.25,42.22,49.24,Dias d'Ávila,BA,Nordeste,Abaixo da meta,-9.969999999999999
2024,2209609,Municipal,64.29,42.27,49.29,São Félix do Piauí,PI,Nordeste,Atingiu ou superou,22.020000000000003
2024,2402006,Municipal,44.58,42.3,49.31,Caicó,RN,Nordeste,Atingiu ou superou,2.280000000000001
2024,2803500,Municipal,31.27,42.31,49.32,Lagarto,SE,Nordeste,Abaixo da meta,-11.040000000000003
2024,5103353,Municipal,54.24,42.31,49.32,Confresa,MT,Centro-Oeste,Atingiu ou superou,11.93
2024,1703057,Municipal,36.96,42.34,49.34,Bandeirantes do Tocantins,TO,Norte,Abaixo da meta,-5.380000000000003
2024,1504950,Municipal,50.02,42.35,49.35,Nova Esperança do Piriá,PA,Norte,Atingiu ou superou,7.670000000000002
2024,3125002,Municipal,64.41,42.36,49.36,Ewbank da Câmara,MG,Sudeste,Atingiu ou superou,22.049999999999997
2024,2102754,Municipal,91.14,42.37,49.37,Capinzal do Norte,MA,Nordeste,Atingiu ou superou,48.77
2024,3116902,Municipal,74.3,42.41,49.4,Comendador Gomes,MG,Sudeste,Atingiu ou superou,31.89
2024,2702900,Municipal,39.96,42.43,49.42,Girau do Ponciano,AL,Nordeste,Abaixo da meta,-2.469999999999999
2024,1200344,Municipal,42.51,,49.47,Manoel Urbano,AC,Norte,Sem dados para comparação,
2024,2903409,Municipal,33.93,42.49,49.47,Belmonte,BA,Nordeste,Abaixo da meta,-8.560000000000002
2024,2930907,Municipal,43.31,42.53,49.5,Tabocas do Brejo Velho,BA,Nordeste,Atingiu ou superou,0.7800000000000011
2024,2918555,Municipal,31.58,42.54,49.51,Jussari,BA,Nordeste,Abaixo da meta,-10.96
2024,2906857,Municipal,45.45,42.56,49.53,Capela do Alto Alegre,BA,Nordeste,Atingiu ou superou,2.8900000000000006
2024,3115458,Municipal,66.72,42.58,49.55,Catuji,MG,Sudeste,Atingiu ou superou,24.14
2024,2410405,Municipal,36.22,42.59,49.56,Pureza,RN,Nordeste,Abaixo da meta,-6.3700000000000045
2024,2911402,Municipal,29.69,42.59,49.56,Glória,BA,Nordeste,Abaixo da meta,-12.900000000000002
2024,2923308,Municipal,50.59,42.62,49.58,Ouriçangas,BA,Nordeste,Atingiu ou superou,7.970000000000006
2024,3115300,Municipal,60.22,42.67,49.63,Cataguases,MG,Sudeste,Atingiu ou superou,17.549999999999997
2024,2100477,Municipal,56.29,42.71,49.66,Alto Alegre do Pindaré,MA,Nordeste,Atingiu ou superou,13.579999999999998
2024,2703700,Municipal,40.27,42.72,49.67,Jaramataia,AL,Nordeste,Abaixo da meta,-2.4499999999999957
2024,5106422,Municipal,41.77,42.73,49.67,Peixoto de Azevedo,MT,Centro-Oeste,Abaixo da meta,-0.9599999999999937
2024,2922607,Municipal,50.52,42.73,49.67,Nilo Peçanha,BA,Nordeste,Atingiu ou superou,7.790000000000006
2024,1709302,Municipal,48.16,42.74,49.68,Guaraí,TO,Norte,Atingiu ou superou,5.419999999999995
2024,2902906,Municipal,30.6,42.76,49.7,Barra do Choça,BA,Nordeste,Abaixo da meta,-12.159999999999997
2024,2506301,Municipal,59.62,42.78,49.72,Guarabira,PB,Nordeste,Atingiu ou superou,16.839999999999996
2024,2401305,Municipal,43.77,42.79,49.73,Campo Grande,RN,Nordeste,Atingiu ou superou,0.980000000000004
2024,2609907,Municipal,30.78,42.82,49.75,Ouricuri,PE,Nordeste,Abaixo da meta,-12.04
2024,2930154,Municipal,26.65,42.83,49.76,Serra do Ramalho,BA,Nordeste,Abaixo da meta,-16.18
2024,1504901,Municipal,33.63,42.83,49.76,Muaná,PA,Norte,Abaixo da meta,-9.199999999999996
2024,2919306,Municipal,37.66,42.83,49.76,Lençóis,BA,Nordeste,Abaixo da meta,-5.170000000000002
2024,5007901,Municipal,39.84,42.85,49.77,Sidrolândia,MS,Centro-Oeste,Abaixo da meta,-3.009999999999998
2024,2921708,Municipal,28.31,42.87,49.79,Morro do Chapéu,BA,Nordeste,Abaixo da meta,-14.559999999999999
2024,2403806,Municipal,43.75,42.91,49.83,Florânia,RN,Nordeste,Atingiu ou superou,0.8400000000000034
2024,2902609,Municipal,36.78,42.94,49.85,Baixa Grande,BA,Nordeste,Abaixo da meta,-6.159999999999997
2024,2412401,Municipal,56.41,42.95,49.86,São José do Seridó,RN,Nordeste,Atingiu ou superou,13.459999999999994
2024,2503902,Municipal,68.64,42.98,49.89,Camalaú,PB,Nordeste,Atingiu ou superou,25.660000000000004
2024,1721257,Municipal,66.67,43.0,49.91,Tupirama,TO,Norte,Atingiu ou superou,23.67
2024,3522802,Municipal,70.1,43.0,49.91,Itaporanga,SP,Sudeste,Atingiu ou superou,27.099999999999994
2024,2929305,Municipal,24.63,43.04,49.94,São Gonçalo dos Campos,BA,Nordeste,Abaixo da meta,-18.41
2024,1600550,Municipal,30.66,43.05,49.94,Pracuúba,AP,Norte,Abaixo da meta,-12.389999999999997
2024,1500404,Municipal,34.75,43.05,49.94,Alenquer,PA,Norte,Abaixo da meta,-8.299999999999997
2024,3536703,Municipal,46.77,43.06,49.95,Pederneiras,SP,Sudeste,Atingiu ou superou,3.710000000000001
2024,2109759,Municipal,40.91,43.08,49.98,Santa Filomena do Maranhão,MA,Nordeste,Abaixo da meta,-2.1700000000000017
2024,2510006,Municipal,63.86,43.11,50.0,Nazarezinho,PB,Nordeste,Atingiu ou superou,20.75
2024,1303809,Municipal,31.59,43.12,50.01,São Gabriel da Cachoeira,AM,Norte,Abaixo da meta,-11.529999999999998
2024,2926905,Municipal,15.62,43.13,50.01,Rio do Pires,BA,Nordeste,Abaixo da meta,-27.510000000000005
2024,2404507,Municipal,43.15,,50.03,Guamaré,RN,Nordeste,Sem dados para comparação,
2024,4211108,Municipal,43.19,,50.04,Monte Castelo,SC,Sul,Sem dados para comparação,
2024,2901205,Municipal,32.17,43.17,50.04,Anagé,BA,Nordeste,Abaixo da meta,-11.0
2024,2413904,Municipal,17.68,43.17,50.04,Taipu,RN,Nordeste,Abaixo da meta,-25.490000000000002
2024,2707305,Municipal,45.99,43.17,50.05,Porto Calvo,AL,Nordeste,Atingiu ou superou,2.8200000000000003
2024,1302306,Municipal,30.91,43.26,50.12,Jutaí,AM,Norte,Abaixo da meta,-12.349999999999998
2024,2203750,Municipal,52.0,43.27,50.13,Fartura do Piauí,PI,Nordeste,Atingiu ou superou,8.729999999999997
2024,2708808,Municipal,42.43,43.27,50.14,São Sebastião,AL,Nordeste,Abaixo da meta,-0.8400000000000034
2024,2902054,Municipal,38.26,43.28,50.14,Araças,BA,Nordeste,Abaixo da meta,-5.020000000000003
2024,2905909,Municipal,28.04,43.29,50.15,Campo Alegre de Lourdes,BA,Nordeste,Abaixo da meta,-15.25
2024,2909307,Municipal,26.64,43.32,50.18,Correntina,BA,Nordeste,Abaixo da meta,-16.68
2024,1503309,Municipal,41.34,43.33,50.18,Igarapé-Miri,PA,Norte,Abaixo da meta,-1.9899999999999949
2024,2514107,Municipal,48.38,43.34,50.19,São João do Tigre,PB,Nordeste,Atingiu ou superou,5.039999999999999
2024,2906006,Municipal,39.03,43.38,50.23,Campo Formoso,BA,Nordeste,Abaixo da meta,-4.350000000000001
2024,2401008,Municipal,48.86,43.46,50.29,Apodi,RN,Nordeste,Atingiu ou superou,5.399999999999999
2024,4110052,Municipal,43.48,,50.31,Iguatu,PR,Sul,Sem dados para comparação,
2024,2707701,Municipal,38.78,43.48,50.31,Rio Largo,AL,Nordeste,Abaixo da meta,-4.699999999999996
2024,2109205,Municipal,57.94,43.48,50.31,Presidente Juscelino,MA,Nordeste,Atingiu ou superou,14.46
2024,2905404,Municipal,32.87,43.5,50.33,Cairu,BA,Nordeste,Abaixo da meta,-10.630000000000003
2024,2911600,Municipal,29.08,43.51,50.34,Governador Mangabeira,BA,Nordeste,Abaixo da meta,-14.43
2024,2915205,Municipal,44.21,43.51,50.34,Itagibá,BA,Nordeste,Atingiu ou superou,0.7000000000000028
2024,1101757,Municipal,55.65,43.54,50.36,Vale do Anari,RO,Norte,Atingiu ou superou,12.11
2024,2901957,Municipal,43.24,43.58,50.4,Apuarema,BA,Nordeste,Abaixo da meta,-0.3399999999999963
2024,1501600,Municipal,32.2,43.59,50.41,Bonito,PA,Norte,Abaixo da meta,-11.39
2024,1507409,Municipal,37.44,43.6,50.41,São Francisco do Pará,PA,Norte,Abaixo da meta,-6.160000000000004
2024,1200450,Municipal,43.66,,50.47,Senador Guiomard,AC,Norte,Sem dados para comparação,
2024,3129301,Municipal,67.68,43.66,50.47,Iapu,MG,Sudeste,Atingiu ou superou,24.02000000000001
2024,2706604,Municipal,38.46,43.67,50.47,Paulo Jacinto,AL,Nordeste,Abaixo da meta,-5.210000000000001
2024,4209151,Municipal,52.77,43.68,50.48,José Boiteux,SC,Sul,Atingiu ou superou,9.090000000000003
2024,3140605,Municipal,28.57,43.68,50.48,Materlândia,MG,Sudeste,Abaixo da meta,-15.11
2024,5006002,Municipal,56.52,43.79,50.57,Nova Alvorada do Sul,MS,Centro-Oeste,Atingiu ou superou,12.730000000000004
2024,2908002,Municipal,39.13,43.8,50.58,Coaraci,BA,Nordeste,Abaixo da meta,-4.669999999999995
2024,3127057,Municipal,58.66,43.82,50.6,Fronteira dos Vales,MG,Sudeste,Atingiu ou superou,14.839999999999996
2024,1508100,Municipal,44.7,43.83,50.61,Tucuruí,PA,Norte,Atingiu ou superou,0.8700000000000045
2024,2511202,Municipal,48.58,43.85,50.63,Pedras de Fogo,PB,Nordeste,Atingiu ou superou,4.729999999999997
2024,2906105,Municipal,29.55,43.85,50.63,Canápolis,BA,Nordeste,Abaixo da meta,-14.3
2024,1702307,Municipal,68.32,43.86,50.64,Arapoema,TO,Norte,Atingiu ou superou,24.459999999999994
2024,1505486,Municipal,45.49,43.87,50.64,Pacajá,PA,Norte,Atingiu ou superou,1.6200000000000045
2024,2901106,Municipal,47.14,44.02,50.77,Amélia Rodrigues,BA,Nordeste,Atingiu ou superou,3.1199999999999974
2024,2206357,Municipal,33.33,44.03,50.78,Milton Brandão,PI,Nordeste,Abaixo da meta,-10.700000000000003
2024,1502855,Municipal,42.47,44.07,50.81,Curuá,PA,Norte,Abaixo da meta,-1.6000000000000014
2024,2702702,Municipal,45.9,44.08,50.82,Feliz Deserto,AL,Nordeste,Atingiu ou superou,1.8200000000000003
2024,2706901,Municipal,45.81,44.11,50.85,Pilar,AL,Nordeste,Atingiu ou superou,1.7000000000000028
2024,3305109,Municipal,35.97,44.12,50.86,São João de Meriti,RJ,Sudeste,Abaixo da meta,-8.149999999999999
2024,2211704,Municipal,54.29,44.12,50.86,Wall Ferraz,PI,Nordeste,Atingiu ou superou,10.170000000000002
2024,1506351,Municipal,46.35,44.15,50.88,Santa Bárbara do Pará,PA,Norte,Atingiu ou superou,2.200000000000003
2024,2112506,Municipal,57.61,44.16,50.89,Tutóia,MA,Nordeste,Atingiu ou superou,13.450000000000003
2024,5105309,Municipal,46.43,44.17,50.89,Luciara,MT,Centro-Oeste,Atingiu ou superou,2.259999999999998
2024,2514909,Municipal,49.02,44.17,50.89,São Mamede,PB,Nordeste,Atingiu ou superou,4.850000000000001
2024,5001904,Municipal,52.31,44.18,50.9,Bataguassu,MS,Centro-Oeste,Atingiu ou superou,8.130000000000003
2024,1507953,Municipal,37.9,44.19,50.91,Tailândia,PA,Norte,Abaixo da meta,-6.289999999999999
2024,3140852,Municipal,31.08,44.2,50.92,Matias Cardoso,MG,Sudeste,Abaixo da meta,-13.120000000000005
2024,2402204,Municipal,32.26,44.21,50.93,Canguaretama,RN,Nordeste,Abaixo da meta,-11.950000000000003
2024,3109402,Municipal,62.63,44.21,50.93,Buritizeiro,MG,Sudeste,Atingiu ou superou,18.42
2024,5002902,Municipal,54.38,44.23,50.95,Cassilândia,MS,Centro-Oeste,Atingiu ou superou,10.150000000000006
2024,1702158,Municipal,37.81,44.23,50.95,Araguanã,TO,Norte,Abaixo da meta,-6.419999999999995
2024,2505352,Municipal,50.86,44.24,50.96,Damião,PB,Nordeste,Atingiu ou superou,6.619999999999997
2024,2915106,Municipal,23.53,44.26,50.97,Itagi,BA,Nordeste,Abaixo da meta,-20.729999999999997
2024,2207934,Municipal,47.35,44.28,50.99,Pedro Laurentino,PI,Nordeste,Atingiu ou superou,3.0700000000000003
2024,2503001,Municipal,29.81,44.29,50.99,Caaporã,PB,Nordeste,Abaixo da meta,-14.48
2024,2910008,Municipal,41.07,44.31,51.02,Dário Meira,BA,Nordeste,Abaixo da meta,-3.240000000000002
2024,3302858,Municipal,35.09,44.32,51.02,Mesquita,RJ,Sudeste,Abaixo da meta,-9.229999999999997
2024,2918001,Municipal,39.48,44.37,51.06,Jequié,BA,Nordeste,Abaixo da meta,-4.890000000000001
2024,3550308,Municipal,48.25,44.37,51.06,São Paulo,SP,Sudeste,Atingiu ou superou,3.8800000000000026
2024,3549607,Municipal,52.78,44.38,51.08,São José do Barreiro,SP,Sudeste,Atingiu ou superou,8.399999999999999
2024,2932507,Municipal,58.16,44.38,51.08,Una,BA,Nordeste,Atingiu ou superou,13.779999999999994
2024,2805802,Municipal,34.65,44.45,51.13,Riachão do Dantas,SE,Nordeste,Abaixo da meta,-9.800000000000004
2024,1503077,Municipal,32.89,44.45,51.13,Garrafão do Norte,PA,Norte,Abaixo da meta,-11.560000000000002
2024,2903201,Municipal,36.09,44.47,51.14,Barreiras,BA,Nordeste,Abaixo da meta,-8.379999999999995
2024,2509107,Municipal,70.06,44.47,51.15,Mari,PB,Nordeste,Atingiu ou superou,25.590000000000003
2024,2502508,Municipal,37.65,44.48,51.16,Boqueirão,PB,Nordeste,Abaixo da meta,-6.829999999999998
2024,1504505,Municipal,28.64,44.48,51.16,Melgaço,PA,Norte,Abaixo da meta,-15.839999999999996
2024,1301159,Municipal,27.35,44.52,51.19,Careiro da Várzea,AM,Norte,Abaixo da meta,-17.17
2024,5100102,Municipal,40.41,44.52,51.19,Acorizal,MT,Centro-Oeste,Abaixo da meta,-4.1100000000000065
2024,3557204,Municipal,51.58,44.52,51.19,Chavantes,SP,Sudeste,Atingiu ou superou,7.059999999999995
2024,2401909,Municipal,32.54,44.52,51.19,Caiçara do Rio do Vento,RN,Nordeste,Abaixo da meta,-11.980000000000004
2024,2901403,Municipal,28.44,44.53,51.2,Angical,BA,Nordeste,Abaixo da meta,-16.09
2024,2408003,Municipal,45.41,44.54,51.21,Mossoró,RN,Nordeste,Atingiu ou superou,0.8699999999999974
2024,3304144,Municipal,37.63,44.56,51.22,Queimados,RJ,Sudeste,Abaixo da meta,-6.93
2024,3129905,Municipal,78.04,44.57,51.24,Ibitiúra de Minas,MG,Sudeste,Atingiu ou superou,33.470000000000006
2024,4116505,Municipal,43.75,44.57,51.24,Nova Aliança do Ivaí,PR,Sul,Abaixo da meta,-0.8200000000000003
2024,1703701,Municipal,49.45,44.57,51.24,Brejinho de Nazaré,TO,Norte,Atingiu ou superou,4.880000000000003
2024,2906709,Municipal,30.86,44.57,51.24,Cândido Sales,BA,Nordeste,Abaixo da meta,-13.71
2024,2505303,Municipal,62.5,44.57,51.24,Curral Velho,PB,Nordeste,Atingiu ou superou,17.93
2024,3125903,Municipal,70.78,44.57,51.24,Ferros,MG,Sudeste,Atingiu ou superou,26.21
2024,2804458,Municipal,59.01,44.57,51.24,Nossa Senhora Aparecida,SE,Nordeste,Atingiu ou superou,14.439999999999998
2024,2923209,Municipal,39.29,44.58,51.24,Oliveira dos Brejinhos,BA,Nordeste,Abaixo da meta,-5.289999999999999
2024,2903102,Municipal,39.62,44.61,51.27,Barra do Rocha,BA,Nordeste,Abaixo da meta,-4.990000000000002
2024,5003488,Municipal,39.87,44.63,51.28,Dois Irmãos do Buriti,MS,Centro-Oeste,Abaixo da meta,-4.760000000000005
2024,2916807,Municipal,41.07,44.64,51.29,Itarantim,BA,Nordeste,Abaixo da meta,-3.5700000000000003
2024,2703403,Municipal,54.66,44.64,51.3,Jacaré dos Homens,AL,Nordeste,Atingiu ou superou,10.019999999999996
2024,2927200,Municipal,27.94,44.71,51.35,Ruy Barbosa,BA,Nordeste,Abaixo da meta,-16.77
2024,3536570,Municipal,73.68,44.71,51.35,Paulistânia,SP,Sudeste,Atingiu ou superou,28.970000000000006
2024,2916104,Municipal,28.57,44.71,51.35,Itaparica,BA,Nordeste,Abaixo da meta,-16.14
2024,5004304,Municipal,60.02,44.73,51.37,Iguatemi,MS,Centro-Oeste,Atingiu ou superou,15.290000000000006
2024,2517001,Municipal,79.38,44.74,51.38,Umbuzeiro,PB,Nordeste,Atingiu ou superou,34.63999999999999
2024,2205458,Municipal,43.83,44.75,51.39,Joca Marques,PI,Nordeste,Abaixo da meta,-0.9200000000000017
2024,2803708,Municipal,29.17,44.75,51.39,Macambira,SE,Nordeste,Abaixo da meta,-15.579999999999998
2024,1720903,Municipal,42.45,44.76,51.39,Taguatinga,TO,Norte,Abaixo da meta,-2.309999999999995
2024,2201408,Municipal,40.17,44.76,51.39,Barro Duro,PI,Nordeste,Abaixo da meta,-4.589999999999996
2024,2404101,Municipal,55.2,44.78,51.41,Galinhos,RN,Nordeste,Atingiu ou superou,10.420000000000002
2024,2802809,Municipal,34.31,44.78,51.41,Indiaroba,SE,Nordeste,Abaixo da meta,-10.469999999999999
2024,3557154,Municipal,80.0,44.78,51.41,Zacarias,SP,Sudeste,Atingiu ou superou,35.22
2024,2933505,Municipal,31.17,44.82,51.45,Wenceslau Guimarães,BA,Nordeste,Abaixo da meta,-13.649999999999999
2024,2201309,Municipal,50.77,44.83,51.45,Barreiras do Piauí,PI,Nordeste,Atingiu ou superou,5.940000000000005
2024,3131604,Municipal,77.81,44.85,51.47,Iraí de Minas,MG,Sudeste,Atingiu ou superou,32.96
2024,2926301,Municipal,38.37,44.85,51.47,Riachão do Jacuípe,BA,Nordeste,Abaixo da meta,-6.480000000000004
2024,2919504,Municipal,38.06,44.87,51.48,Livramento de Nossa Senhora,BA,Nordeste,Abaixo da meta,-6.809999999999995
2024,4207205,Municipal,44.91,,51.51,Imaruí,SC,Sul,Sem dados para comparação,
2024,3167004,Municipal,82.14,44.9,51.51,Serranos,MG,Sudeste,Atingiu ou superou,37.24
2024,5004908,Municipal,45.19,44.9,51.51,Jaraguari,MS,Centro-Oeste,Atingiu ou superou,0.28999999999999915
2024,3123403,Municipal,66.67,44.9,51.51,Doresópolis,MG,Sudeste,Atingiu ou superou,21.770000000000003
2024,2925907,Municipal,34.85,44.9,51.51,Quijingue,BA,Nordeste,Abaixo da meta,-10.049999999999997
2024,2202539,Municipal,68.17,44.94,51.55,Caraúbas do Piauí,PI,Nordeste,Atingiu ou superou,23.230000000000004
2024,2202117,Municipal,59.33,44.96,51.56,Campo Alegre do Fidalgo,PI,Nordeste,Atingiu ou superou,14.369999999999997
2024,1500909,Municipal,43.99,44.99,51.58,Augusto Corrêa,PA,Norte,Abaixo da meta,-1.0
2024,3502309,Municipal,45.69,44.99,51.59,Anhembi,SP,Sudeste,Atingiu ou superou,0.6999999999999957
2024,1701903,Municipal,49.27,45.04,51.63,Araguacema,TO,Norte,Atingiu ou superou,4.230000000000004
2024,2807006,Municipal,46.34,45.06,51.64,São Miguel do Aleixo,SE,Nordeste,Atingiu ou superou,1.2800000000000011
2024,1502707,Municipal,50.69,45.08,51.67,Conceição do Araguaia,PA,Norte,Atingiu ou superou,5.609999999999999
2024,3301009,Municipal,38.33,45.1,51.68,Campos dos Goytacazes,RJ,Sudeste,Abaixo da meta,-6.770000000000003
2024,1507607,Municipal,49.59,45.1,51.68,São Miguel do Guamá,PA,Norte,Atingiu ou superou,4.490000000000002
2024,2506202,Municipal,71.43,45.11,51.69,Frei Martinho,PB,Nordeste,Atingiu ou superou,26.320000000000007
2024,1505700,Municipal,57.13,45.11,51.69,Ponta de Pedras,PA,Norte,Atingiu ou superou,12.020000000000003
2024,5007505,Municipal,48.97,45.12,51.7,Rochedo,MS,Centro-Oeste,Atingiu ou superou,3.8500000000000014
2024,3146750,Municipal,69.41,45.12,51.7,Palmópolis,MG,Sudeste,Atingiu ou superou,24.29
2024,2925931,Municipal,75.47,45.13,51.7,Quixabeira,BA,Nordeste,Atingiu ou superou,30.339999999999996
2024,2901502,Municipal,55.95,45.15,51.72,Anguera,BA,Nordeste,Atingiu ou superou,10.800000000000004
2024,1200609,Municipal,45.18,,51.74,Tarauacá,AC,Norte,Sem dados para comparação,
2024,1301209,Municipal,32.72,45.17,51.74,Coari,AM,Norte,Abaixo da meta,-12.450000000000003
2024,5102603,Municipal,44.13,45.19,51.76,Campinápolis,MT,Centro-Oeste,Abaixo da meta,-1.0599999999999952
2024,2106102,Municipal,66.12,45.2,51.76,Loreto,MA,Nordeste,Atingiu ou superou,20.92
2024,2931202,Municipal,47.52,45.23,51.79,Taperoá,BA,Nordeste,Atingiu ou superou,2.2900000000000063
2024,5221577,Municipal,66.67,45.24,51.79,Uirapuru,GO,Centro-Oeste,Atingiu ou superou,21.43
2024,5003256,Municipal,54.88,45.24,51.8,Costa Rica,MS,Centro-Oeste,Atingiu ou superou,9.64
2024,2409407,Municipal,38.9,45.25,51.81,Pau dos Ferros,RN,Nordeste,Abaixo da meta,-6.350000000000001
2024,2914406,Municipal,44.24,45.26,51.82,Iraquara,BA,Nordeste,Abaixo da meta,-1.019999999999996
2024,2112308,Municipal,66.43,45.32,51.86,Tuntum,MA,Nordeste,Atingiu ou superou,21.110000000000007
2024,2500403,Municipal,89.39,45.33,51.87,Alagoa Nova,PB,Nordeste,Atingiu ou superou,44.06
2024,1303502,Municipal,48.43,45.33,51.88,Pauini,AM,Norte,Atingiu ou superou,3.1000000000000014
2024,1500206,Municipal,41.73,45.4,51.93,Acará,PA,Norte,Abaixo da meta,-3.6700000000000017
2024,2206209,Municipal,60.79,45.41,51.94,Miguel Alves,PI,Nordeste,Atingiu ou superou,15.380000000000003
2024,3169604,Municipal,58.34,45.41,51.94,Tupaciguara,MG,Sudeste,Atingiu ou superou,12.930000000000007
2024,3155405,Municipal,65.4,45.41,51.94,Rio Novo,MG,Sudeste,Atingiu ou superou,19.99000000000001
2024,1707108,Municipal,60.78,45.46,51.98,Divinópolis do Tocantins,TO,Norte,Atingiu ou superou,15.32
2024,3302270,Municipal,36.88,45.46,51.98,Japeri,RJ,Sudeste,Abaixo da meta,-8.579999999999998
2024,3543402,Municipal,45.01,45.48,52.0,Ribeirão Preto,SP,Sudeste,Abaixo da meta,-0.46999999999999886
2024,4202438,Municipal,28.06,45.49,52.0,Bocaina do Sul,SC,Sul,Abaixo da meta,-17.430000000000003
2024,3536901,Municipal,72.73,45.5,52.01,Pedranópolis,SP,Sudeste,Atingiu ou superou,27.230000000000004
2024,4306304,Municipal,45.5,,52.02,David Canabarro,RS,Sul,Sem dados para comparação,
2024,2933208,Municipal,38.27,45.5,52.02,Vera Cruz,BA,Nordeste,Abaixo da meta,-7.229999999999997
2024,3554607,Municipal,58.99,45.52,52.03,Timburi,SP,Sudeste,Atingiu ou superou,13.469999999999999
2024,2927408,Municipal,36.75,45.52,52.03,Salvador,BA,Nordeste,Abaixo da meta,-8.770000000000003
2024,2801009,Municipal,41.74,45.54,52.05,Campo do Brito,SE,Nordeste,Abaixo da meta,-3.799999999999997
2024,2806107,Municipal,39.01,45.54,52.05,Rosário do Catete,SE,Nordeste,Abaixo da meta,-6.530000000000001
2024,4210852,Municipal,74.06,45.55,52.06,Mirim Doce,SC,Sul,Atingiu ou superou,28.510000000000005
2024,3550704,Municipal,44.38,45.57,52.07,São Sebastião,SP,Sudeste,Abaixo da meta,-1.1899999999999977
2024,2704302,Municipal,40.95,45.58,52.09,Maceió,AL,Nordeste,Abaixo da meta,-4.6299999999999955
2024,2102325,Municipal,42.03,45.58,52.09,Buriticupu,MA,Nordeste,Abaixo da meta,-3.549999999999997
2024,3101706,Municipal,55.06,45.59,52.09,Almenara,MG,Sudeste,Atingiu ou superou,9.469999999999999
2024,1715101,Municipal,36.09,45.59,52.09,Novo Acordo,TO,Norte,Abaixo da meta,-9.5
2024,2903003,Municipal,32.43,45.6,52.1,Barra do Mendes,BA,Nordeste,Abaixo da meta,-13.170000000000002
2024,1600279,Municipal,39.8,45.64,52.13,Laranjal do Jari,AP,Norte,Abaixo da meta,-5.840000000000003
2024,2903300,Municipal,24.72,45.64,52.13,Barro Preto,BA,Nordeste,Abaixo da meta,-20.92
2024,2802007,Municipal,19.53,45.68,52.17,Divina Pastora,SE,Nordeste,Abaixo da meta,-26.15
2024,3513405,Municipal,55.99,45.68,52.17,Cruzeiro,SP,Sudeste,Atingiu ou superou,10.310000000000002
2024,2606705,Municipal,62.42,45.68,52.17,Ibirajuba,PE,Nordeste,Atingiu ou superou,16.740000000000002
2024,3518800,Municipal,44.19,45.75,52.23,Guarulhos,SP,Sudeste,Abaixo da meta,-1.5600000000000023
2024,3154150,Municipal,83.87,45.77,52.24,Reduto,MG,Sudeste,Atingiu ou superou,38.1
2024,2700300,Municipal,43.75,45.77,52.24,Arapiraca,AL,Nordeste,Abaixo da meta,-2.020000000000003
2024,2904100,Municipal,32.0,45.8,52.26,Boquira,BA,Nordeste,Abaixo da meta,-13.799999999999997
2024,3102209,Municipal,87.5,45.84,52.3,Alvarenga,MG,Sudeste,Atingiu ou superou,41.66
2024,1720804,Municipal,50.64,45.85,52.31,Sítio Novo do Tocantins,TO,Norte,Atingiu ou superou,4.789999999999999
2024,2920403,Municipal,41.67,45.86,52.32,Manoel Vitorino,BA,Nordeste,Abaixo da meta,-4.189999999999998
2024,2100055,Municipal,62.76,45.9,52.35,Açailândia,MA,Nordeste,Atingiu ou superou,16.86
2024,2708501,Municipal,53.64,45.9,52.35,São Luís do Quitunde,AL,Nordeste,Atingiu ou superou,7.740000000000002
2024,3537602,Municipal,46.81,45.94,52.38,Peruíbe,SP,Sudeste,Atingiu ou superou,0.8700000000000045
2024,2916401,Municipal,32.22,45.94,52.38,Itapetinga,BA,Nordeste,Abaixo da meta,-13.719999999999999
2024,5003306,Municipal,39.19,45.99,52.43,Coxim,MS,Centro-Oeste,Abaixo da meta,-6.800000000000004
2024,1503457,Municipal,42.95,46.0,52.44,Ipixuna do Pará,PA,Norte,Abaixo da meta,-3.049999999999997
2024,2513653,Municipal,90.09,46.0,52.44,Joca Claudino,PB,Nordeste,Atingiu ou superou,44.09
2024,1500107,Municipal,35.85,46.03,52.46,Abaetetuba,PA,Norte,Abaixo da meta,-10.18
2024,5209150,Municipal,81.36,46.07,52.5,Gouvelândia,GO,Centro-Oeste,Atingiu ou superou,35.29
2024,3304805,Municipal,48.7,46.08,52.5,São Fidélis,RJ,Sudeste,Atingiu ou superou,2.6200000000000045
2024,5107776,Municipal,40.74,46.1,52.52,Santa Terezinha,MT,Centro-Oeste,Abaixo da meta,-5.359999999999999
2024,2101400,Municipal,39.54,46.12,52.53,Balsas,MA,Nordeste,Abaixo da meta,-6.579999999999998
2024,2412500,Municipal,44.85,46.13,52.54,São Miguel,RN,Nordeste,Abaixo da meta,-1.2800000000000011
2024,2902500,Municipal,35.92,46.14,52.55,Baianópolis,BA,Nordeste,Abaixo da meta,-10.219999999999999
2024,2204659,Municipal,34.84,46.17,52.58,Ilha Grande,PI,Nordeste,Abaixo da meta,-11.329999999999998
2024,1300029,Municipal,58.47,46.19,52.59,Alvarães,AM,Norte,Atingiu ou superou,12.280000000000001
2024,3135605,Municipal,70.71,46.21,52.61,Jequitaí,MG,Sudeste,Atingiu ou superou,24.499999999999993
2024,1701002,Municipal,46.69,46.22,52.61,Ananás,TO,Norte,Atingiu ou superou,0.46999999999999886
2024,2803807,Municipal,37.63,46.27,52.66,Malhada dos Bois,SE,Nordeste,Abaixo da meta,-8.64
2024,2514651,Municipal,30.0,46.27,52.66,São José do Brejo do Cruz,PB,Nordeste,Abaixo da meta,-16.270000000000003
2024,2515708,Municipal,70.82,46.27,52.66,Serra Grande,PB,Nordeste,Atingiu ou superou,24.54999999999999
2024,3532868,Municipal,25.0,46.27,52.66,Nova Castilho,SP,Sudeste,Abaixo da meta,-21.270000000000003
2024,4302600,Municipal,20.0,46.27,52.66,Braga,RS,Sul,Abaixo da meta,-26.270000000000003
2024,2509370,Municipal,18.18,46.27,52.66,Mato Grosso,PB,Nordeste,Abaixo da meta,-28.090000000000003
2024,2103174,Municipal,36.86,46.3,52.68,Centro Novo do Maranhão,MA,Nordeste,Abaixo da meta,-9.439999999999998
2024,3119104,Municipal,85.75,46.3,52.68,Corinto,MG,Sudeste,Atingiu ou superou,39.45
2024,2709400,Municipal,49.91,46.3,52.68,Viçosa,AL,Nordeste,Atingiu ou superou,3.6099999999999994
2024,2704401,Municipal,37.84,46.33,52.71,Major Isidoro,AL,Nordeste,Abaixo da meta,-8.489999999999995
2024,2925006,Municipal,24.31,46.35,52.73,Planalto,BA,Nordeste,Abaixo da meta,-22.040000000000003
2024,2705002,Municipal,42.45,46.37,52.74,Mata Grande,AL,Nordeste,Abaixo da meta,-3.9199999999999946
2024,2208502,Municipal,36.04,46.38,52.75,Porto,PI,Nordeste,Abaixo da meta,-10.340000000000003
2024,3139250,Municipal,65.94,46.38,52.75,Mamonas,MG,Sudeste,Atingiu ou superou,19.559999999999995
2024,2705705,Municipal,45.46,46.38,52.75,Olho d'Água das Flores,AL,Nordeste,Abaixo da meta,-0.9200000000000017
2024,1701051,Municipal,59.12,46.41,52.78,Angico,TO,Norte,Atingiu ou superou,12.71
2024,1304401,Municipal,46.46,,52.79,Urucurituba,AM,Norte,Sem dados para comparação,
2024,2904050,Municipal,34.0,46.43,52.79,Bonito,BA,Nordeste,Abaixo da meta,-12.43
2024,5007208,Municipal,52.67,46.43,52.79,Rio Brilhante,MS,Centro-Oeste,Atingiu ou superou,6.240000000000002
2024,3138005,Municipal,82.11,46.49,52.84,Laranjal,MG,Sudeste,Atingiu ou superou,35.62
2024,2111573,Municipal,59.47,46.51,52.86,São Pedro dos Crentes,MA,Nordeste,Atingiu ou superou,12.96
2024,3532306,Municipal,57.89,46.55,52.9,Natividade da Serra,SP,Sudeste,Atingiu ou superou,11.340000000000003
2024,2914208,Municipal,65.38,46.57,52.91,Irajuba,BA,Nordeste,Atingiu ou superou,18.809999999999995
2024,4212650,Municipal,45.95,46.6,52.93,Pescaria Brava,SC,Sul,Abaixo da meta,-0.6499999999999986
2024,2103802,Municipal,43.95,46.62,52.95,Dom Pedro,MA,Nordeste,Abaixo da meta,-2.6699999999999946
2024,4113254,Municipal,46.64,,52.96,Laranjal,PR,Sul,Sem dados para comparação,
2024,2104206,Municipal,72.06,46.62,52.96,Fortuna,MA,Nordeste,Atingiu ou superou,25.440000000000005
2024,1502103,Municipal,39.08,46.63,52.96,Cametá,PA,Norte,Abaixo da meta,-7.550000000000004
2024,2513802,Municipal,42.77,46.65,52.98,Santa Teresinha,PB,Nordeste,Abaixo da meta,-3.8799999999999955
2024,5003702,Municipal,53.43,46.65,52.98,Dourados,MS,Centro-Oeste,Atingiu ou superou,6.780000000000001
2024,2404408,Municipal,65.35,46.65,52.98,Grossos,RN,Nordeste,Atingiu ou superou,18.699999999999996
2024,2927705,Municipal,37.36,46.67,52.99,Santa Cruz Cabrália,BA,Nordeste,Abaixo da meta,-9.310000000000002
2024,1712009,Municipal,38.15,46.67,52.99,Lajeado,TO,Norte,Abaixo da meta,-8.520000000000003
2024,3112653,Municipal,77.02,46.67,52.99,Capitão Andrade,MG,Sudeste,Atingiu ou superou,30.349999999999994
2024,1200104,Municipal,46.68,,53.01,Brasiléia,AC,Norte,Sem dados para comparação,
2024,1503804,Municipal,37.87,46.69,53.01,Jacundá,PA,Norte,Abaixo da meta,-8.82
2024,2112407,Municipal,64.42,46.7,53.01,Turiaçu,MA,Nordeste,Atingiu ou superou,17.72
2024,4301107,Municipal,43.2,46.7,53.02,Arroio dos Ratos,RS,Sul,Abaixo da meta,-3.5
2024,3109451,Municipal,54.59,46.7,53.02,Cabeceira Grande,MG,Sudeste,Atingiu ou superou,7.890000000000001
2024,3156809,Municipal,60.64,46.78,53.09,Sabinópolis,MG,Sudeste,Atingiu ou superou,13.86
2024,2908606,Municipal,28.14,46.79,53.1,Conde,BA,Nordeste,Abaixo da meta,-18.65
2024,2704708,Municipal,46.23,46.8,53.1,Marechal Deodoro,AL,Nordeste,Abaixo da meta,-0.5700000000000003
2024,1302207,Municipal,44.2,46.8,53.1,Juruá,AM,Norte,Abaixo da meta,-2.5999999999999943
2024,5005400,Municipal,46.55,46.82,53.12,Maracaju,MS,Centro-Oeste,Abaixo da meta,-0.2700000000000031
2024,4202503,Municipal,28.72,46.82,53.12,Bom Jardim da Serra,SC,Sul,Abaixo da meta,-18.1
2024,1502756,Municipal,54.24,46.82,53.12,Concórdia do Pará,PA,Norte,Atingiu ou superou,7.420000000000002
2024,3131109,Municipal,77.8,46.85,53.14,Inimutaba,MG,Sudeste,Atingiu ou superou,30.949999999999996
2024,2402808,Municipal,32.68,46.85,53.15,Coronel Ezequiel,RN,Nordeste,Abaixo da meta,-14.170000000000002
2024,2408508,Municipal,73.61,46.85,53.15,Ouro Branco,RN,Nordeste,Atingiu ou superou,26.759999999999998
2024,3142254,Municipal,41.67,46.9,53.18,Miravânia,MG,Sudeste,Abaixo da meta,-5.229999999999997
2024,2919926,Municipal,25.81,46.9,53.18,Madre de Deus,BA,Nordeste,Abaixo da meta,-21.09
2024,3154804,Municipal,72.91,46.93,53.21,Rio Acima,MG,Sudeste,Atingiu ou superou,25.979999999999997
2024,5100409,Municipal,52.91,46.93,53.21,Alto Garças,MT,Centro-Oeste,Atingiu ou superou,5.979999999999997
2024,2909406,Municipal,41.9,46.95,53.23,Cotegipe,BA,Nordeste,Abaixo da meta,-5.050000000000004
2024,3546009,Municipal,49.71,46.96,53.24,Santa Branca,SP,Sudeste,Atingiu ou superou,2.75
2024,1506500,Municipal,34.18,46.98,53.25,Santa Isabel do Pará,PA,Norte,Abaixo da meta,-12.799999999999997
2024,2902658,Municipal,36.73,46.98,53.25,Banzaê,BA,Nordeste,Abaixo da meta,-10.25
2024,2920106,Municipal,23.42,46.99,53.26,Mairi,BA,Nordeste,Abaixo da meta,-23.57
2024,2513703,Municipal,35.79,47.0,53.27,Santa Rita,PB,Nordeste,Abaixo da meta,-11.21
2024,1707405,Municipal,47.82,47.0,53.27,Esperantina,TO,Norte,Atingiu ou superou,0.8200000000000003
2024,2706703,Municipal,42.23,47.02,53.29,Penedo,AL,Nordeste,Abaixo da meta,-4.790000000000006
2024,5103361,Municipal,69.46,47.02,53.29,Conquista D'Oeste,MT,Centro-Oeste,Atingiu ou superou,22.43999999999999
2024,3540754,Municipal,46.58,47.02,53.29,Potim,SP,Sudeste,Abaixo da meta,-0.44000000000000483
2024,4209706,Municipal,56.41,47.04,53.3,Lebon Régis,SC,Sul,Atingiu ou superou,9.369999999999997
2024,2409902,Municipal,33.3,47.04,53.3,Pendências,RN,Nordeste,Abaixo da meta,-13.740000000000002
2024,2502409,Municipal,60.93,47.04,53.3,Bonito de Santa Fé,PB,Nordeste,Atingiu ou superou,13.89
2024,3513801,Municipal,48.02,47.05,53.31,Diadema,SP,Sudeste,Atingiu ou superou,0.970000000000006
2024,2917359,Municipal,43.16,47.06,53.32,Jaborandi,BA,Nordeste,Abaixo da meta,-3.9000000000000057
2024,2208809,Municipal,31.32,47.06,53.32,Regeneração,PI,Nordeste,Abaixo da meta,-15.740000000000002
2024,3521002,Municipal,44.75,47.07,53.32,Iperó,SP,Sudeste,Abaixo da meta,-2.3200000000000003
2024,3162450,Municipal,33.42,47.08,53.33,São João das Missões,MG,Sudeste,Abaixo da meta,-13.659999999999997
2024,2906907,Municipal,49.78,47.08,53.33,Caravelas,BA,Nordeste,Atingiu ou superou,2.700000000000003
2024,2108504,Municipal,51.09,47.1,53.35,Pindaré-Mirim,MA,Nordeste,Atingiu ou superou,3.990000000000002
2024,2403509,Municipal,47.13,,53.38,Espírito Santo,RN,Nordeste,Sem dados para comparação,
2024,2927002,Municipal,33.21,47.13,53.38,Rio Real,BA,Nordeste,Abaixo da meta,-13.920000000000002
2024,2201101,Municipal,44.97,47.14,53.38,Avelino Lopes,PI,Nordeste,Abaixo da meta,-2.1700000000000017
2024,4213302,Municipal,60.53,47.14,53.38,Ponte Alta,SC,Sul,Atingiu ou superou,13.39
2024,2931400,Municipal,30.56,47.18,53.42,Teodoro Sampaio,BA,Nordeste,Abaixo da meta,-16.62
2024,3536802,Municipal,47.19,,53.43,Pedra Bela,SP,Sudeste,Sem dados para comparação,
2024,3137304,Municipal,69.48,47.19,53.43,Lagoa dos Patos,MG,Sudeste,Atingiu ou superou,22.290000000000006
2024,2410900,Municipal,27.78,47.19,53.43,Riachuelo,RN,Nordeste,Abaixo da meta,-19.409999999999997
2024,3133204,Municipal,85.64,47.22,53.45,Itanhomi,MG,Sudeste,Atingiu ou superou,38.42
2024,4315057,Municipal,95.2,47.22,53.45,Porto Mauá,RS,Sul,Atingiu ou superou,47.980000000000004
2024,2904407,Municipal,40.43,47.23,53.46,Brejolândia,BA,Nordeste,Abaixo da meta,-6.799999999999997
2024,3116100,Municipal,66.15,47.26,53.49,Chapada do Norte,MG,Sudeste,Atingiu ou superou,18.890000000000008
2024,2102374,Municipal,56.05,47.28,53.5,Cachoeira Grande,MA,Nordeste,Atingiu ou superou,8.769999999999996
2024,2414753,Municipal,53.85,47.31,53.53,Venha-Ver,RN,Nordeste,Atingiu ou superou,6.539999999999999
2024,2800100,Municipal,50.0,47.31,53.53,Amparo de São Francisco,SE,Nordeste,Atingiu ou superou,2.6899999999999977
2024,2403103,Municipal,46.77,47.33,53.54,Currais Novos,RN,Nordeste,Abaixo da meta,-0.5599999999999952
2024,1501253,Municipal,47.37,,53.57,Bannach,PA,Norte,Sem dados para comparação,
2024,2701357,Municipal,62.12,47.36,53.57,Campestre,AL,Nordeste,Atingiu ou superou,14.759999999999998
2024,2701704,Municipal,42.53,47.36,53.57,Capela,AL,Nordeste,Abaixo da meta,-4.829999999999998
2024,4304671,Municipal,43.9,47.38,53.58,Capivari do Sul,RS,Sul,Abaixo da meta,-3.480000000000004
2024,5205455,Municipal,69.63,47.38,53.59,Cezarina,GO,Centro-Oeste,Atingiu ou superou,22.249999999999993
2024,2404606,Municipal,30.13,47.4,53.6,Ielmo Marinho,RN,Nordeste,Abaixo da meta,-17.27
2024,2406809,Municipal,47.42,,53.62,Lajes Pintadas,RN,Nordeste,Sem dados para comparação,
2024,3555406,Municipal,36.64,47.43,53.62,Ubatuba,SP,Sudeste,Abaixo da meta,-10.79
2024,2915007,Municipal,45.45,47.43,53.62,Itaeté,BA,Nordeste,Abaixo da meta,-1.9799999999999969
2024,2205573,Municipal,76.74,47.49,53.68,Lagoa de São Francisco,PI,Nordeste,Atingiu ou superou,29.249999999999993
2024,3122108,Municipal,85.71,47.5,53.68,Divino das Laranjeiras,MG,Sudeste,Atingiu ou superou,38.209999999999994
2024,3551108,Municipal,53.32,47.53,53.71,Sarapuí,SP,Sudeste,Atingiu ou superou,5.789999999999999
2024,2706422,Municipal,68.76,47.56,53.73,Pariconha,AL,Nordeste,Atingiu ou superou,21.200000000000003
2024,2103604,Municipal,55.72,47.59,53.76,Coroatá,MA,Nordeste,Atingiu ou superou,8.129999999999995
2024,2202000,Municipal,61.68,47.6,53.76,Buriti dos Lopes,PI,Nordeste,Atingiu ou superou,14.079999999999998
2024,5003207,Municipal,38.3,47.61,53.78,Corumbá,MS,Centro-Oeste,Abaixo da meta,-9.310000000000002
2024,1304062,Municipal,37.75,47.62,53.79,Tabatinga,AM,Norte,Abaixo da meta,-9.869999999999997
2024,3527603,Municipal,43.03,47.62,53.79,Luís Antônio,SP,Sudeste,Abaixo da meta,-4.589999999999996
2024,1713205,Municipal,46.42,47.63,53.79,Miracema do Tocantins,TO,Norte,Abaixo da meta,-1.2100000000000009
2024,3145059,Municipal,51.93,47.65,53.81,Nova Porteirinha,MG,Sudeste,Atingiu ou superou,4.280000000000001
2024,2101509,Municipal,51.56,47.68,53.84,Barão de Grajaú,MA,Nordeste,Atingiu ou superou,3.8800000000000026
2024,5002704,Municipal,51.76,47.69,53.84,Campo Grande,MS,Centro-Oeste,Atingiu ou superou,4.07
2024,2407401,Municipal,53.91,47.7,53.85,Martins,RN,Nordeste,Atingiu ou superou,6.209999999999994
2024,3159308,Municipal,77.68,47.7,53.85,Santa Rita de Jacutinga,MG,Sudeste,Atingiu ou superou,29.980000000000004
2024,3126703,Municipal,35.05,47.71,53.86,Francisco Sá,MG,Sudeste,Abaixo da meta,-12.660000000000004
2024,2921906,Municipal,38.82,47.73,53.87,Mucugê,BA,Nordeste,Abaixo da meta,-8.909999999999997
2024,3127339,Municipal,53.85,47.75,53.89,Gameleiras,MG,Sudeste,Atingiu ou superou,6.100000000000001
2024,2406403,Municipal,29.67,47.75,53.89,Lagoa de Velhos,RN,Nordeste,Abaixo da meta,-18.08
2024,3509502,Municipal,41.49,47.76,53.9,Campinas,SP,Sudeste,Abaixo da meta,-6.269999999999996
2024,2921054,Municipal,42.52,47.77,53.91,Matina,BA,Nordeste,Abaixo da meta,-5.25
2024,5103254,Municipal,69.19,47.78,53.92,Colniza,MT,Centro-Oeste,Atingiu ou superou,21.409999999999997
2024,3152402,Municipal,79.91,47.81,53.94,Poté,MG,Sudeste,Atingiu ou superou,32.099999999999994
2024,1100106,Municipal,43.07,47.82,53.95,Guajará-Mirim,RO,Norte,Abaixo da meta,-4.75
2024,1600600,Municipal,55.32,47.82,53.95,Santana,AP,Norte,Atingiu ou superou,7.5
2024,2511608,Municipal,61.18,47.82,53.95,Pilões,PB,Nordeste,Atingiu ou superou,13.36
2024,2613404,Municipal,39.24,47.83,53.96,São José da Coroa Grande,PE,Nordeste,Abaixo da meta,-8.589999999999996
2024,4203402,Municipal,53.29,47.83,53.96,Campo Belo do Sul,SC,Sul,Atingiu ou superou,5.460000000000001
2024,1506161,Municipal,56.31,47.85,53.98,Rio Maria,PA,Norte,Atingiu ou superou,8.46
2024,2612406,Municipal,65.85,47.86,53.98,Sanharó,PE,Nordeste,Atingiu ou superou,17.989999999999995
2024,2110708,Municipal,50.11,47.88,54.0,São Domingos do Maranhão,MA,Nordeste,Atingiu ou superou,2.229999999999997
2024,3102407,Municipal,83.33,47.88,54.0,Alvorada de Minas,MG,Sudeste,Atingiu ou superou,35.449999999999996
2024,2903953,Municipal,24.44,47.9,54.02,Bom Jesus da Serra,BA,Nordeste,Abaixo da meta,-23.459999999999997
2024,2910404,Municipal,37.25,47.92,54.03,Encruzilhada,BA,Nordeste,Abaixo da meta,-10.670000000000002
2024,3119302,Municipal,63.22,47.93,54.04,Coromandel,MG,Sudeste,Atingiu ou superou,15.29
2024,3513108,Municipal,59.0,47.95,54.06,Cravinhos,SP,Sudeste,Atingiu ou superou,11.049999999999997
2024,2807402,Municipal,46.26,47.95,54.06,Tobias Barreto,SE,Nordeste,Abaixo da meta,-1.6900000000000048
2024,2112100,Municipal,44.63,47.97,54.08,Timbiras,MA,Nordeste,Abaixo da meta,-3.3399999999999963
2024,2902005,Municipal,28.92,47.99,54.09,Aracatu,BA,Nordeste,Abaixo da meta,-19.07
2024,3110905,Municipal,64.8,48.0,54.1,Campanha,MG,Sudeste,Atingiu ou superou,16.799999999999997
2024,1507961,Municipal,49.88,48.0,54.1,Terra Alta,PA,Norte,Atingiu ou superou,1.8800000000000026
2024,3128253,Municipal,80.7,48.04,54.13,Guaraciama,MG,Sudeste,Atingiu ou superou,32.660000000000004
2024,5000609,Municipal,69.72,48.04,54.14,Amambai,MS,Centro-Oeste,Atingiu ou superou,21.68
2024,2914604,Municipal,46.83,48.05,54.14,Irecê,BA,Nordeste,Abaixo da meta,-1.2199999999999989
2024,2706505,Municipal,32.59,48.06,54.15,Passo de Camaragibe,AL,Nordeste,Abaixo da meta,-15.469999999999999
2024,3113008,Municipal,71.52,48.07,54.16,Caraí,MG,Sudeste,Atingiu ou superou,23.449999999999996
2024,3302007,Municipal,41.61,48.08,54.17,Itaguaí,RJ,Sudeste,Abaixo da meta,-6.469999999999999
2024,2709004,Municipal,53.45,48.08,54.17,Tanque d'Arca,AL,Nordeste,Atingiu ou superou,5.3700000000000045
2024,2503308,Municipal,52.23,48.08,54.17,Cachoeira dos Índios,PB,Nordeste,Atingiu ou superou,4.149999999999999
2024,3552502,Municipal,46.82,48.1,54.18,Suzano,SP,Sudeste,Abaixo da meta,-1.2800000000000011
2024,2107605,Municipal,70.09,48.1,54.18,Palmeirândia,MA,Nordeste,Atingiu ou superou,21.990000000000002
2024,2903276,Municipal,46.15,48.11,54.19,Barrocas,BA,Nordeste,Abaixo da meta,-1.9600000000000009
2024,2500700,Municipal,72.85,48.11,54.19,São João do Rio do Peixe,PB,Nordeste,Atingiu ou superou,24.739999999999995
2024,3506706,Municipal,55.34,48.12,54.2,Boa Esperança do Sul,SP,Sudeste,Atingiu ou superou,7.220000000000006
2024,3165602,Municipal,81.82,48.13,54.21,Senador Cortes,MG,Sudeste,Atingiu ou superou,33.68999999999999
2024,4107520,Municipal,71.04,48.13,54.21,Esperança Nova,PR,Sul,Atingiu ou superou,22.910000000000004
2024,2409605,Municipal,37.5,48.13,54.21,Pedra Preta,RN,Nordeste,Abaixo da meta,-10.630000000000003
2024,4312708,Municipal,52.4,48.14,54.22,Nonoai,RS,Sul,Atingiu ou superou,4.259999999999998
2024,2803302,Municipal,58.28,48.16,54.23,Japaratuba,SE,Nordeste,Atingiu ou superou,10.120000000000005
2024,3551900,Municipal,61.65,48.16,54.23,Severínia,SP,Sudeste,Atingiu ou superou,13.490000000000002
2024,3522307,Municipal,50.81,48.17,54.24,Itapetininga,SP,Sudeste,Atingiu ou superou,2.6400000000000006
2024,2926400,Municipal,52.53,48.17,54.24,Riacho de Santana,BA,Nordeste,Atingiu ou superou,4.359999999999999
2024,2512002,Municipal,54.09,48.17,54.24,Pocinhos,PB,Nordeste,Atingiu ou superou,5.920000000000002
2024,3143203,Municipal,61.59,48.17,54.24,Monte Santo de Minas,MG,Sudeste,Atingiu ou superou,13.420000000000002
2024,2400208,Municipal,40.86,48.18,54.25,Açu,RN,Nordeste,Abaixo da meta,-7.32
2024,2924306,Municipal,45.33,48.21,54.27,Piatã,BA,Nordeste,Abaixo da meta,-2.8800000000000026
2024,2914703,Municipal,41.07,48.23,54.29,Itaberaba,BA,Nordeste,Abaixo da meta,-7.159999999999997
2024,3101904,Municipal,78.56,48.26,54.32,Alpinópolis,MG,Sudeste,Atingiu ou superou,30.300000000000004
2024,2606408,Municipal,43.1,48.26,54.32,Gravatá,PE,Nordeste,Abaixo da meta,-5.159999999999997
2024,1716208,Municipal,68.45,48.28,54.33,Paranã,TO,Norte,Atingiu ou superou,20.17
2024,2104800,Municipal,45.8,48.35,54.39,Grajaú,MA,Nordeste,Abaixo da meta,-2.5500000000000043
2024,2913200,Municipal,32.87,48.37,54.41,Ibotirama,BA,Nordeste,Abaixo da meta,-15.5
2024,2111805,Municipal,54.44,48.38,54.41,Sítio Novo,MA,Nordeste,Atingiu ou superou,6.059999999999995
2024,2504009,Municipal,47.92,48.39,54.42,Campina Grande,PB,Nordeste,Abaixo da meta,-0.46999999999999886
2024,4208807,Municipal,56.28,48.39,54.42,Jaguaruna,SC,Sul,Atingiu ou superou,7.890000000000001
2024,4316972,Municipal,25.7,48.4,54.43,Santa Margarida do Sul,RS,Sul,Abaixo da meta,-22.7
2024,2513901,Municipal,46.87,48.44,54.46,São Bento,PB,Nordeste,Abaixo da meta,-1.5700000000000003
2024,3122454,Municipal,72.43,48.44,54.46,Divisópolis,MG,Sudeste,Atingiu ou superou,23.99000000000001
2024,3527207,Municipal,47.82,48.46,54.48,Lorena,SP,Sudeste,Abaixo da meta,-0.6400000000000006
2024,2500775,Municipal,62.41,48.47,54.49,Aparecida,PB,Nordeste,Atingiu ou superou,13.939999999999998
2024,3153707,Municipal,63.55,48.47,54.49,Quartel Geral,MG,Sudeste,Atingiu ou superou,15.079999999999998
2024,2910750,Municipal,49.57,48.48,54.5,Fátima,BA,Nordeste,Atingiu ou superou,1.0900000000000034
2024,5102793,Municipal,98.95,48.49,54.51,Carlinda,MT,Centro-Oeste,Atingiu ou superou,50.46
2024,2201739,Municipal,82.76,48.5,54.51,Betânia do Piauí,PI,Nordeste,Atingiu ou superou,34.260000000000005
2024,3519253,Municipal,42.77,48.52,54.53,Iaras,SP,Sudeste,Abaixo da meta,-5.75
2024,3123106,Municipal,72.49,48.52,54.53,Dores de Guanhães,MG,Sudeste,Atingiu ou superou,23.96999999999999
2024,5104609,Municipal,58.16,48.53,54.54,Itiquira,MT,Centro-Oeste,Atingiu ou superou,9.629999999999995
2024,3506607,Municipal,52.19,48.54,54.54,Biritiba-Mirim,SP,Sudeste,Atingiu ou superou,3.6499999999999986
2024,1712405,Municipal,19.44,48.57,54.57,Lizarda,TO,Norte,Abaixo da meta,-29.13
2024,2930709,Municipal,42.14,48.58,54.58,Simões Filho,BA,Nordeste,Abaixo da meta,-6.439999999999998
2024,2500536,Municipal,45.86,48.58,54.58,Alcantil,PB,Nordeste,Abaixo da meta,-2.719999999999999
2024,2902401,Municipal,33.61,48.61,54.6,Aurelino Leal,BA,Nordeste,Abaixo da meta,-15.0
2024,1503705,Municipal,44.08,48.62,54.62,Itupiranga,PA,Norte,Abaixo da meta,-4.539999999999999
2024,5219753,Municipal,53.64,48.66,54.64,Santo Antônio do Descoberto,GO,Centro-Oeste,Atingiu ou superou,4.980000000000004
2024,1501709,Municipal,37.0,48.67,54.65,Bragança,PA,Norte,Abaixo da meta,-11.670000000000002
2024,3101003,Municipal,74.46,48.71,54.69,Águas Vermelhas,MG,Sudeste,Atingiu ou superou,25.749999999999993
2024,4200556,Municipal,88.24,48.72,54.69,Águas Frias,SC,Sul,Atingiu ou superou,39.519999999999996
2024,3154705,Municipal,80.2,48.75,54.72,Ribeirão Vermelho,MG,Sudeste,Atingiu ou superou,31.450000000000003
2024,3135050,Municipal,63.5,48.75,54.72,Jaíba,MG,Sudeste,Atingiu ou superou,14.75
2024,3554805,Municipal,54.73,48.77,54.74,Tremembé,SP,Sudeste,Atingiu ou superou,5.959999999999994
2024,2600609,Municipal,53.87,48.79,54.75,Alagoinha,PE,Nordeste,Atingiu ou superou,5.079999999999998
2024,3107406,Municipal,65.88,48.79,54.75,Bom Despacho,MG,Sudeste,Atingiu ou superou,17.089999999999996
2024,2807501,Municipal,40.43,48.79,54.75,Tomar do Geru,SE,Nordeste,Abaixo da meta,-8.36
2024,4316436,Municipal,69.6,48.79,54.75,Saldanha Marinho,RS,Sul,Atingiu ou superou,20.809999999999995
2024,3548203,Municipal,73.68,48.8,54.76,Santo Antônio do Pinhal,SP,Sudeste,Atingiu ou superou,24.88000000000001
2024,2414100,Municipal,52.25,48.81,54.77,Tenente Ananias,RN,Nordeste,Atingiu ou superou,3.4399999999999977
2024,2414001,Municipal,36.85,48.84,54.8,Tangará,RN,Nordeste,Abaixo da meta,-11.990000000000002
2024,2708907,Municipal,55.11,48.85,54.8,Satuba,AL,Nordeste,Atingiu ou superou,6.259999999999998
2024,1721109,Municipal,51.16,48.88,54.82,Tocantínia,TO,Norte,Atingiu ou superou,2.279999999999994
2024,3523107,Municipal,57.19,48.89,54.84,Itaquaquecetuba,SP,Sudeste,Atingiu ou superou,8.299999999999997
2024,3121902,Municipal,75.0,48.91,54.85,Divinésia,MG,Sudeste,Atingiu ou superou,26.090000000000003
2024,3136009,Municipal,64.1,48.92,54.86,Joaíma,MG,Sudeste,Atingiu ou superou,15.179999999999993
2024,2610004,Municipal,64.85,48.92,54.86,Palmares,PE,Nordeste,Atingiu ou superou,15.929999999999993
2024,2924801,Municipal,40.58,48.97,54.9,Piritiba,BA,Nordeste,Abaixo da meta,-8.39
2024,3551009,Municipal,47.93,49.01,54.93,São Vicente,SP,Sudeste,Abaixo da meta,-1.0799999999999983
2024,3130705,Municipal,53.9,49.02,54.94,Indianópolis,MG,Sudeste,Atingiu ou superou,4.8799999999999955
2024,2804102,Municipal,58.01,49.05,54.97,Moita Bonita,SE,Nordeste,Atingiu ou superou,8.96
2024,2929750,Municipal,52.63,49.07,54.98,Saubara,BA,Nordeste,Atingiu ou superou,3.5600000000000023
2024,1506203,Municipal,50.44,49.14,55.04,Salinópolis,PA,Norte,Atingiu ou superou,1.2999999999999972
2024,2205524,Municipal,100.0,49.16,55.06,Júlio Borges,PI,Nordeste,Atingiu ou superou,50.84
2024,5202155,Municipal,68.98,49.16,55.06,Araguapaz,GO,Centro-Oeste,Atingiu ou superou,19.820000000000007
2024,3503000,Municipal,72.03,49.16,55.06,Aramina,SP,Sudeste,Atingiu ou superou,22.870000000000005
2024,1200054,Municipal,49.17,,55.08,Assis Brasil,AC,Norte,Sem dados para comparação,
2024,5002951,Municipal,63.42,49.18,55.08,Chapadão do Sul,MS,Centro-Oeste,Atingiu ou superou,14.240000000000002
2024,4309407,Municipal,49.2,,55.09,Guaporé,RS,Sul,Sem dados para comparação,
2024,1600303,Municipal,49.14,49.2,55.09,Macapá,AP,Norte,Abaixo da meta,-0.060000000000002274
2024,2408904,Municipal,50.73,49.2,55.09,Parelhas,RN,Nordeste,Atingiu ou superou,1.529999999999994
2024,4202073,Municipal,49.21,,55.1,Balneário Gaivota,SC,Sul,Sem dados para comparação,
2024,3157500,Municipal,75.81,49.21,55.1,Santa Efigênia de Minas,MG,Sudeste,Atingiu ou superou,26.6
2024,3144102,Municipal,75.51,49.23,55.11,Muzambinho,MG,Sudeste,Atingiu ou superou,26.28000000000001
2024,3504008,Municipal,54.85,49.23,55.12,Assis,SP,Sudeste,Atingiu ou superou,5.6200000000000045
2024,2704203,Municipal,44.61,49.3,55.18,Limoeiro de Anadia,AL,Nordeste,Abaixo da meta,-4.689999999999998
2024,2907509,Municipal,39.39,49.32,55.19,Catu,BA,Nordeste,Abaixo da meta,-9.93
2024,3528403,Municipal,49.33,,55.2,Mairinque,SP,Sudeste,Sem dados para comparação,
2024,3502507,Municipal,53.75,49.33,55.2,Aparecida,SP,Sudeste,Atingiu ou superou,4.420000000000002
2024,3539103,Municipal,40.79,49.33,55.2,Pirapora do Bom Jesus,SP,Sudeste,Abaixo da meta,-8.54
2024,2919801,Municipal,31.5,49.35,55.21,Macaúbas,BA,Nordeste,Abaixo da meta,-17.85
2024,3304755,Municipal,47.47,49.36,55.22,São Francisco de Itabapoana,RJ,Sudeste,Abaixo da meta,-1.8900000000000006
2024,2701803,Municipal,38.85,49.37,55.23,Carneiros,AL,Nordeste,Abaixo da meta,-10.519999999999996
2024,3534203,Municipal,48.15,49.39,55.25,Orindiúva,SP,Sudeste,Abaixo da meta,-1.240000000000002
2024,3529906,Municipal,65.52,49.39,55.25,Miracatu,SP,Sudeste,Atingiu ou superou,16.129999999999995
2024,3301207,Municipal,67.98,49.44,55.29,Carmo,RJ,Sudeste,Atingiu ou superou,18.540000000000006
2024,1718808,Municipal,43.25,49.44,55.29,Sampaio,TO,Norte,Abaixo da meta,-6.189999999999998
2024,2510808,Municipal,67.47,49.44,55.29,Patos,PB,Nordeste,Atingiu ou superou,18.03
2024,3512704,Municipal,84.16,49.46,55.31,Corumbataí,SP,Sudeste,Atingiu ou superou,34.699999999999996
2024,3136702,Municipal,49.55,49.46,55.31,Juiz de Fora,MG,Sudeste,Atingiu ou superou,0.0899999999999963
2024,2201507,Municipal,46.97,49.49,55.33,Batalha,PI,Nordeste,Abaixo da meta,-2.520000000000003
2024,1301308,Municipal,40.59,49.49,55.33,Codajás,AM,Norte,Abaixo da meta,-8.899999999999999
2024,1505809,Municipal,40.72,49.51,55.35,Portel,PA,Norte,Abaixo da meta,-8.79
2024,2923506,Municipal,40.45,49.55,55.38,Palmeiras,BA,Nordeste,Abaixo da meta,-9.099999999999994
2024,3506003,Municipal,50.56,49.57,55.39,Bauru,SP,Sudeste,Atingiu ou superou,0.990000000000002
2024,3157104,Municipal,59.15,49.57,55.39,Salto da Divisa,MG,Sudeste,Atingiu ou superou,9.579999999999998
2024,2103000,Municipal,55.15,49.57,55.39,Caxias,MA,Nordeste,Atingiu ou superou,5.579999999999998
2024,5002100,Municipal,48.18,49.58,55.41,Bela Vista,MS,Centro-Oeste,Abaixo da meta,-1.3999999999999986
2024,2110807,Municipal,44.69,49.59,55.41,São Félix de Balsas,MA,Nordeste,Abaixo da meta,-4.900000000000006
2024,3512001,Municipal,57.89,49.61,55.43,Colina,SP,Sudeste,Atingiu ou superou,8.280000000000001
2024,2508505,Municipal,55.32,49.62,55.44,Livramento,PB,Nordeste,Atingiu ou superou,5.700000000000003
2024,2928604,Municipal,36.96,49.62,55.44,Santo Amaro,BA,Nordeste,Abaixo da meta,-12.659999999999997
2024,3171006,Municipal,71.85,49.64,55.46,Vazante,MG,Sudeste,Atingiu ou superou,22.209999999999994
2024,2701902,Municipal,51.71,49.65,55.46,Chã Preta,AL,Nordeste,Atingiu ou superou,2.0600000000000023
2024,3156007,Municipal,59.95,49.66,55.47,Rio Vermelho,MG,Sudeste,Atingiu ou superou,10.290000000000006
2024,3509007,Municipal,52.21,49.69,55.49,Caieiras,SP,Sudeste,Atingiu ou superou,2.520000000000003
2024,2103554,Municipal,54.26,49.69,55.49,Conceição do Lago-Açu,MA,Nordeste,Atingiu ou superou,4.57
2024,2204204,Municipal,48.78,49.73,55.53,Francisco Santos,PI,Nordeste,Abaixo da meta,-0.9499999999999957
2024,5106828,Municipal,49.8,49.74,55.54,Porto Esperidião,MT,Centro-Oeste,Atingiu ou superou,0.05999999999999517
2024,3135803,Municipal,55.65,49.76,55.55,Jequitinhonha,MG,Sudeste,Atingiu ou superou,5.890000000000001
2024,1720101,Municipal,52.93,49.76,55.55,São Bento do Tocantins,TO,Norte,Atingiu ou superou,3.1700000000000017
2024,1302504,Municipal,37.28,49.77,55.57,Manacapuru,AM,Norte,Abaixo da meta,-12.490000000000002
2024,1501808,Municipal,55.58,49.78,55.57,Breves,PA,Norte,Atingiu ou superou,5.799999999999997
2024,3549250,Municipal,44.44,49.78,55.57,São João de Iracema,SP,Sudeste,Abaixo da meta,-5.340000000000003
2024,2907301,Municipal,30.54,49.79,55.58,Castro Alves,BA,Nordeste,Abaixo da meta,-19.25
2024,3511409,Municipal,39.99,49.79,55.58,Cerqueira César,SP,Sudeste,Abaixo da meta,-9.799999999999997
2024,2925105,Municipal,42.93,49.79,55.58,Poções,BA,Nordeste,Abaixo da meta,-6.859999999999999
2024,2709103,Municipal,38.96,49.8,55.59,Taquarana,AL,Nordeste,Abaixo da meta,-10.839999999999996
2024,3521101,Municipal,62.62,49.81,55.59,Ipeúna,SP,Sudeste,Atingiu ou superou,12.809999999999995
2024,2930766,Municipal,42.47,49.83,55.61,Sítio do Quinto,BA,Nordeste,Abaixo da meta,-7.359999999999999
2024,2608255,Municipal,68.81,49.83,55.61,Jucati,PE,Nordeste,Atingiu ou superou,18.980000000000004
2024,2400109,Municipal,38.21,49.84,55.62,Acari,RN,Nordeste,Abaixo da meta,-11.630000000000003
2024,2613701,Municipal,53.32,49.84,55.62,São Lourenço da Mata,PE,Nordeste,Atingiu ou superou,3.479999999999997
2024,2915601,Municipal,37.41,49.84,55.62,Itamaraju,BA,Nordeste,Abaixo da meta,-12.430000000000007
2024,2917300,Municipal,29.17,49.86,55.64,Ituberá,BA,Nordeste,Abaixo da meta,-20.689999999999998
2024,2505501,Municipal,58.31,49.87,55.64,Vista Serrana,PB,Nordeste,Atingiu ou superou,8.440000000000005
2024,2901601,Municipal,23.17,49.89,55.66,Antas,BA,Nordeste,Abaixo da meta,-26.72
2024,3168051,Municipal,80.0,49.89,55.66,Taparuba,MG,Sudeste,Atingiu ou superou,30.11
2024,2801900,Municipal,54.53,49.89,55.66,Cumbe,SE,Nordeste,Atingiu ou superou,4.640000000000001
2024,3545308,Municipal,45.12,49.9,55.67,Salto de Pirapora,SP,Sudeste,Abaixo da meta,-4.780000000000001
2024,3171808,Municipal,65.62,49.9,55.67,Virginópolis,MG,Sudeste,Atingiu ou superou,15.720000000000006
2024,2516201,Municipal,66.52,49.9,55.67,Sousa,PB,Nordeste,Atingiu ou superou,16.619999999999997
2024,5108857,Municipal,80.62,49.91,55.67,Nova Marilândia,MT,Centro-Oeste,Atingiu ou superou,30.710000000000008
2024,2933174,Municipal,40.0,49.91,55.67,Varzedo,BA,Nordeste,Abaixo da meta,-9.909999999999997
2024,3520400,Municipal,43.27,49.92,55.69,Ilhabela,SP,Sudeste,Abaixo da meta,-6.649999999999999
2024,2912509,Municipal,46.81,49.93,55.69,Ibipitanga,BA,Nordeste,Abaixo da meta,-3.1199999999999974
2024,2406007,Municipal,49.94,,55.7,José da Penha,RN,Nordeste,Sem dados para comparação,
2024,2614303,Municipal,56.94,49.94,55.7,Moreilândia,PE,Nordeste,Atingiu ou superou,7.0
2024,2903706,Municipal,46.51,49.97,55.73,Boa Nova,BA,Nordeste,Abaixo da meta,-3.460000000000001
2024,4320305,Municipal,50.0,,55.76,Selbach,RS,Sul,Sem dados para comparação,
2024,4307831,Municipal,50.0,,55.76,Eugênio de Castro,RS,Sul,Sem dados para comparação,
2024,2509206,Municipal,40.69,50.02,55.77,Massaranduba,PB,Nordeste,Abaixo da meta,-9.330000000000005
2024,3103405,Municipal,50.75,50.02,55.77,Araçuaí,MG,Sudeste,Atingiu ou superou,0.7299999999999969
2024,2109304,Municipal,47.82,50.02,55.77,Presidente Vargas,MA,Nordeste,Abaixo da meta,-2.200000000000003
2024,2403251,Municipal,35.27,50.04,55.79,Parnamirim,RN,Nordeste,Abaixo da meta,-14.769999999999996
2024,2500577,Municipal,50.16,50.06,55.8,Algodão de Jandaíra,PB,Nordeste,Atingiu ou superou,0.09999999999999432
2024,2210003,Municipal,65.25,50.09,55.82,São João do Piauí,PI,Nordeste,Atingiu ou superou,15.159999999999997
2024,1504976,Municipal,52.55,50.09,55.82,Nova Ipixuna,PA,Norte,Atingiu ou superou,2.4599999999999937
2024,3303203,Municipal,47.32,50.1,55.83,Nilópolis,RJ,Sudeste,Abaixo da meta,-2.780000000000001
2024,3554102,Municipal,53.88,50.1,55.84,Taubaté,SP,Sudeste,Atingiu ou superou,3.780000000000001
2024,3508900,Municipal,65.71,50.17,55.89,Caiabu,SP,Sudeste,Atingiu ou superou,15.539999999999992
2024,2200251,Municipal,74.63,50.17,55.89,Alagoinha do Piauí,PI,Nordeste,Atingiu ou superou,24.459999999999994
2024,1709500,Municipal,54.37,50.17,55.89,Gurupi,TO,Norte,Atingiu ou superou,4.199999999999996
2024,4206652,Municipal,38.7,50.17,55.89,Guatambú,SC,Sul,Abaixo da meta,-11.469999999999999
2024,1702000,Municipal,40.54,50.21,55.92,Araguaçu,TO,Norte,Abaixo da meta,-9.670000000000002
2024,2909703,Municipal,43.75,50.23,55.94,Cristópolis,BA,Nordeste,Abaixo da meta,-6.479999999999997
2024,2102804,Municipal,50.96,50.25,55.96,Carolina,MA,Nordeste,Atingiu ou superou,0.7100000000000009
2024,4219358,Municipal,76.12,50.26,55.97,Vitor Meireles,SC,Sul,Atingiu ou superou,25.860000000000007
2024,2512754,Municipal,46.23,50.27,55.97,Riachão do Bacamarte,PB,Nordeste,Abaixo da meta,-4.040000000000006
2024,4211850,Municipal,66.67,50.27,55.97,Ouro Verde,SC,Sul,Atingiu ou superou,16.4
2024,3158508,Municipal,64.47,50.29,55.99,Santana de Pirapama,MG,Sudeste,Atingiu ou superou,14.18
2024,2604205,Municipal,21.83,50.3,56.0,Catende,PE,Nordeste,Abaixo da meta,-28.47
2024,3511706,Municipal,62.5,50.3,56.0,Charqueada,SP,Sudeste,Atingiu ou superou,12.200000000000003
2024,3502002,Municipal,68.65,50.32,56.02,Analândia,SP,Sudeste,Atingiu ou superou,18.330000000000005
2024,5002159,Municipal,46.43,50.32,56.02,Bodoquena,MS,Centro-Oeste,Abaixo da meta,-3.8900000000000006
2024,3540259,Municipal,51.66,50.33,56.02,Pontalinda,SP,Sudeste,Atingiu ou superou,1.3299999999999983
2024,2414159,Municipal,37.18,50.34,56.03,Tenente Laurentino Cruz,RN,Nordeste,Abaixo da meta,-13.160000000000004
2024,2923902,Municipal,34.68,50.35,56.04,Pau Brasil,BA,Nordeste,Abaixo da meta,-15.670000000000002
2024,5208509,Municipal,72.17,50.36,56.04,Goiandira,GO,Centro-Oeste,Atingiu ou superou,21.810000000000002
2024,3123809,Municipal,76.22,50.36,56.04,Engenheiro Navarro,MG,Sudeste,Atingiu ou superou,25.86
2024,3536307,Municipal,67.0,50.36,56.04,Patrocínio Paulista,SP,Sudeste,Atingiu ou superou,16.64
2024,1703800,Municipal,50.39,,56.06,Buriti do Tocantins,TO,Norte,Sem dados para comparação,
2024,2900355,Municipal,42.45,50.37,56.06,Adustina,BA,Nordeste,Abaixo da meta,-7.919999999999995
2024,2928901,Municipal,54.07,50.38,56.06,São Desidério,BA,Nordeste,Atingiu ou superou,3.6899999999999977
2024,5104500,Municipal,67.61,50.4,56.08,Indiavaí,MT,Centro-Oeste,Atingiu ou superou,17.21
2024,3129004,Municipal,82.89,50.41,56.09,Guiricema,MG,Sudeste,Atingiu ou superou,32.480000000000004
2024,3156304,Municipal,81.95,50.42,56.09,Rodeiro,MG,Sudeste,Atingiu ou superou,31.53
2024,3519709,Municipal,53.06,50.42,56.09,Ibiúna,SP,Sudeste,Atingiu ou superou,2.6400000000000006
2024,3555604,Municipal,87.56,50.47,56.14,Uchoa,SP,Sudeste,Atingiu ou superou,37.09
2024,1502509,Municipal,74.09,50.48,56.14,Chaves,PA,Norte,Atingiu ou superou,23.610000000000007
2024,2901304,Municipal,47.79,50.48,56.14,Andaraí,BA,Nordeste,Abaixo da meta,-2.6899999999999977
2024,2933109,Municipal,43.64,50.5,56.16,Várzea do Poço,BA,Nordeste,Abaixo da meta,-6.859999999999999
2024,3525003,Municipal,51.39,50.54,56.19,Jandira,SP,Sudeste,Atingiu ou superou,0.8500000000000014
2024,3524006,Municipal,48.94,50.55,56.2,Itupeva,SP,Sudeste,Abaixo da meta,-1.6099999999999994
2024,5006358,Municipal,66.43,50.56,56.21,Paranhos,MS,Centro-Oeste,Atingiu ou superou,15.870000000000005
2024,2614857,Municipal,57.18,50.56,56.21,Tamandaré,PE,Nordeste,Atingiu ou superou,6.619999999999997
2024,2924652,Municipal,55.7,50.59,56.24,Pintadas,BA,Nordeste,Atingiu ou superou,5.109999999999999
2024,2932002,Municipal,40.28,50.59,56.24,Uauá,BA,Nordeste,Abaixo da meta,-10.310000000000002
2024,3534302,Municipal,57.15,50.6,56.24,Orlândia,SP,Sudeste,Atingiu ou superou,6.549999999999997
2024,2102200,Municipal,28.95,50.62,56.26,Buriti,MA,Nordeste,Abaixo da meta,-21.669999999999998
2024,3145356,Municipal,62.37,50.62,56.26,Novo Oriente de Minas,MG,Sudeste,Atingiu ou superou,11.75
2024,3510807,Municipal,61.98,50.63,56.27,Casa Branca,SP,Sudeste,Atingiu ou superou,11.349999999999994
2024,2403905,Municipal,78.95,50.65,56.29,Francisco Dantas,RN,Nordeste,Atingiu ou superou,28.300000000000004
2024,5103858,Municipal,59.6,50.68,56.31,Gaúcha do Norte,MT,Centro-Oeste,Atingiu ou superou,8.920000000000002
2024,2904001,Municipal,48.96,50.69,56.32,Boninal,BA,Nordeste,Abaixo da meta,-1.7299999999999969
2024,2207801,Municipal,50.47,50.71,56.33,Paulistana,PI,Nordeste,Abaixo da meta,-0.240000000000002
2024,2911303,Municipal,54.32,50.71,56.33,Gentio do Ouro,BA,Nordeste,Atingiu ou superou,3.6099999999999994
2024,2104107,Municipal,78.25,50.73,56.35,Fortaleza dos Nogueiras,MA,Nordeste,Atingiu ou superou,27.520000000000003
2024,3532827,Municipal,61.55,50.74,56.36,Nova Campina,SP,Sudeste,Atingiu ou superou,10.809999999999995
2024,2613107,Municipal,53.17,50.74,56.36,São Caitano,PE,Nordeste,Atingiu ou superou,2.4299999999999997
2024,2112001,Municipal,54.9,50.74,56.36,Tasso Fragoso,MA,Nordeste,Atingiu ou superou,4.159999999999997
2024,2513851,Municipal,35.81,50.76,56.38,Santo André,PB,Nordeste,Abaixo da meta,-14.949999999999996
2024,2927804,Municipal,37.04,50.76,56.38,Santa Cruz da Vitória,BA,Nordeste,Abaixo da meta,-13.719999999999999
2024,3557303,Municipal,51.48,50.77,56.38,Estiva Gerbi,SP,Sudeste,Atingiu ou superou,0.7099999999999937
2024,2210656,Municipal,75.67,50.79,56.4,Sigefredo Pacheco,PI,Nordeste,Atingiu ou superou,24.880000000000003
2024,3106903,Municipal,70.71,50.81,56.41,Bicas,MG,Sudeste,Atingiu ou superou,19.89999999999999
2024,2105302,Municipal,54.73,50.82,56.42,Imperatriz,MA,Nordeste,Atingiu ou superou,3.9099999999999966
2024,3302304,Municipal,48.41,50.82,56.42,Laje do Muriaé,RJ,Sudeste,Abaixo da meta,-2.4100000000000037
2024,3525409,Municipal,49.55,50.82,56.43,Jeriquara,SP,Sudeste,Abaixo da meta,-1.2700000000000031
2024,3510609,Municipal,44.8,50.83,56.43,Carapicuíba,SP,Sudeste,Abaixo da meta,-6.030000000000001
2024,2104404,Municipal,66.96,50.85,56.45,Gonçalves Dias,MA,Nordeste,Atingiu ou superou,16.109999999999992
2024,1301852,Municipal,34.35,50.85,56.45,Iranduba,AM,Norte,Abaixo da meta,-16.5
2024,2602001,Municipal,47.32,50.85,56.45,Bodocó,PE,Nordeste,Abaixo da meta,-3.530000000000001
2024,3104502,Municipal,46.89,50.89,56.48,Arinos,MG,Sudeste,Abaixo da meta,-4.0
2024,4121000,Municipal,50.32,50.89,56.48,Querência do Norte,PR,Sul,Abaixo da meta,-0.5700000000000003
2024,1503507,Municipal,49.64,50.89,56.48,Irituia,PA,Norte,Abaixo da meta,-1.25
2024,3300308,Municipal,48.01,50.89,56.48,Barra do Piraí,RJ,Sudeste,Abaixo da meta,-2.8800000000000026
2024,3149952,Municipal,44.47,50.92,56.51,Periquito,MG,Sudeste,Abaixo da meta,-6.450000000000003
2024,2900801,Municipal,29.6,50.94,56.52,Alcobaça,BA,Nordeste,Abaixo da meta,-21.339999999999996
2024,3163300,Municipal,54.62,50.96,56.54,São José do Divino,MG,Sudeste,Atingiu ou superou,3.6599999999999966
2024,3169505,Municipal,74.58,50.96,56.54,Tumiritinga,MG,Sudeste,Atingiu ou superou,23.619999999999997
2024,3134707,Municipal,55.44,50.97,56.55,Jacinto,MG,Sudeste,Atingiu ou superou,4.469999999999999
2024,4306932,Municipal,51.0,,56.56,Entre-Ijuís,RS,Sul,Sem dados para comparação,
2024,5106307,Municipal,60.98,50.99,56.56,Paranatinga,MT,Centro-Oeste,Atingiu ou superou,9.989999999999995
2024,2801108,Municipal,64.29,51.04,56.6,Canhoba,SE,Nordeste,Atingiu ou superou,13.250000000000007
2024,2413805,Municipal,73.08,51.04,56.6,Taboleiro Grande,RN,Nordeste,Atingiu ou superou,22.04
2024,3555307,Municipal,70.59,51.04,56.6,Turmalina,SP,Sudeste,Atingiu ou superou,19.550000000000004
2024,2409506,Municipal,44.5,51.07,56.63,Pedra Grande,RN,Nordeste,Abaixo da meta,-6.57
2024,3111804,Municipal,76.49,51.07,56.63,Canápolis,MG,Sudeste,Atingiu ou superou,25.419999999999995
2024,4315503,Municipal,33.0,51.07,56.63,Restinga Seca,RS,Sul,Abaixo da meta,-18.07
2024,1504059,Municipal,46.97,51.07,56.63,Mãe do Rio,PA,Norte,Abaixo da meta,-4.100000000000001
2024,2502904,Municipal,64.03,51.07,56.63,Brejo dos Santos,PB,Nordeste,Atingiu ou superou,12.96
2024,2701605,Municipal,62.21,51.08,56.64,Canapi,AL,Nordeste,Atingiu ou superou,11.130000000000003
2024,5105150,Municipal,56.58,51.09,56.65,Juína,MT,Centro-Oeste,Atingiu ou superou,5.489999999999995
2024,2923407,Municipal,35.76,51.09,56.65,Palmas de Monte Alto,BA,Nordeste,Abaixo da meta,-15.330000000000005
2024,3549409,Municipal,50.24,51.12,56.67,São Joaquim da Barra,SP,Sudeste,Abaixo da meta,-0.8799999999999955
2024,3524402,Municipal,51.48,51.14,56.68,Jacareí,SP,Sudeste,Atingiu ou superou,0.3399999999999963
2024,2704104,Municipal,44.19,51.14,56.69,Lagoa da Canoa,AL,Nordeste,Abaixo da meta,-6.950000000000003
2024,2604601,Municipal,43.24,51.14,56.69,Condado,PE,Nordeste,Abaixo da meta,-7.899999999999999
2024,3552809,Municipal,49.01,51.16,56.7,Taboão da Serra,SP,Sudeste,Abaixo da meta,-2.1499999999999986
2024,2612604,Municipal,64.37,51.17,56.71,Santa Maria da Boa Vista,PE,Nordeste,Atingiu ou superou,13.200000000000003
2024,2100600,Municipal,41.33,51.2,56.73,Amarante do Maranhão,MA,Nordeste,Abaixo da meta,-9.870000000000005
2024,5003108,Municipal,58.66,51.21,56.75,Corguinho,MS,Centro-Oeste,Atingiu ou superou,7.449999999999996
2024,2101202,Municipal,51.38,51.22,56.75,Bacabal,MA,Nordeste,Atingiu ou superou,0.1600000000000037
2024,3304904,Municipal,43.71,51.23,56.76,São Gonçalo,RJ,Sudeste,Abaixo da meta,-7.519999999999996
2024,5219803,Municipal,65.94,51.24,56.77,São Domingos,GO,Centro-Oeste,Atingiu ou superou,14.699999999999996
2024,5002001,Municipal,67.77,51.26,56.78,Batayporã,MS,Centro-Oeste,Atingiu ou superou,16.509999999999998
2024,2702355,Municipal,67.43,51.26,56.78,Craíbas,AL,Nordeste,Atingiu ou superou,16.17000000000001
2024,1718840,Municipal,53.5,51.26,56.78,Sandolândia,TO,Norte,Atingiu ou superou,2.240000000000002
2024,2601052,Municipal,53.49,51.26,56.79,Araçoiaba,PE,Nordeste,Atingiu ou superou,2.230000000000004
2024,3522653,Municipal,29.85,51.28,56.8,Itapirapuã Paulista,SP,Sudeste,Abaixo da meta,-21.43
2024,3529401,Municipal,46.04,51.29,56.81,Mauá,SP,Sudeste,Abaixo da meta,-5.25
2024,3529807,Municipal,68.18,51.31,56.82,Mineiros do Tietê,SP,Sudeste,Atingiu ou superou,16.870000000000005
2024,3509452,Municipal,43.46,51.32,56.83,Campina do Monte Alegre,SP,Sudeste,Abaixo da meta,-7.859999999999999
2024,3170107,Municipal,57.68,51.32,56.83,Uberaba,MG,Sudeste,Atingiu ou superou,6.359999999999999
2024,3506904,Municipal,69.75,51.32,56.84,Bofete,SP,Sudeste,Atingiu ou superou,18.43
2024,2603207,Municipal,57.25,51.32,56.84,Caetés,PE,Nordeste,Atingiu ou superou,5.93
2024,3165503,Municipal,85.12,51.34,56.85,Sardoá,MG,Sudeste,Atingiu ou superou,33.78
2024,5106174,Municipal,85.25,51.34,56.85,Nova Nazaré,MT,Centro-Oeste,Atingiu ou superou,33.91
2024,3552007,Municipal,47.27,51.4,56.9,Silveiras,SP,Sudeste,Abaixo da meta,-4.1299999999999955
2024,3539301,Municipal,56.4,51.43,56.92,Pirassununga,SP,Sudeste,Atingiu ou superou,4.969999999999999
2024,2929107,Municipal,41.13,51.43,56.92,São Felipe,BA,Nordeste,Abaixo da meta,-10.299999999999997
2024,2922201,Municipal,41.27,51.44,56.93,Muniz Ferreira,BA,Nordeste,Abaixo da meta,-10.169999999999995
2024,2609808,Municipal,50.86,51.44,56.93,Orocó,PE,Nordeste,Abaixo da meta,-0.5799999999999983
2024,3151602,Municipal,65.98,51.44,56.93,Planura,MG,Sudeste,Atingiu ou superou,14.540000000000006
2024,1304237,Municipal,30.02,51.45,56.94,Tonantins,AM,Norte,Abaixo da meta,-21.430000000000003
2024,2614709,Municipal,43.99,51.45,56.94,Tacaimbó,PE,Nordeste,Abaixo da meta,-7.460000000000001
2024,3546256,Municipal,42.56,51.45,56.94,Santa Cruz da Esperança,SP,Sudeste,Abaixo da meta,-8.89
2024,1714302,Municipal,34.23,51.46,56.95,Nazaré,TO,Norte,Abaixo da meta,-17.230000000000004
2024,2206050,Municipal,60.66,51.46,56.95,Massapê do Piauí,PI,Nordeste,Atingiu ou superou,9.199999999999996
2024,2510204,Municipal,38.04,51.47,56.96,Nova Olinda,PB,Nordeste,Abaixo da meta,-13.43
2024,3534401,Municipal,49.13,51.47,56.96,Osasco,SP,Sudeste,Abaixo da meta,-2.3399999999999963
2024,3551504,Municipal,43.97,51.47,56.96,Serrana,SP,Sudeste,Abaixo da meta,-7.5
2024,3130507,Municipal,65.15,51.49,56.97,Ilicínea,MG,Sudeste,Atingiu ou superou,13.660000000000004
2024,1503093,Municipal,42.29,51.56,57.03,Goianésia do Pará,PA,Norte,Abaixo da meta,-9.270000000000003
2024,1507151,Municipal,40.37,51.56,57.03,São Domingos do Araguaia,PA,Norte,Abaixo da meta,-11.190000000000005
2024,2616407,Municipal,50.66,51.59,57.06,Vitória de Santo Antão,PE,Nordeste,Abaixo da meta,-0.9300000000000068
2024,3201803,Municipal,82.15,51.59,57.06,Divino de São Lourenço,ES,Sudeste,Atingiu ou superou,30.560000000000002
2024,3101805,Municipal,70.83,51.63,57.08,Alpercata,MG,Sudeste,Atingiu ou superou,19.199999999999996
2024,2405900,Municipal,38.89,51.64,57.1,João Dias,RN,Nordeste,Abaixo da meta,-12.75
2024,2508901,Municipal,68.65,51.66,57.11,Mamanguape,PB,Nordeste,Atingiu ou superou,16.99000000000001
2024,3161106,Municipal,58.24,51.71,57.15,São Francisco,MG,Sudeste,Atingiu ou superou,6.530000000000001
2024,3302502,Municipal,46.66,51.74,57.18,Magé,RJ,Sudeste,Abaixo da meta,-5.080000000000005
2024,3512605,Municipal,38.69,51.76,57.19,Coronel Macedo,SP,Sudeste,Abaixo da meta,-13.07
2024,1301902,Municipal,42.66,51.78,57.21,Itacoatiara,AM,Norte,Abaixo da meta,-9.120000000000005
2024,2917607,Municipal,53.7,51.78,57.21,Jaguaquara,BA,Nordeste,Atingiu ou superou,1.9200000000000017
2024,2109502,Municipal,51.85,,57.28,Riachão,MA,Nordeste,Sem dados para comparação,
2024,3530508,Municipal,61.52,51.87,57.28,Mococa,SP,Sudeste,Atingiu ou superou,9.650000000000006
2024,3535309,Municipal,60.32,51.9,57.31,Palmital,SP,Sudeste,Atingiu ou superou,8.420000000000002
2024,1200708,Municipal,51.91,,57.32,Xapuri,AC,Norte,Sem dados para comparação,
2024,2702504,Municipal,64.23,51.92,57.32,Dois Riachos,AL,Nordeste,Atingiu ou superou,12.310000000000002
2024,1716604,Municipal,42.93,51.92,57.32,Peixe,TO,Norte,Abaixo da meta,-8.990000000000002
2024,1507458,Municipal,52.06,51.94,57.34,São Geraldo do Araguaia,PA,Norte,Atingiu ou superou,0.12000000000000455
2024,3515103,Municipal,45.34,51.94,57.34,Embu-Guaçu,SP,Sudeste,Abaixo da meta,-6.599999999999994
2024,3138609,Municipal,69.51,51.94,57.34,Lima Duarte,MG,Sudeste,Atingiu ou superou,17.570000000000007
2024,3305554,Municipal,50.53,51.95,57.34,Seropédica,RJ,Sudeste,Abaixo da meta,-1.4200000000000017
2024,3538105,Municipal,63.37,51.97,57.37,Pindorama,SP,Sudeste,Atingiu ou superou,11.399999999999999
2024,1501303,Municipal,39.5,51.99,57.38,Barcarena,PA,Norte,Abaixo da meta,-12.490000000000002
2024,2200707,Municipal,57.02,51.99,57.38,Anísio de Abreu,PI,Nordeste,Atingiu ou superou,5.030000000000001
2024,4300604,Municipal,37.0,52.0,57.39,Alvorada,RS,Sul,Abaixo da meta,-15.0
2024,3166105,Municipal,56.52,52.0,57.39,Senhora do Porto,MG,Sudeste,Atingiu ou superou,4.520000000000003
2024,3530607,Municipal,47.88,52.01,57.39,Mogi das Cruzes,SP,Sudeste,Abaixo da meta,-4.1299999999999955
2024,2906899,Municipal,35.56,52.02,57.41,Caraíbas,BA,Nordeste,Abaixo da meta,-16.46
2024,2704807,Municipal,41.5,52.02,57.41,Maribondo,AL,Nordeste,Abaixo da meta,-10.520000000000003
2024,2918803,Municipal,45.45,52.04,57.42,Laje,BA,Nordeste,Abaixo da meta,-6.589999999999996
2024,3513850,Municipal,84.62,52.09,57.46,Dirce Reis,SP,Sudeste,Atingiu ou superou,32.53
2024,1500602,Municipal,45.32,52.09,57.46,Altamira,PA,Norte,Abaixo da meta,-6.770000000000003
2024,3120003,Municipal,62.81,52.11,57.48,Córrego Novo,MG,Sudeste,Atingiu ou superou,10.700000000000003
2024,5105002,Municipal,74.68,52.12,57.48,Jauru,MT,Centro-Oeste,Atingiu ou superou,22.56000000000001
2024,1501105,Municipal,53.31,52.12,57.48,Bagre,PA,Norte,Atingiu ou superou,1.1900000000000048
2024,2613503,Municipal,60.42,52.12,57.48,São José do Belmonte,PE,Nordeste,Atingiu ou superou,8.300000000000004
2024,2507507,Municipal,55.87,52.13,57.49,João Pessoa,PB,Nordeste,Atingiu ou superou,3.739999999999995
2024,2925303,Municipal,45.5,52.13,57.5,Porto Seguro,BA,Nordeste,Abaixo da meta,-6.630000000000003
2024,2906600,Municipal,41.67,52.13,57.5,Candiba,BA,Nordeste,Abaixo da meta,-10.46
2024,5105507,Municipal,52.38,52.17,57.53,Vila Bela da Santíssima Trindade,MT,Centro-Oeste,Atingiu ou superou,0.21000000000000085
2024,2100501,Municipal,51.99,52.17,57.53,Alto Parnaíba,MA,Nordeste,Abaixo da meta,-0.17999999999999972
2024,3170909,Municipal,73.78,52.18,57.53,Varzelândia,MG,Sudeste,Atingiu ou superou,21.6
2024,2922730,Municipal,31.91,52.21,57.56,Nova Fátima,BA,Nordeste,Abaixo da meta,-20.3
2024,2110401,Municipal,38.29,52.21,57.56,São Benedito do Rio Preto,MA,Nordeste,Abaixo da meta,-13.920000000000002
2024,3532405,Municipal,62.5,52.23,57.58,Nazaré Paulista,SP,Sudeste,Atingiu ou superou,10.270000000000003
2024,2203800,Municipal,43.3,52.23,57.58,Flores do Piauí,PI,Nordeste,Abaixo da meta,-8.93
2024,3124807,Municipal,69.36,52.24,57.58,Estrela do Sul,MG,Sudeste,Atingiu ou superou,17.119999999999997
2024,1706100,Municipal,61.42,52.25,57.59,Cristalândia,TO,Norte,Atingiu ou superou,9.170000000000002
2024,1200252,Municipal,52.28,,57.62,Epitaciolândia,AC,Norte,Sem dados para comparação,
2024,2923605,Municipal,48.94,52.28,57.62,Paramirim,BA,Nordeste,Abaixo da meta,-3.3400000000000034
2024,5004106,Municipal,64.58,52.3,57.63,Guia Lopes da Laguna,MS,Centro-Oeste,Atingiu ou superou,12.280000000000001
2024,2907558,Municipal,50.85,52.31,57.64,Caturama,BA,Nordeste,Abaixo da meta,-1.4600000000000009
2024,2206704,Municipal,39.0,52.31,57.65,Nazaré do Piauí,PI,Nordeste,Abaixo da meta,-13.310000000000002
2024,2604304,Municipal,63.12,52.32,57.65,Cedro,PE,Nordeste,Atingiu ou superou,10.799999999999997
2024,2103307,Municipal,50.85,52.32,57.65,Codó,MA,Nordeste,Abaixo da meta,-1.4699999999999989
2024,2928406,Municipal,32.05,52.33,57.66,Santa Rita de Cássia,BA,Nordeste,Abaixo da meta,-20.28
2024,3532009,Municipal,47.32,52.33,57.66,Morungaba,SP,Sudeste,Abaixo da meta,-5.009999999999998
2024,2611309,Municipal,40.45,52.33,57.66,Pombos,PE,Nordeste,Abaixo da meta,-11.879999999999995
2024,3160207,Municipal,47.84,52.34,57.67,Santo Antônio do Itambé,MG,Sudeste,Abaixo da meta,-4.5
2024,3131000,Municipal,77.62,52.36,57.68,Inhaúma,MG,Sudeste,Atingiu ou superou,25.260000000000005
2024,5108105,Municipal,52.38,,57.7,Tesouro,MT,Centro-Oeste,Sem dados para comparação,
2024,2408805,Municipal,28.27,52.37,57.7,Parazinho,RN,Nordeste,Abaixo da meta,-24.099999999999998
2024,1600212,Municipal,53.36,52.37,57.7,Cutias,AP,Norte,Atingiu ou superou,0.990000000000002
2024,1302553,Municipal,20.56,52.37,57.7,Manaquiri,AM,Norte,Abaixo da meta,-31.81
2024,3500303,Municipal,58.41,52.38,57.7,Aguaí,SP,Sudeste,Atingiu ou superou,6.029999999999994
2024,2405009,Municipal,39.09,52.38,57.7,Jaçanã,RN,Nordeste,Abaixo da meta,-13.29
2024,2610806,Municipal,54.87,52.41,57.72,Pedra,PE,Nordeste,Atingiu ou superou,2.460000000000001
2024,3103702,Municipal,91.67,52.43,57.74,Araponga,MG,Sudeste,Atingiu ou superou,39.24
2024,2807204,Municipal,52.4,52.43,57.74,Siriri,SE,Nordeste,Abaixo da meta,-0.030000000000001137
2024,4213906,Municipal,61.9,52.43,57.74,Presidente Castello Branco,SC,Sul,Atingiu ou superou,9.469999999999999
2024,3534005,Municipal,74.45,52.45,57.76,Onda Verde,SP,Sudeste,Atingiu ou superou,22.0
2024,3146255,Municipal,64.75,52.45,57.76,Padre Carvalho,MG,Sudeste,Atingiu ou superou,12.299999999999997
2024,2105476,Municipal,69.39,52.45,57.76,Jenipapo dos Vieiras,MA,Nordeste,Atingiu ou superou,16.939999999999998
2024,3146909,Municipal,88.48,52.46,57.77,Papagaios,MG,Sudeste,Atingiu ou superou,36.02
2024,2103208,Municipal,41.58,52.46,57.77,Chapadinha,MA,Nordeste,Abaixo da meta,-10.880000000000003
2024,5107008,Municipal,46.03,52.47,57.77,Poxoréo,MT,Centro-Oeste,Abaixo da meta,-6.439999999999998
2024,3122900,Municipal,95.71,52.47,57.77,Dona Eusébia,MG,Sudeste,Atingiu ou superou,43.239999999999995
2024,3520103,Municipal,55.6,52.47,57.77,Igarapava,SP,Sudeste,Atingiu ou superou,3.1300000000000026
2024,3119005,Municipal,73.53,52.49,57.79,Cordislândia,MG,Sudeste,Atingiu ou superou,21.04
2024,2109908,Municipal,48.48,52.49,57.79,Santa Inês,MA,Nordeste,Abaixo da meta,-4.010000000000005
2024,2700102,Municipal,48.8,52.49,57.79,Água Branca,AL,Nordeste,Abaixo da meta,-3.690000000000005
2024,3301702,Municipal,45.37,52.5,57.8,Duque de Caxias,RJ,Sudeste,Abaixo da meta,-7.130000000000003
2024,2508604,Municipal,44.96,52.54,57.83,Lucena,PB,Nordeste,Abaixo da meta,-7.579999999999998
2024,2926657,Municipal,52.63,52.59,57.87,Ribeirão do Largo,BA,Nordeste,Atingiu ou superou,0.03999999999999915
2024,3127305,Municipal,62.07,52.6,57.88,Galiléia,MG,Sudeste,Atingiu ou superou,9.469999999999999
2024,3142106,Municipal,75.29,52.6,57.88,Miradouro,MG,Sudeste,Atingiu ou superou,22.690000000000005
2024,2202802,Municipal,70.98,52.61,57.89,Conceição do Canindé,PI,Nordeste,Atingiu ou superou,18.370000000000005
2024,2204105,Municipal,32.38,52.61,57.89,Francisco Ayres,PI,Nordeste,Abaixo da meta,-20.229999999999997
2024,5007406,Municipal,49.11,52.63,57.9,Rio Verde de Mato Grosso,MS,Centro-Oeste,Abaixo da meta,-3.520000000000003
2024,3158102,Municipal,60.65,52.64,57.91,Santa Maria do Salto,MG,Sudeste,Atingiu ou superou,8.009999999999998
2024,3158706,Municipal,87.26,52.65,57.92,Santana do Garambéu,MG,Sudeste,Atingiu ou superou,34.61000000000001
2024,2206308,Municipal,84.62,52.65,57.92,Miguel Leão,PI,Nordeste,Atingiu ou superou,31.970000000000006
2024,2931608,Municipal,44.76,52.65,57.92,Teolândia,BA,Nordeste,Abaixo da meta,-7.890000000000001
2024,2909109,Municipal,30.71,52.66,57.93,Coribe,BA,Nordeste,Abaixo da meta,-21.949999999999996
2024,3512308,Municipal,69.48,52.67,57.93,Conchas,SP,Sudeste,Atingiu ou superou,16.810000000000002
2024,2927903,Municipal,47.31,52.67,57.93,Santa Inês,BA,Nordeste,Abaixo da meta,-5.359999999999999
2024,5006259,Municipal,78.44,52.69,57.95,Novo Horizonte do Sul,MS,Centro-Oeste,Atingiu ou superou,25.75
2024,4310652,Municipal,71.4,52.69,57.95,Itati,RS,Sul,Atingiu ou superou,18.710000000000008
2024,1301001,Municipal,49.19,52.7,57.96,Carauari,AM,Norte,Abaixo da meta,-3.510000000000005
2024,2932101,Municipal,38.93,52.71,57.97,Ubaíra,BA,Nordeste,Abaixo da meta,-13.780000000000001
2024,3119401,Municipal,64.1,52.71,57.97,Coronel Fabriciano,MG,Sudeste,Atingiu ou superou,11.389999999999993
2024,2917102,Municipal,28.85,52.72,57.97,Itororó,BA,Nordeste,Abaixo da meta,-23.869999999999997
2024,1717008,Municipal,33.88,52.73,57.98,Pindorama do Tocantins,TO,Norte,Abaixo da meta,-18.849999999999994
2024,2512721,Municipal,23.99,52.73,57.98,Pedro Régis,PB,Nordeste,Abaixo da meta,-28.74
2024,3521804,Municipal,46.71,52.73,57.98,Itaí,SP,Sudeste,Abaixo da meta,-6.019999999999996
2024,2409209,Municipal,50.69,52.73,57.99,Passagem,RN,Nordeste,Abaixo da meta,-2.039999999999999
2024,2920601,Municipal,54.49,52.74,58.0,Maragogipe,BA,Nordeste,Atingiu ou superou,1.75
2024,2202083,Municipal,62.75,52.75,58.0,Cajueiro da Praia,PI,Nordeste,Atingiu ou superou,10.0
2024,2600054,Municipal,46.4,52.75,58.0,Abreu e Lima,PE,Nordeste,Abaixo da meta,-6.350000000000001
2024,2512200,Municipal,63.28,52.77,58.02,Prata,PB,Nordeste,Atingiu ou superou,10.509999999999998
2024,3141108,Municipal,57.88,52.79,58.03,Matozinhos,MG,Sudeste,Atingiu ou superou,5.090000000000003
2024,5106000,Municipal,65.5,52.79,58.03,Nortelândia,MT,Centro-Oeste,Atingiu ou superou,12.71
2024,2111300,Municipal,56.69,52.79,58.04,São Luís,MA,Nordeste,Atingiu ou superou,3.8999999999999986
2024,5007935,Municipal,78.58,52.8,58.04,Sonora,MS,Centro-Oeste,Atingiu ou superou,25.78
2024,2410801,Municipal,53.36,52.8,58.04,Riacho de Santana,RN,Nordeste,Atingiu ou superou,0.5600000000000023
2024,3510302,Municipal,47.64,52.82,58.06,Capela do Alto,SP,Sudeste,Abaixo da meta,-5.18
2024,5102504,Municipal,51.27,52.83,58.07,Cáceres,MT,Centro-Oeste,Abaixo da meta,-1.5599999999999952
2024,2403301,Municipal,67.02,52.83,58.07,Encanto,RN,Nordeste,Atingiu ou superou,14.189999999999998
2024,3302601,Municipal,40.95,52.84,58.07,Mangaratiba,RJ,Sudeste,Abaixo da meta,-11.89
2024,3136652,Municipal,68.53,52.87,58.1,Juatuba,MG,Sudeste,Atingiu ou superou,15.660000000000004
2024,2902807,Municipal,47.17,52.87,58.1,Barra da Estiva,BA,Nordeste,Abaixo da meta,-5.699999999999996
2024,4126702,Municipal,46.83,52.89,58.11,Tamboara,PR,Sul,Abaixo da meta,-6.060000000000002
2024,1717909,Municipal,30.99,52.89,58.11,Ponte Alta do Tocantins,TO,Norte,Abaixo da meta,-21.900000000000002
2024,2903508,Municipal,33.06,52.89,58.11,Belo Campo,BA,Nordeste,Abaixo da meta,-19.83
2024,2805000,Municipal,47.76,52.91,58.13,Pedra Mole,SE,Nordeste,Abaixo da meta,-5.149999999999999
2024,1720259,Municipal,59.09,52.91,58.13,São Salvador do Tocantins,TO,Norte,Atingiu ou superou,6.180000000000007
2024,3549508,Municipal,50.38,52.91,58.14,São José da Bela Vista,SP,Sudeste,Abaixo da meta,-2.529999999999994
2024,2500106,Municipal,52.67,52.91,58.14,Água Branca,PB,Nordeste,Abaixo da meta,-0.23999999999999488
2024,1504000,Municipal,47.82,52.92,58.14,Limoeiro do Ajuru,PA,Norte,Abaixo da meta,-5.100000000000001
2024,2706406,Municipal,55.26,52.93,58.15,Pão de Açúcar,AL,Nordeste,Atingiu ou superou,2.3299999999999983
2024,5103007,Municipal,69.0,52.97,58.18,Chapada dos Guimarães,MT,Centro-Oeste,Atingiu ou superou,16.03
2024,3107505,Municipal,60.13,52.98,58.19,Bom Jardim de Minas,MG,Sudeste,Atingiu ou superou,7.150000000000006
2024,2608800,Municipal,57.42,52.98,58.19,Lajedo,PE,Nordeste,Atingiu ou superou,4.440000000000005
2024,3549706,Municipal,63.96,52.98,58.19,São José do Rio Pardo,SP,Sudeste,Atingiu ou superou,10.980000000000004
2024,2406304,Municipal,28.89,52.99,58.2,Lagoa de Pedras,RN,Nordeste,Abaixo da meta,-24.1
2024,1501956,Municipal,52.04,53.0,58.2,Cachoeira do Piriá,PA,Norte,Abaixo da meta,-0.9600000000000009
2024,3553302,Municipal,59.74,53.01,58.21,Tambaú,SP,Sudeste,Atingiu ou superou,6.730000000000004
2024,3163607,Municipal,87.17,53.01,58.21,São José do Mantimento,MG,Sudeste,Atingiu ou superou,34.160000000000004
2024,2202901,Municipal,37.78,53.03,58.23,Corrente,PI,Nordeste,Abaixo da meta,-15.25
2024,1503044,Municipal,67.37,53.03,58.23,Floresta do Araguaia,PA,Norte,Atingiu ou superou,14.340000000000003
2024,1715754,Municipal,77.41,53.03,58.23,Palmeirópolis,TO,Norte,Atingiu ou superou,24.379999999999995
2024,3504909,Municipal,58.62,53.04,58.24,Bananal,SP,Sudeste,Atingiu ou superou,5.579999999999998
2024,2921203,Municipal,36.96,53.06,58.25,Miguel Calmon,BA,Nordeste,Abaixo da meta,-16.1
2024,2927309,Municipal,45.77,53.07,58.26,Salinas da Margarida,BA,Nordeste,Abaixo da meta,-7.299999999999997
2024,3511003,Municipal,45.42,53.1,58.29,Castilho,SP,Sudeste,Abaixo da meta,-7.68
2024,1700707,Municipal,72.02,53.11,58.3,Alvorada,TO,Norte,Atingiu ou superou,18.909999999999997
2024,2933307,Municipal,42.75,53.11,58.3,Vitória da Conquista,BA,Nordeste,Abaixo da meta,-10.36
2024,5108600,Municipal,55.24,53.14,58.32,Vila Rica,MT,Centro-Oeste,Atingiu ou superou,2.1000000000000014
2024,3552205,Municipal,52.43,53.15,58.32,Sorocaba,SP,Sudeste,Abaixo da meta,-0.7199999999999989
2024,2902302,Municipal,60.0,53.15,58.32,Aratuípe,BA,Nordeste,Atingiu ou superou,6.850000000000001
2024,3515129,Municipal,88.58,53.16,58.34,Emilianópolis,SP,Sudeste,Atingiu ou superou,35.42
2024,3103504,Municipal,64.76,53.17,58.34,Araguari,MG,Sudeste,Atingiu ou superou,11.590000000000003
2024,2703205,Municipal,50.74,53.17,58.34,Igreja Nova,AL,Nordeste,Abaixo da meta,-2.4299999999999997
2024,5108402,Municipal,61.76,53.18,58.35,Várzea Grande,MT,Centro-Oeste,Atingiu ou superou,8.579999999999998
2024,3150570,Municipal,64.82,53.21,58.37,Pintópolis,MG,Sudeste,Atingiu ou superou,11.609999999999992
2024,2504157,Municipal,58.51,53.21,58.37,Casserengue,PB,Nordeste,Atingiu ou superou,5.299999999999997
2024,3136603,Municipal,92.79,53.22,58.39,Nova União,MG,Sudeste,Atingiu ou superou,39.57000000000001
2024,2403608,Municipal,34.55,53.23,58.39,Extremoz,RN,Nordeste,Abaixo da meta,-18.68
2024,1508001,Municipal,49.49,53.23,58.39,Tomé-Açu,PA,Norte,Abaixo da meta,-3.739999999999995
2024,3521150,Municipal,43.3,53.23,58.39,Ipiguá,SP,Sudeste,Abaixo da meta,-9.93
2024,3132602,Municipal,73.68,53.26,58.41,Itamarati de Minas,MG,Sudeste,Atingiu ou superou,20.42000000000001
2024,2207959,Municipal,49.11,53.26,58.41,Nova Santa Rita,PI,Nordeste,Abaixo da meta,-4.149999999999999
2024,3503158,Municipal,37.41,53.27,58.42,Arapeí,SP,Sudeste,Abaixo da meta,-15.860000000000007
2024,1507706,Municipal,47.41,53.3,58.45,São Sebastião da Boa Vista,PA,Norte,Abaixo da meta,-5.890000000000001
2024,1719004,Municipal,24.65,53.31,58.46,Santa Tereza do Tocantins,TO,Norte,Abaixo da meta,-28.660000000000004
2024,1200302,Municipal,53.33,,58.48,Feijó,AC,Norte,Sem dados para comparação,
2024,2611507,Municipal,58.1,53.33,58.48,Quipapá,PE,Nordeste,Atingiu ou superou,4.770000000000003
2024,5107206,Municipal,81.6,53.36,58.5,Rio Branco,MT,Centro-Oeste,Atingiu ou superou,28.239999999999995
2024,5102686,Municipal,65.76,53.38,58.51,Campos de Júlio,MT,Centro-Oeste,Atingiu ou superou,12.380000000000003
2024,1706001,Municipal,49.04,53.39,58.52,Couto Magalhães,TO,Norte,Abaixo da meta,-4.350000000000001
2024,3104809,Municipal,48.8,53.39,58.52,Augusto de Lima,MG,Sudeste,Abaixo da meta,-4.590000000000003
2024,3535507,Municipal,56.93,53.39,58.52,Paraguaçu Paulista,SP,Sudeste,Atingiu ou superou,3.539999999999999
2024,2514305,Municipal,52.39,53.39,58.52,São José de Caiana,PB,Nordeste,Abaixo da meta,-1.0
2024,3162922,Municipal,82.15,53.39,58.52,São Joaquim de Bicas,MG,Sudeste,Atingiu ou superou,28.760000000000005
2024,4311007,Municipal,33.6,53.41,58.54,Jaguarão,RS,Sul,Abaixo da meta,-19.809999999999995
2024,2211001,Municipal,57.25,53.41,58.54,Teresina,PI,Nordeste,Atingiu ou superou,3.8400000000000034
2024,1501402,Municipal,46.08,53.42,58.55,Belém,PA,Norte,Abaixo da meta,-7.340000000000003
2024,3518701,Municipal,44.13,53.43,58.55,Guarujá,SP,Sudeste,Abaixo da meta,-9.299999999999997
2024,2111672,Municipal,35.69,53.44,58.56,São Roberto,MA,Nordeste,Abaixo da meta,-17.75
2024,3502200,Municipal,59.71,53.44,58.57,Angatuba,SP,Sudeste,Atingiu ou superou,6.270000000000003
2024,2603702,Municipal,65.49,53.45,58.57,Canhotinho,PE,Nordeste,Atingiu ou superou,12.039999999999992
2024,5007554,Municipal,51.3,53.47,58.59,Santa Rita do Pardo,MS,Centro-Oeste,Abaixo da meta,-2.1700000000000017
2024,2607802,Municipal,57.35,53.48,58.59,Itaquitinga,PE,Nordeste,Atingiu ou superou,3.8700000000000045
2024,2910107,Municipal,42.74,53.52,58.63,Dom Basílio,BA,Nordeste,Abaixo da meta,-10.780000000000001
2024,3554508,Municipal,62.5,53.53,58.64,Tietê,SP,Sudeste,Atingiu ou superou,8.969999999999999
2024,3129202,Municipal,67.59,53.53,58.64,Heliodora,MG,Sudeste,Atingiu ou superou,14.060000000000002
2024,2608453,Municipal,59.78,53.55,58.65,Lagoa do Carro,PE,Nordeste,Atingiu ou superou,6.230000000000004
2024,2501351,Municipal,93.96,53.55,58.65,Assunção,PB,Nordeste,Atingiu ou superou,40.41
2024,3524105,Municipal,49.94,53.56,58.66,Ituverava,SP,Sudeste,Abaixo da meta,-3.6200000000000045
2024,3541307,Municipal,69.12,53.56,58.66,Presidente Epitácio,SP,Sudeste,Atingiu ou superou,15.560000000000002
2024,3153905,Municipal,69.66,53.57,58.67,Raposos,MG,Sudeste,Atingiu ou superou,16.089999999999996
2024,2400703,Municipal,52.52,53.58,58.68,Alto do Rodrigues,RN,Nordeste,Abaixo da meta,-1.0599999999999952
2024,2925956,Municipal,33.53,53.58,58.68,Rafael Jambeiro,BA,Nordeste,Abaixo da meta,-20.049999999999997
2024,2504074,Municipal,87.82,53.58,58.68,Caraúbas,PB,Nordeste,Atingiu ou superou,34.239999999999995
2024,3139409,Municipal,71.73,53.58,58.68,Manhuaçu,MG,Sudeste,Atingiu ou superou,18.150000000000006
2024,1716703,Municipal,60.62,53.62,58.71,Colméia,TO,Norte,Atingiu ou superou,7.0
2024,2904803,Municipal,50.0,53.62,58.71,Caatiba,BA,Nordeste,Abaixo da meta,-3.6199999999999974
2024,3120102,Municipal,77.52,53.63,58.72,Couto de Magalhães de Minas,MG,Sudeste,Atingiu ou superou,23.889999999999993
2024,1508035,Municipal,37.16,53.63,58.72,Tracuateua,PA,Norte,Abaixo da meta,-16.470000000000006
2024,5101258,Municipal,60.47,53.64,58.73,Araputanga,MT,Centro-Oeste,Atingiu ou superou,6.829999999999998
2024,3142700,Municipal,60.75,53.65,58.73,Montalvânia,MG,Sudeste,Atingiu ou superou,7.100000000000001
2024,3513504,Municipal,45.43,53.65,58.73,Cubatão,SP,Sudeste,Abaixo da meta,-8.219999999999999
2024,2206951,Municipal,82.08,53.65,58.73,Novo Santo Antônio,PI,Nordeste,Atingiu ou superou,28.43
2024,3536505,Municipal,61.39,53.65,58.73,Paulínia,SP,Sudeste,Atingiu ou superou,7.740000000000002
2024,5220454,Municipal,60.34,53.68,58.75,Senador Canedo,GO,Centro-Oeste,Atingiu ou superou,6.660000000000004
2024,1505403,Municipal,56.24,53.68,58.75,Ourém,PA,Norte,Atingiu ou superou,2.5600000000000023
2024,2607653,Municipal,43.31,53.71,58.78,Itambé,PE,Nordeste,Abaixo da meta,-10.399999999999999
2024,4204806,Municipal,53.48,53.71,58.78,Curitibanos,SC,Sul,Abaixo da meta,-0.23000000000000398
2024,4209300,Municipal,55.85,53.71,58.78,Lages,SC,Sul,Atingiu ou superou,2.1400000000000006
2024,3501152,Municipal,53.68,53.71,58.78,Alumínio,SP,Sudeste,Abaixo da meta,-0.030000000000001137
2024,2911709,Municipal,46.39,53.73,58.8,Guanambi,BA,Nordeste,Abaixo da meta,-7.339999999999996
2024,2209005,Municipal,41.79,53.74,58.8,Rio Grande do Piauí,PI,Nordeste,Abaixo da meta,-11.950000000000003
2024,3531100,Municipal,41.39,53.74,58.81,Mongaguá,SP,Sudeste,Abaixo da meta,-12.350000000000001
2024,1300409,Municipal,38.21,53.75,58.82,Barcelos,AM,Norte,Abaixo da meta,-15.54
2024,2201150,Municipal,81.06,53.75,58.82,Baixa Grande do Ribeiro,PI,Nordeste,Atingiu ou superou,27.310000000000002
2024,2613800,Municipal,42.6,53.76,58.82,São Vicente Ferrer,PE,Nordeste,Abaixo da meta,-11.159999999999997
2024,2908101,Municipal,51.69,53.76,58.82,Cocos,BA,Nordeste,Abaixo da meta,-2.0700000000000003
2024,5105200,Municipal,67.06,53.79,58.84,Juscimeira,MT,Centro-Oeste,Atingiu ou superou,13.270000000000003
2024,2610400,Municipal,58.91,53.79,58.85,Parnamirim,PE,Nordeste,Atingiu ou superou,5.119999999999997
2024,3172202,Municipal,70.34,53.79,58.85,Wenceslau Braz,MG,Sudeste,Atingiu ou superou,16.550000000000004
2024,1707207,Municipal,52.81,53.8,58.86,Dois Irmãos do Tocantins,TO,Norte,Abaixo da meta,-0.9899999999999949
2024,2929909,Municipal,34.98,53.8,58.86,Seabra,BA,Nordeste,Abaixo da meta,-18.82
2024,1505437,Municipal,53.11,53.81,58.86,Ourilândia do Norte,PA,Norte,Abaixo da meta,-0.7000000000000028
2024,4304663,Municipal,28.2,53.81,58.86,Capão do Leão,RS,Sul,Abaixo da meta,-25.610000000000003
2024,3506102,Municipal,55.75,53.82,58.87,Bebedouro,SP,Sudeste,Atingiu ou superou,1.9299999999999997
2024,5100805,Municipal,74.17,53.82,58.87,Apiacás,MT,Centro-Oeste,Atingiu ou superou,20.35
2024,5107958,Municipal,58.95,53.83,58.88,Tangará da Serra,MT,Centro-Oeste,Atingiu ou superou,5.1200000000000045
2024,3165552,Municipal,60.0,53.85,58.89,Setubinha,MG,Sudeste,Atingiu ou superou,6.149999999999999
2024,4313706,Municipal,49.5,53.85,58.89,Palmeira das Missões,RS,Sul,Abaixo da meta,-4.350000000000001
2024,3556503,Municipal,53.24,53.85,58.9,Várzea Paulista,SP,Sudeste,Abaixo da meta,-0.6099999999999994
2024,3526308,Municipal,65.02,53.85,58.9,Lagoinha,SP,Sudeste,Atingiu ou superou,11.169999999999995
2024,1500859,Municipal,48.45,53.88,58.92,Anapu,PA,Norte,Abaixo da meta,-5.43
2024,3101102,Municipal,57.63,53.9,58.93,Aimorés,MG,Sudeste,Atingiu ou superou,3.730000000000004
2024,3525201,Municipal,44.07,53.9,58.93,Jarinu,SP,Sudeste,Abaixo da meta,-9.829999999999998
2024,3555505,Municipal,56.25,53.91,58.94,Ubirajara,SP,Sudeste,Atingiu ou superou,2.3400000000000034
2024,5108352,Municipal,23.86,53.92,58.95,Vale de São Domingos,MT,Centro-Oeste,Abaixo da meta,-30.060000000000002
2024,4317004,Municipal,13.1,53.93,58.96,Santana da Boa Vista,RS,Sul,Abaixo da meta,-40.83
2024,1505106,Municipal,53.98,53.94,58.97,Óbidos,PA,Norte,Atingiu ou superou,0.03999999999999915
2024,3147402,Municipal,71.27,53.95,58.98,Paraopeba,MG,Sudeste,Atingiu ou superou,17.319999999999993
2024,2511301,Municipal,38.92,53.95,58.98,Piancó,PB,Nordeste,Abaixo da meta,-15.030000000000001
2024,3557006,Municipal,54.69,53.97,59.0,Votorantim,SP,Sudeste,Atingiu ou superou,0.7199999999999989
2024,2505709,Municipal,96.29,53.98,59.0,Dona Inês,PB,Nordeste,Atingiu ou superou,42.31000000000001
2024,1506112,Municipal,47.3,53.99,59.01,Quatipuru,PA,Norte,Abaixo da meta,-6.690000000000005
2024,3508009,Municipal,63.24,53.99,59.01,Buri,SP,Sudeste,Atingiu ou superou,9.25
2024,5200258,Municipal,53.9,54.0,59.02,Águas Lindas de Goiás,GO,Centro-Oeste,Abaixo da meta,-0.10000000000000142
2024,5203575,Municipal,61.76,54.0,59.02,Bonópolis,GO,Centro-Oeste,Atingiu ou superou,7.759999999999998
2024,3540705,Municipal,50.08,54.0,59.02,Porto Ferreira,SP,Sudeste,Abaixo da meta,-3.9200000000000017
2024,2204501,Municipal,68.54,54.0,59.02,Guadalupe,PI,Nordeste,Atingiu ou superou,14.540000000000006
2024,3539400,Municipal,44.37,54.01,59.02,Piratininga,SP,Sudeste,Abaixo da meta,-9.64
2024,2503209,Municipal,57.26,54.02,59.03,Cabedelo,PB,Nordeste,Atingiu ou superou,3.239999999999995
2024,5203609,Municipal,90.96,54.03,59.04,Brazabrantes,GO,Centro-Oeste,Atingiu ou superou,36.92999999999999
2024,1708254,Municipal,51.71,54.03,59.04,Fortaleza do Tabocão,TO,Norte,Abaixo da meta,-2.3200000000000003
2024,3304128,Municipal,60.05,54.03,59.04,Quatis,RJ,Sudeste,Atingiu ou superou,6.019999999999996
2024,3146305,Municipal,48.96,54.04,59.05,Padre Paraíso,MG,Sudeste,Abaixo da meta,-5.079999999999998
2024,1100809,Municipal,51.63,54.05,59.06,Candeias do Jamari,RO,Norte,Abaixo da meta,-2.4199999999999946
2024,1506104,Municipal,49.94,54.05,59.06,Primavera,PA,Norte,Abaixo da meta,-4.109999999999999
2024,5107198,Municipal,52.72,54.05,59.06,Ribeirãozinho,MT,Centro-Oeste,Abaixo da meta,-1.3299999999999983
2024,2112902,Municipal,60.19,54.07,59.07,Vitória do Mearim,MA,Nordeste,Atingiu ou superou,6.119999999999997
2024,4300646,Municipal,70.8,54.07,59.07,Ametista do Sul,RS,Sul,Atingiu ou superou,16.729999999999997
2024,1504455,Municipal,48.44,54.08,59.08,Medicilândia,PA,Norte,Abaixo da meta,-5.640000000000001
2024,1705102,Municipal,52.38,54.09,59.09,Chapada da Natividade,TO,Norte,Abaixo da meta,-1.7100000000000009
2024,2917334,Municipal,25.53,54.11,59.11,Iuiú,BA,Nordeste,Abaixo da meta,-28.58
2024,4323457,Municipal,44.0,54.11,59.11,Vila Nova do Sul,RS,Sul,Abaixo da meta,-10.11
2024,2708402,Municipal,50.43,54.11,59.11,São José da Tapera,AL,Nordeste,Abaixo da meta,-3.6799999999999997
2024,3102308,Municipal,72.33,54.12,59.11,Alvinópolis,MG,Sudeste,Atingiu ou superou,18.21
2024,2919702,Municipal,44.74,54.13,59.12,Macarani,BA,Nordeste,Abaixo da meta,-9.39
2024,2922003,Municipal,47.96,54.16,59.15,Mucuri,BA,Nordeste,Abaixo da meta,-6.199999999999996
2024,3508405,Municipal,64.6,54.18,59.16,Cabreúva,SP,Sudeste,Atingiu ou superou,10.419999999999995
2024,4103107,Municipal,57.37,54.2,59.18,Bocaiúva do Sul,PR,Sul,Atingiu ou superou,3.1699999999999946
2024,1503903,Municipal,51.0,54.21,59.19,Juruti,PA,Norte,Abaixo da meta,-3.210000000000001
2024,2905206,Municipal,39.02,54.21,59.19,Caetité,BA,Nordeste,Abaixo da meta,-15.189999999999998
2024,5107040,Municipal,58.79,54.21,59.19,Primavera do Leste,MT,Centro-Oeste,Atingiu ou superou,4.579999999999998
2024,2203909,Municipal,53.36,54.22,59.2,Floriano,PI,Nordeste,Abaixo da meta,-0.8599999999999994
2024,3122009,Municipal,67.15,54.23,59.2,Divino,MG,Sudeste,Atingiu ou superou,12.920000000000009
2024,3116159,Municipal,69.39,54.23,59.2,Chapada Gaúcha,MG,Sudeste,Atingiu ou superou,15.160000000000004
2024,3144375,Municipal,64.21,54.28,59.24,Natalândia,MG,Sudeste,Atingiu ou superou,9.929999999999993
2024,2209906,Municipal,93.97,54.3,59.26,São João da Serra,PI,Nordeste,Atingiu ou superou,39.67
2024,2210508,Municipal,67.14,54.3,59.26,São Pedro do Piauí,PI,Nordeste,Atingiu ou superou,12.840000000000003
2024,5103205,Municipal,64.22,54.3,59.26,Colíder,MT,Centro-Oeste,Atingiu ou superou,9.920000000000002
2024,1304104,Municipal,51.81,54.31,59.27,Tapauá,AM,Norte,Abaixo da meta,-2.5
2024,3144656,Municipal,77.17,54.31,59.27,Ninheira,MG,Sudeste,Atingiu ou superou,22.86
2024,4212270,Municipal,60.0,54.31,59.27,Passos Maia,SC,Sul,Atingiu ou superou,5.689999999999998
2024,5203962,Municipal,85.08,54.33,59.29,Buritinópolis,GO,Centro-Oeste,Atingiu ou superou,30.75
2024,2504702,Municipal,40.66,54.36,59.31,Congo,PB,Nordeste,Abaixo da meta,-13.700000000000003
2024,3535804,Municipal,42.59,54.37,59.31,Paranapanema,SP,Sudeste,Abaixo da meta,-11.779999999999994
2024,3502903,Municipal,56.16,54.42,59.35,Araçoiaba da Serra,SP,Sudeste,Atingiu ou superou,1.7399999999999949
2024,3546306,Municipal,59.69,54.47,59.4,Santa Cruz das Palmeiras,SP,Sudeste,Atingiu ou superou,5.219999999999999
2024,5002803,Municipal,55.67,54.48,59.4,Caracol,MS,Centro-Oeste,Atingiu ou superou,1.1900000000000048
2024,2412104,Municipal,71.7,54.48,59.4,São João do Sabugi,RN,Nordeste,Atingiu ou superou,17.220000000000006
2024,3132107,Municipal,72.78,54.5,59.42,Itacarambi,MG,Sudeste,Atingiu ou superou,18.28
2024,2931806,Municipal,42.86,54.5,59.42,Tremedal,BA,Nordeste,Abaixo da meta,-11.64
2024,3151206,Municipal,69.81,54.52,59.44,Pirapora,MG,Sudeste,Atingiu ou superou,15.29
2024,3517000,Municipal,68.1,54.54,59.46,Getulina,SP,Sudeste,Atingiu ou superou,13.559999999999995
2024,2913507,Municipal,31.48,54.55,59.47,Iguaí,BA,Nordeste,Abaixo da meta,-23.069999999999997
2024,2608206,Municipal,47.34,54.58,59.49,Joaquim Nabuco,PE,Nordeste,Abaixo da meta,-7.239999999999995
2024,3531803,Municipal,46.98,54.58,59.49,Monte Mor,SP,Sudeste,Abaixo da meta,-7.600000000000001
2024,3523008,Municipal,79.05,54.6,59.5,Itapura,SP,Sudeste,Atingiu ou superou,24.449999999999996
2024,4321303,Municipal,13.2,54.6,59.5,Taquari,RS,Sul,Abaixo da meta,-41.400000000000006
2024,3135100,Municipal,61.68,54.63,59.53,Janaúba,MG,Sudeste,Atingiu ou superou,7.049999999999997
2024,3547908,Municipal,67.18,54.65,59.54,Santo Antônio da Alegria,SP,Sudeste,Atingiu ou superou,12.530000000000008
2024,2601706,Municipal,43.93,54.67,59.56,Belo Jardim,PE,Nordeste,Abaixo da meta,-10.740000000000002
2024,3159605,Municipal,72.16,54.67,59.56,Santa Rita do Sapucaí,MG,Sudeste,Atingiu ou superou,17.489999999999995
2024,3133303,Municipal,49.62,54.67,59.56,Itaobim,MG,Sudeste,Abaixo da meta,-5.050000000000004
2024,3557105,Municipal,61.66,54.68,59.57,Votuporanga,SP,Sudeste,Atingiu ou superou,6.979999999999997
2024,4306320,Municipal,80.0,54.69,59.58,Derrubadas,RS,Sul,Atingiu ou superou,25.310000000000002
2024,3519600,Municipal,49.2,54.7,59.58,Ibitinga,SP,Sudeste,Abaixo da meta,-5.5
2024,4309308,Municipal,31.5,54.7,59.58,Guaíba,RS,Sul,Abaixo da meta,-23.200000000000003
2024,3301405,Municipal,56.17,54.71,59.59,Conceição de Macabu,RJ,Sudeste,Atingiu ou superou,1.4600000000000009
2024,3145604,Municipal,80.67,54.71,59.6,Oliveira,MG,Sudeste,Atingiu ou superou,25.96
2024,4317103,Municipal,44.5,54.72,59.6,Sant'Ana do Livramento,RS,Sul,Abaixo da meta,-10.219999999999999
2024,3533205,Municipal,88.79,54.76,59.63,Nova Independência,SP,Sudeste,Atingiu ou superou,34.03000000000001
2024,4218301,Municipal,47.98,54.77,59.64,Três Barras,SC,Sul,Abaixo da meta,-6.790000000000006
2024,2205508,Municipal,42.98,54.78,59.65,José de Freitas,PI,Nordeste,Abaixo da meta,-11.800000000000004
2024,1100452,Municipal,72.32,54.78,59.65,Buritis,RO,Norte,Atingiu ou superou,17.539999999999992
2024,3509601,Municipal,48.77,54.81,59.67,Campo Limpo Paulista,SP,Sudeste,Abaixo da meta,-6.039999999999999
2024,3143153,Municipal,82.61,54.82,59.68,Monte Formoso,MG,Sudeste,Atingiu ou superou,27.79
2024,1508407,Municipal,49.27,54.82,59.68,Xinguara,PA,Norte,Abaixo da meta,-5.549999999999997
2024,1506401,Municipal,52.31,54.82,59.69,Santa Cruz do Arari,PA,Norte,Abaixo da meta,-2.509999999999998
2024,3513603,Municipal,58.09,54.88,59.73,Cunha,SP,Sudeste,Atingiu ou superou,3.210000000000001
2024,3139607,Municipal,71.17,54.88,59.73,Mantena,MG,Sudeste,Atingiu ou superou,16.29
2024,3303708,Municipal,51.96,54.89,59.74,Paraíba do Sul,RJ,Sudeste,Abaixo da meta,-2.9299999999999997
2024,2929503,Municipal,46.1,54.89,59.74,São Sebastião do Passé,BA,Nordeste,Abaixo da meta,-8.79
2024,2111904,Municipal,60.0,54.91,59.75,Sucupira do Norte,MA,Nordeste,Atingiu ou superou,5.090000000000003
2024,3162252,Municipal,77.83,54.91,59.75,São João da Lagoa,MG,Sudeste,Atingiu ou superou,22.92
2024,3513207,Municipal,49.46,54.91,59.75,Cristais Paulista,SP,Sudeste,Abaixo da meta,-5.449999999999996
2024,1715507,Municipal,31.58,54.93,59.77,Oliveira de Fátima,TO,Norte,Abaixo da meta,-23.35
2024,4202099,Municipal,66.67,54.93,59.77,Barra Bonita,SC,Sul,Atingiu ou superou,11.740000000000002
2024,2706000,Municipal,80.79,54.93,59.77,Olivença,AL,Nordeste,Atingiu ou superou,25.860000000000007
2024,4305439,Municipal,21.1,54.93,59.77,Chuí,RS,Sul,Abaixo da meta,-33.83
2024,4112603,Municipal,92.31,54.93,59.77,Jardim Olinda,PR,Sul,Atingiu ou superou,37.38
2024,1704600,Municipal,6.25,54.93,59.77,Chapada de Areia,TO,Norte,Abaixo da meta,-48.68
2024,2919009,Municipal,21.21,54.93,59.77,Lajedinho,BA,Nordeste,Abaixo da meta,-33.72
2024,3144672,Municipal,48.0,54.93,59.77,Nova Belém,MG,Sudeste,Abaixo da meta,-6.93
2024,3107208,Municipal,73.33,54.93,59.77,Bocaina de Minas,MG,Sudeste,Atingiu ou superou,18.4
2024,3138682,Municipal,85.0,54.93,59.77,Luislândia,MG,Sudeste,Atingiu ou superou,30.07
2024,4302501,Municipal,38.4,54.93,59.77,Bossoroca,RS,Sul,Abaixo da meta,-16.53
2024,1702554,Municipal,59.95,54.94,59.78,Augustinópolis,TO,Norte,Atingiu ou superou,5.010000000000005
2024,3500550,Municipal,48.99,54.97,59.8,Águas de Santa Bárbara,SP,Sudeste,Abaixo da meta,-5.979999999999997
2024,2516805,Municipal,63.35,55.0,59.83,Triunfo,PB,Nordeste,Atingiu ou superou,8.350000000000001
2024,2708600,Municipal,57.17,55.0,59.83,São Miguel dos Campos,AL,Nordeste,Atingiu ou superou,2.1700000000000017
2024,2203503,Municipal,51.08,55.01,59.84,Elesbão Veloso,PI,Nordeste,Abaixo da meta,-3.9299999999999997
2024,3149101,Municipal,85.5,55.01,59.84,Pedralva,MG,Sudeste,Atingiu ou superou,30.490000000000002
2024,3508603,Municipal,41.8,55.01,59.84,Cachoeira Paulista,SP,Sudeste,Abaixo da meta,-13.21
2024,3503802,Municipal,54.41,55.03,59.85,Artur Nogueira,SP,Sudeste,Abaixo da meta,-0.6200000000000045
2024,3171600,Municipal,85.1,55.04,59.86,Virgem da Lapa,MG,Sudeste,Atingiu ou superou,30.059999999999995
2024,1502764,Municipal,45.2,55.05,59.86,Cumaru do Norte,PA,Norte,Abaixo da meta,-9.849999999999994
2024,3502754,Municipal,54.04,55.05,59.86,Araçariguama,SP,Sudeste,Abaixo da meta,-1.009999999999998
2024,3548054,Municipal,62.22,55.06,59.88,Santo Antônio do Aracanguá,SP,Sudeste,Atingiu ou superou,7.159999999999997
2024,3555000,Municipal,51.23,55.08,59.89,Tupã,SP,Sudeste,Abaixo da meta,-3.8500000000000014
2024,3301850,Municipal,47.75,55.1,59.91,Guapimirim,RJ,Sudeste,Abaixo da meta,-7.350000000000001
2024,2615409,Municipal,63.95,55.11,59.92,Toritama,PE,Nordeste,Atingiu ou superou,8.840000000000003
2024,3143005,Municipal,80.85,55.11,59.92,Monte Belo,MG,Sudeste,Atingiu ou superou,25.739999999999995
2024,2703759,Municipal,95.65,55.12,59.93,Jequiá da Praia,AL,Nordeste,Atingiu ou superou,40.53000000000001
2024,1301704,Municipal,57.23,55.15,59.95,Humaitá,AM,Norte,Atingiu ou superou,2.0799999999999983
2024,3113404,Municipal,67.42,55.16,59.95,Caratinga,MG,Sudeste,Atingiu ou superou,12.260000000000005
2024,3522505,Municipal,55.46,55.16,59.95,Itapevi,SP,Sudeste,Atingiu ou superou,0.30000000000000426
2024,3543907,Municipal,54.52,55.16,59.96,Rio Claro,SP,Sudeste,Abaixo da meta,-0.6399999999999935
2024,4107256,Municipal,68.96,55.19,59.98,Douradina,PR,Sul,Atingiu ou superou,13.769999999999996
2024,2909604,Municipal,43.05,55.2,59.99,Crisópolis,BA,Nordeste,Abaixo da meta,-12.150000000000006
2024,2102101,Municipal,58.08,55.2,59.99,Brejo,MA,Nordeste,Atingiu ou superou,2.8799999999999955
2024,1505007,Municipal,51.68,55.21,59.99,Nova Timboteua,PA,Norte,Abaixo da meta,-3.530000000000001
2024,2201988,Municipal,95.35,55.21,60.0,Brejo do Piauí,PI,Nordeste,Atingiu ou superou,40.13999999999999
2024,2922755,Municipal,48.98,55.22,60.01,Nova Ibiá,BA,Nordeste,Abaixo da meta,-6.240000000000002
2024,4220000,Municipal,54.65,55.22,60.01,Balneário Rincão,SC,Sul,Abaixo da meta,-0.5700000000000003
2024,3547007,Municipal,86.98,55.23,60.01,Santa Maria da Serra,SP,Sudeste,Atingiu ou superou,31.750000000000007
2024,2101707,Municipal,78.52,55.23,60.01,Barreirinhas,MA,Nordeste,Atingiu ou superou,23.29
2024,3536604,Municipal,80.89,55.24,60.02,Paulo de Faria,SP,Sudeste,Atingiu ou superou,25.65
2024,3534708,Municipal,53.67,55.25,60.03,Ourinhos,SP,Sudeste,Abaixo da meta,-1.5799999999999983
2024,2507903,Municipal,46.57,55.28,60.06,Juripiranga,PB,Nordeste,Abaixo da meta,-8.71
2024,5212709,Municipal,68.27,55.28,60.06,Mambaí,GO,Centro-Oeste,Atingiu ou superou,12.989999999999995
2024,3300506,Municipal,66.67,55.3,60.07,Bom Jardim,RJ,Sudeste,Atingiu ou superou,11.370000000000005
2024,2926707,Municipal,55.74,55.31,60.08,Rio de Contas,BA,Nordeste,Atingiu ou superou,0.4299999999999997
2024,3171402,Municipal,74.62,55.31,60.08,Vieiras,MG,Sudeste,Atingiu ou superou,19.310000000000002
2024,1600253,Municipal,43.57,55.34,60.1,Itaubal,AP,Norte,Abaixo da meta,-11.770000000000003
2024,3300258,Municipal,58.05,55.35,60.11,Arraial do Cabo,RJ,Sudeste,Atingiu ou superou,2.6999999999999957
2024,2917904,Municipal,36.08,55.37,60.12,Jandaíra,BA,Nordeste,Abaixo da meta,-19.29
2024,3300803,Municipal,49.28,55.43,60.17,Cachoeiras de Macacu,RJ,Sudeste,Abaixo da meta,-6.149999999999999
2024,3157302,Municipal,90.92,55.44,60.19,Santa Bárbara do Tugúrio,MG,Sudeste,Atingiu ou superou,35.480000000000004
2024,3532900,Municipal,68.76,55.45,60.19,Nova Europa,SP,Sudeste,Atingiu ou superou,13.310000000000002
2024,2201929,Municipal,35.96,55.47,60.21,Bonfim do Piauí,PI,Nordeste,Abaixo da meta,-19.509999999999998
2024,2203107,Municipal,85.0,55.47,60.21,Cristino Castro,PI,Nordeste,Atingiu ou superou,29.53
2024,3517208,Municipal,60.0,55.48,60.21,Guaiçara,SP,Sudeste,Atingiu ou superou,4.520000000000003
2024,2509396,Municipal,60.76,55.48,60.21,Maturéia,PB,Nordeste,Atingiu ou superou,5.280000000000001
2024,3516309,Municipal,50.49,55.48,60.21,Francisco Morato,SP,Sudeste,Abaixo da meta,-4.989999999999995
2024,1505551,Municipal,48.91,55.49,60.22,Pau D'Arco,PA,Norte,Abaixo da meta,-6.580000000000005
2024,3541653,Municipal,65.39,55.49,60.22,Quadra,SP,Sudeste,Atingiu ou superou,9.899999999999999
2024,2505105,Municipal,62.2,55.49,60.23,Cuité,PB,Nordeste,Atingiu ou superou,6.710000000000001
2024,3513009,Municipal,49.49,55.5,60.23,Cotia,SP,Sudeste,Abaixo da meta,-6.009999999999998
2024,3170701,Municipal,71.53,55.51,60.24,Varginha,MG,Sudeste,Atingiu ou superou,16.020000000000003
2024,3169307,Municipal,70.26,55.52,60.25,Três Corações,MG,Sudeste,Atingiu ou superou,14.740000000000002
2024,2202251,Municipal,86.82,55.53,60.25,Canavieira,PI,Nordeste,Atingiu ou superou,31.289999999999992
2024,1101609,Municipal,78.73,55.53,60.25,Theobroma,RO,Norte,Atingiu ou superou,23.200000000000003
2024,2107506,Municipal,55.55,55.54,60.26,Paço do Lumiar,MA,Nordeste,Atingiu ou superou,0.00999999999999801
2024,3303807,Municipal,48.89,55.55,60.27,Paraty,RJ,Sudeste,Abaixo da meta,-6.659999999999997
2024,3556206,Municipal,48.21,55.55,60.28,Valinhos,SP,Sudeste,Abaixo da meta,-7.339999999999996
2024,3124104,Municipal,67.38,55.55,60.28,Esmeraldas,MG,Sudeste,Atingiu ou superou,11.829999999999998
2024,3541000,Municipal,51.25,55.55,60.28,Praia Grande,SP,Sudeste,Abaixo da meta,-4.299999999999997
2024,5106232,Municipal,57.29,55.56,60.28,Nova Olímpia,MT,Centro-Oeste,Atingiu ou superou,1.7299999999999969
2024,3168606,Municipal,67.28,55.57,60.29,Teófilo Otoni,MG,Sudeste,Atingiu ou superou,11.71
2024,2606606,Municipal,61.76,55.58,60.3,Ibimirim,PE,Nordeste,Atingiu ou superou,6.18
2024,4302907,Municipal,49.0,55.58,60.3,Cacequi,RS,Sul,Abaixo da meta,-6.579999999999998
2024,1502772,Municipal,72.88,55.58,60.3,Curionópolis,PA,Norte,Atingiu ou superou,17.299999999999997
2024,3172103,Municipal,76.28,55.59,60.3,Volta Grande,MG,Sudeste,Atingiu ou superou,20.689999999999998
2024,3111903,Municipal,93.33,55.6,60.31,Cana Verde,MG,Sudeste,Atingiu ou superou,37.73
2024,1200401,Municipal,55.64,,60.34,Rio Branco,AC,Norte,Sem dados para comparação,
2024,3552106,Municipal,59.71,55.63,60.34,Socorro,SP,Sudeste,Atingiu ou superou,4.079999999999998
2024,3153509,Municipal,78.73,55.63,60.34,Alto Jequitibá,MG,Sudeste,Atingiu ou superou,23.1
2024,3113305,Municipal,52.42,55.64,60.34,Carangola,MG,Sudeste,Abaixo da meta,-3.219999999999999
2024,3503901,Municipal,60.67,55.66,60.36,Arujá,SP,Sudeste,Atingiu ou superou,5.010000000000005
2024,3300209,Municipal,55.89,55.66,60.36,Araruama,RJ,Sudeste,Atingiu ou superou,0.23000000000000398
2024,3108909,Municipal,79.14,55.66,60.36,Brazópolis,MG,Sudeste,Atingiu ou superou,23.480000000000004
2024,2410207,Municipal,65.36,55.67,60.37,Portalegre,RN,Nordeste,Atingiu ou superou,9.689999999999998
2024,4312609,Municipal,53.6,55.68,60.38,Muçum,RS,Sul,Abaixo da meta,-2.0799999999999983
2024,3516408,Municipal,46.57,55.69,60.38,Franco da Rocha,SP,Sudeste,Abaixo da meta,-9.119999999999997
2024,2207504,Municipal,46.19,55.7,60.39,Palmeirais,PI,Nordeste,Abaixo da meta,-9.510000000000005
2024,3509205,Municipal,53.17,55.71,60.4,Cajamar,SP,Sudeste,Abaixo da meta,-2.539999999999999
2024,5101704,Municipal,72.78,55.71,60.4,Barra do Bugres,MT,Centro-Oeste,Atingiu ou superou,17.07
2024,4110003,Municipal,58.96,55.71,60.4,Iguaraçu,PR,Sul,Atingiu ou superou,3.25
2024,1505650,Municipal,55.72,,60.41,Placas,PA,Norte,Sem dados para comparação,
2024,3170206,Municipal,62.63,55.71,60.41,Uberlândia,MG,Sudeste,Atingiu ou superou,6.920000000000002
2024,3122355,Municipal,62.69,55.72,60.41,Divisa Alegre,MG,Sudeste,Atingiu ou superou,6.969999999999999
2024,3164209,Municipal,77.76,55.73,60.42,São Romão,MG,Sudeste,Atingiu ou superou,22.03000000000001
2024,2507705,Municipal,45.45,55.74,60.43,Juazeirinho,PB,Nordeste,Abaixo da meta,-10.29
2024,2603801,Municipal,69.34,55.74,60.43,Capoeiras,PE,Nordeste,Atingiu ou superou,13.600000000000001
2024,3121258,Municipal,47.77,55.77,60.45,Delta,MG,Sudeste,Abaixo da meta,-8.0
2024,1502301,Municipal,48.98,55.77,60.45,Capitão Poço,PA,Norte,Abaixo da meta,-6.790000000000006
2024,3300936,Municipal,59.54,55.79,60.47,Carapebus,RJ,Sudeste,Atingiu ou superou,3.75
2024,1705508,Municipal,55.82,55.79,60.47,Colinas do Tocantins,TO,Norte,Atingiu ou superou,0.030000000000001137
2024,4302006,Municipal,46.9,55.82,60.49,Barros Cassal,RS,Sul,Abaixo da meta,-8.920000000000002
2024,2501500,Municipal,54.93,55.82,60.49,Bananeiras,PB,Nordeste,Abaixo da meta,-0.8900000000000006
2024,2113009,Municipal,73.1,55.82,60.49,Vitorino Freire,MA,Nordeste,Atingiu ou superou,17.279999999999994
2024,2205359,Municipal,97.14,55.82,60.49,João Costa,PI,Nordeste,Atingiu ou superou,41.32
2024,1503002,Municipal,51.79,55.82,60.49,Faro,PA,Norte,Abaixo da meta,-4.030000000000001
2024,3511904,Municipal,54.12,55.83,60.5,Clementina,SP,Sudeste,Abaixo da meta,-1.7100000000000009
2024,2901007,Municipal,51.0,55.84,60.51,Amargosa,BA,Nordeste,Abaixo da meta,-4.840000000000003
2024,3554003,Municipal,53.92,55.87,60.53,Tatuí,SP,Sudeste,Abaixo da meta,-1.9499999999999957
2024,3112604,Municipal,73.04,55.94,60.59,Capinópolis,MG,Sudeste,Atingiu ou superou,17.10000000000001
2024,5214002,Municipal,66.57,55.96,60.6,Mozarlândia,GO,Centro-Oeste,Atingiu ou superou,10.609999999999992
2024,3509700,Municipal,57.12,55.98,60.62,Campos do Jordão,SP,Sudeste,Atingiu ou superou,1.1400000000000006
2024,2610707,Municipal,55.54,55.98,60.62,Paulista,PE,Nordeste,Abaixo da meta,-0.4399999999999977
2024,3146206,Municipal,78.41,55.99,60.63,Ouro Verde de Minas,MG,Sudeste,Atingiu ou superou,22.419999999999995
2024,4302709,Municipal,44.8,55.99,60.63,Butiá,RS,Sul,Abaixo da meta,-11.190000000000005
2024,3107604,Municipal,87.21,55.99,60.63,Bom Jesus da Penha,MG,Sudeste,Atingiu ou superou,31.21999999999999
2024,5205497,Municipal,61.82,56.04,60.66,Cidade Ocidental,GO,Centro-Oeste,Atingiu ou superou,5.780000000000001
2024,5107354,Municipal,35.26,56.04,60.66,São José do Xingu,MT,Centro-Oeste,Abaixo da meta,-20.78
2024,3301900,Municipal,50.45,56.04,60.66,Itaboraí,RJ,Sudeste,Abaixo da meta,-5.589999999999996
2024,2110906,Municipal,83.35,56.04,60.66,São Francisco do Maranhão,MA,Nordeste,Atingiu ou superou,27.309999999999995
2024,3303955,Municipal,63.28,56.08,60.7,Pinheiral,RJ,Sudeste,Atingiu ou superou,7.200000000000003
2024,3134509,Municipal,76.33,56.09,60.71,Itutinga,MG,Sudeste,Atingiu ou superou,20.239999999999995
2024,3110301,Municipal,72.95,56.1,60.72,Caldas,MG,Sudeste,Atingiu ou superou,16.85
2024,4312500,Municipal,40.8,56.1,60.72,Mostardas,RS,Sul,Abaixo da meta,-15.300000000000004
2024,1303106,Municipal,32.8,56.11,60.73,Nova Olinda do Norte,AM,Norte,Abaixo da meta,-23.310000000000002
2024,3537503,Municipal,66.7,56.11,60.73,Pereiras,SP,Sudeste,Atingiu ou superou,10.590000000000003
2024,3556701,Municipal,56.12,56.12,60.73,Vinhedo,SP,Sudeste,Atingiu ou superou,0.0
2024,1100130,Municipal,64.75,56.12,60.73,Machadinho D'Oeste,RO,Norte,Atingiu ou superou,8.630000000000003
2024,1501907,Municipal,51.61,56.12,60.73,Bujaru,PA,Norte,Abaixo da meta,-4.509999999999998
2024,3127206,Municipal,69.2,56.12,60.73,Funilândia,MG,Sudeste,Atingiu ou superou,13.080000000000005
2024,4210209,Municipal,76.42,56.12,60.73,Major Gercino,SC,Sul,Atingiu ou superou,20.300000000000004
2024,3530706,Municipal,63.47,56.12,60.73,Mogi Guaçu,SP,Sudeste,Atingiu ou superou,7.350000000000001
2024,5107941,Municipal,62.36,56.15,60.75,Tabaporã,MT,Centro-Oeste,Atingiu ou superou,6.210000000000001
2024,4120507,Municipal,62.66,56.15,60.76,Primeiro de Maio,PR,Sul,Atingiu ou superou,6.509999999999998
2024,5001003,Municipal,57.5,56.16,60.77,Aparecida do Taboado,MS,Centro-Oeste,Atingiu ou superou,1.3400000000000034
2024,2921104,Municipal,46.9,56.17,60.77,Medeiros Neto,BA,Nordeste,Abaixo da meta,-9.270000000000003
2024,1504208,Municipal,50.68,56.17,60.77,Marabá,PA,Norte,Abaixo da meta,-5.490000000000002
2024,2601904,Municipal,56.84,56.18,60.78,Bezerros,PE,Nordeste,Atingiu ou superou,0.6600000000000037
2024,2101251,Municipal,53.73,56.2,60.79,Bacabeira,MA,Nordeste,Abaixo da meta,-2.470000000000006
2024,3157807,Municipal,72.16,56.2,60.8,Santa Luzia,MG,Sudeste,Atingiu ou superou,15.959999999999994
2024,2514701,Municipal,48.54,56.21,60.81,São José do Sabugi,PB,Nordeste,Abaixo da meta,-7.670000000000002
2024,2701506,Municipal,37.4,56.21,60.81,Campo Grande,AL,Nordeste,Abaixo da meta,-18.810000000000002
2024,4106100,Municipal,69.16,56.22,60.81,Conselheiro Mairinck,PR,Sul,Atingiu ou superou,12.939999999999998
2024,4312476,Municipal,76.9,56.24,60.83,Morro Reuter,RS,Sul,Atingiu ou superou,20.660000000000004
2024,2601607,Municipal,62.62,56.25,60.84,Belém do São Francisco,PE,Nordeste,Atingiu ou superou,6.369999999999997
2024,3548906,Municipal,50.27,56.26,60.84,São Carlos,SP,Sudeste,Abaixo da meta,-5.989999999999995
2024,3171501,Municipal,67.61,56.26,60.84,Mathias Lobato,MG,Sudeste,Atingiu ou superou,11.350000000000001
2024,2106300,Municipal,82.04,56.28,60.86,Magalhães de Almeida,MA,Nordeste,Atingiu ou superou,25.760000000000005
2024,3129806,Municipal,63.66,56.29,60.87,Ibirité,MG,Sudeste,Atingiu ou superou,7.369999999999997
2024,3132701,Municipal,56.95,56.29,60.87,Itambacuri,MG,Sudeste,Atingiu ou superou,0.6600000000000037
2024,2916856,Municipal,54.22,56.29,60.87,Itatim,BA,Nordeste,Abaixo da meta,-2.0700000000000003
2024,5007950,Municipal,56.62,56.3,60.88,Tacuru,MS,Centro-Oeste,Atingiu ou superou,0.3200000000000003
2024,3300951,Municipal,66.11,56.32,60.9,Comendador Levy Gasparian,RJ,Sudeste,Atingiu ou superou,9.79
2024,5218003,Municipal,49.92,56.34,60.91,Porangatu,GO,Centro-Oeste,Abaixo da meta,-6.420000000000002
2024,4214102,Municipal,58.33,56.35,60.92,Presidente Nereu,SC,Sul,Atingiu ou superou,1.9799999999999969
2024,2503704,Municipal,50.91,56.36,60.92,Cajazeiras,PB,Nordeste,Abaixo da meta,-5.450000000000003
2024,5105622,Municipal,60.12,56.36,60.92,Mirassol d'Oeste,MT,Centro-Oeste,Atingiu ou superou,3.759999999999998
2024,3542008,Municipal,64.71,56.38,60.94,Quintana,SP,Sudeste,Atingiu ou superou,8.329999999999991
2024,5002308,Municipal,60.76,56.39,60.95,Brasilândia,MS,Centro-Oeste,Atingiu ou superou,4.369999999999997
2024,2205805,Municipal,54.9,56.4,60.96,Luzilândia,PI,Nordeste,Abaixo da meta,-1.5
2024,2207306,Municipal,45.31,56.42,60.98,Paes Landim,PI,Nordeste,Abaixo da meta,-11.11
2024,1303957,Municipal,29.46,56.43,60.98,São Sebastião do Uatumã,AM,Norte,Abaixo da meta,-26.97
2024,3519907,Municipal,53.84,56.43,60.98,Iepê,SP,Sudeste,Abaixo da meta,-2.5899999999999963
2024,1302702,Municipal,57.02,56.43,60.98,Manicoré,AM,Norte,Atingiu ou superou,0.5900000000000034
2024,3552304,Municipal,57.15,56.44,60.99,Sud Mennucci,SP,Sudeste,Atingiu ou superou,0.7100000000000009
2024,3166709,Municipal,65.83,56.46,61.01,Serra dos Aimorés,MG,Sudeste,Atingiu ou superou,9.369999999999997
2024,2403004,Municipal,60.81,56.46,61.01,Cruzeta,RN,Nordeste,Atingiu ou superou,4.350000000000001
2024,2604700,Municipal,71.97,56.47,61.01,Correntes,PE,Nordeste,Atingiu ou superou,15.5
2024,1707009,Municipal,61.27,56.47,61.01,Dianópolis,TO,Norte,Atingiu ou superou,4.800000000000004
2024,3126802,Municipal,69.89,56.48,61.02,Frei Gaspar,MG,Sudeste,Atingiu ou superou,13.410000000000004
2024,2101772,Municipal,77.73,56.48,61.02,Bela Vista do Maranhão,MA,Nordeste,Atingiu ou superou,21.250000000000007
2024,2905008,Municipal,47.96,56.48,61.02,Caculé,BA,Nordeste,Abaixo da meta,-8.519999999999996
2024,2923803,Municipal,39.8,56.5,61.04,Paripiranga,BA,Nordeste,Abaixo da meta,-16.700000000000003
2024,2931350,Municipal,35.04,56.5,61.04,Teixeira de Freitas,BA,Nordeste,Abaixo da meta,-21.46
2024,2611002,Municipal,66.17,56.52,61.05,Petrolândia,PE,Nordeste,Atingiu ou superou,9.649999999999999
2024,3130101,Municipal,73.84,56.52,61.05,Igarapé,MG,Sudeste,Atingiu ou superou,17.32
2024,1303403,Municipal,51.36,56.53,61.06,Parintins,AM,Norte,Abaixo da meta,-5.170000000000002
2024,3505807,Municipal,46.89,56.53,61.06,Bastos,SP,Sudeste,Abaixo da meta,-9.64
2024,3141900,Municipal,76.32,56.53,61.07,Minduri,MG,Sudeste,Atingiu ou superou,19.789999999999992
2024,2608008,Municipal,37.15,56.54,61.07,Jataúba,PE,Nordeste,Abaixo da meta,-19.39
2024,2708956,Municipal,57.08,56.54,61.07,Senador Rui Palmeira,AL,Nordeste,Atingiu ou superou,0.5399999999999991
2024,3516705,Municipal,57.27,56.55,61.08,Garça,SP,Sudeste,Atingiu ou superou,0.720000000000006
2024,3303302,Municipal,51.2,56.56,61.09,Niterói,RJ,Sudeste,Abaixo da meta,-5.359999999999999
2024,5101902,Municipal,69.06,56.56,61.09,Brasnorte,MT,Centro-Oeste,Atingiu ou superou,12.5
2024,3550407,Municipal,58.16,56.57,61.09,São Pedro,SP,Sudeste,Atingiu ou superou,1.5899999999999963
2024,2211308,Municipal,42.13,56.58,61.1,Valença do Piauí,PI,Nordeste,Abaixo da meta,-14.449999999999996
2024,1506302,Municipal,49.47,56.58,61.11,Salvaterra,PA,Norte,Abaixo da meta,-7.109999999999999
2024,3144300,Municipal,57.67,56.6,61.12,Nanuque,MG,Sudeste,Atingiu ou superou,1.0700000000000003
2024,2106904,Municipal,36.19,56.61,61.13,Monção,MA,Nordeste,Abaixo da meta,-20.42
2024,3157278,Municipal,67.82,56.62,61.13,Santa Bárbara do Monte Verde,MG,Sudeste,Atingiu ou superou,11.199999999999996
2024,2517100,Municipal,62.96,56.63,61.14,Várzea,PB,Nordeste,Atingiu ou superou,6.329999999999998
2024,3133600,Municipal,67.89,56.63,61.14,Itapeva,MG,Sudeste,Atingiu ou superou,11.259999999999998
2024,2515930,Municipal,75.35,56.63,61.14,Sertãozinho,PB,Nordeste,Atingiu ou superou,18.71999999999999
2024,3520426,Municipal,67.6,56.64,61.15,Ilha Comprida,SP,Sudeste,Atingiu ou superou,10.959999999999994
2024,3507605,Municipal,53.36,56.64,61.15,Bragança Paulista,SP,Sudeste,Abaixo da meta,-3.280000000000001
2024,3125705,Municipal,75.1,56.65,61.16,Felixlândia,MG,Sudeste,Atingiu ou superou,18.449999999999996
2024,3127701,Municipal,68.07,56.68,61.18,Governador Valadares,MG,Sudeste,Atingiu ou superou,11.389999999999993
2024,3549805,Municipal,56.85,56.68,61.18,São José do Rio Preto,SP,Sudeste,Atingiu ou superou,0.1700000000000017
2024,4215208,Municipal,78.04,56.69,61.19,Romelândia,SC,Sul,Atingiu ou superou,21.35000000000001
2024,5107263,Municipal,76.83,56.69,61.2,Santo Afonso,MT,Centro-Oeste,Atingiu ou superou,20.14
2024,1502004,Municipal,33.12,56.72,61.22,Cachoeira do Arari,PA,Norte,Abaixo da meta,-23.6
2024,5103502,Municipal,65.08,56.72,61.22,Diamantino,MT,Centro-Oeste,Atingiu ou superou,8.36
2024,3305000,Municipal,58.22,56.73,61.22,São João da Barra,RJ,Sudeste,Atingiu ou superou,1.490000000000002
2024,3109303,Municipal,62.9,56.75,61.24,Buritis,MG,Sudeste,Atingiu ou superou,6.149999999999999
2024,1506906,Municipal,78.25,56.76,61.25,Santarém Novo,PA,Norte,Atingiu ou superou,21.490000000000002
2024,2921450,Municipal,46.15,56.77,61.26,Mirante,BA,Nordeste,Abaixo da meta,-10.620000000000005
2024,3114550,Municipal,64.51,56.8,61.28,Carneirinho,MG,Sudeste,Atingiu ou superou,7.710000000000008
2024,1302603,Municipal,50.13,56.8,61.28,Manaus,AM,Norte,Abaixo da meta,-6.669999999999995
2024,3125606,Municipal,70.2,56.8,61.28,Felisburgo,MG,Sudeste,Atingiu ou superou,13.400000000000006
2024,2401107,Municipal,39.95,56.82,61.3,Areia Branca,RN,Nordeste,Abaixo da meta,-16.869999999999997
2024,2202208,Municipal,54.48,56.83,61.3,Campo Maior,PI,Nordeste,Abaixo da meta,-2.3500000000000014
2024,3134004,Municipal,64.84,56.85,61.32,Itinga,MG,Sudeste,Atingiu ou superou,7.990000000000002
2024,3130804,Municipal,87.27,56.85,61.32,Ingaí,MG,Sudeste,Atingiu ou superou,30.419999999999995
2024,2606002,Municipal,69.75,56.86,61.33,Garanhuns,PE,Nordeste,Atingiu ou superou,12.89
2024,5215231,Municipal,57.35,56.87,61.34,Novo Gama,GO,Centro-Oeste,Atingiu ou superou,0.480000000000004
2024,3521200,Municipal,65.63,56.89,61.35,Iporanga,SP,Sudeste,Atingiu ou superou,8.739999999999995
2024,3542602,Municipal,63.81,56.89,61.35,Registro,SP,Sudeste,Atingiu ou superou,6.920000000000002
2024,5007695,Municipal,62.1,56.9,61.36,São Gabriel do Oeste,MS,Centro-Oeste,Atingiu ou superou,5.200000000000003
2024,3550605,Municipal,51.51,56.9,61.36,São Roque,SP,Sudeste,Abaixo da meta,-5.390000000000001
2024,3513900,Municipal,61.36,56.9,61.36,Divinolândia,SP,Sudeste,Atingiu ou superou,4.460000000000001
2024,3100203,Municipal,73.11,56.9,61.36,Abaeté,MG,Sudeste,Atingiu ou superou,16.21
2024,2411429,Municipal,40.91,56.91,61.37,Santana do Seridó,RN,Nordeste,Abaixo da meta,-16.0
2024,2412005,Municipal,32.48,56.91,61.37,São Gonçalo do Amarante,RN,Nordeste,Abaixo da meta,-24.43
2024,4201109,Municipal,56.94,,61.39,Anitápolis,SC,Sul,Sem dados para comparação,
2024,4128559,Municipal,76.11,56.94,61.39,Vera Cruz do Oeste,PR,Sul,Atingiu ou superou,19.17
2024,3136405,Municipal,71.38,56.95,61.4,Joaquim Felício,MG,Sudeste,Atingiu ou superou,14.429999999999993
2024,5209457,Municipal,95.65,56.95,61.4,Guarinos,GO,Centro-Oeste,Atingiu ou superou,38.7
2024,3109600,Municipal,80.0,56.96,61.41,Cachoeira da Prata,MG,Sudeste,Atingiu ou superou,23.04
2024,2512747,Municipal,70.37,56.97,61.42,Riachão,PB,Nordeste,Atingiu ou superou,13.400000000000006
2024,3501905,Municipal,59.94,56.97,61.42,Amparo,SP,Sudeste,Atingiu ou superou,2.969999999999999
2024,4204194,Municipal,65.91,57.0,61.44,Chapadão do Lageado,SC,Sul,Atingiu ou superou,8.909999999999997
2024,4100400,Municipal,45.12,57.0,61.44,Almirante Tamandaré,PR,Sul,Abaixo da meta,-11.880000000000003
2024,3135704,Municipal,65.96,57.0,61.44,Jequitibá,MG,Sudeste,Atingiu ou superou,8.959999999999994
2024,2209153,Municipal,68.18,57.0,61.44,Santa Cruz dos Milagres,PI,Nordeste,Atingiu ou superou,11.180000000000007
2024,2920502,Municipal,43.58,57.02,61.46,Maracás,BA,Nordeste,Abaixo da meta,-13.440000000000005
2024,2709152,Municipal,57.59,57.03,61.47,Teotônio Vilela,AL,Nordeste,Atingiu ou superou,0.5600000000000023
2024,2606309,Municipal,68.11,57.04,61.47,Granito,PE,Nordeste,Atingiu ou superou,11.07
2024,2511400,Municipal,42.85,57.06,61.49,Picuí,PB,Nordeste,Abaixo da meta,-14.21
2024,3129509,Municipal,78.1,57.07,61.49,Ibiá,MG,Sudeste,Atingiu ou superou,21.029999999999994
2024,3117876,Municipal,69.15,57.07,61.49,Confins,MG,Sudeste,Atingiu ou superou,12.080000000000005
2024,3553807,Municipal,56.67,57.07,61.5,Taquarituba,SP,Sudeste,Abaixo da meta,-0.3999999999999986
2024,1707553,Municipal,57.84,57.08,61.51,Fátima,TO,Norte,Atingiu ou superou,0.7600000000000051
2024,2602803,Municipal,55.5,57.08,61.51,Buíque,PE,Nordeste,Abaixo da meta,-1.5799999999999983
2024,1713304,Municipal,63.01,57.09,61.51,Miranorte,TO,Norte,Atingiu ou superou,5.919999999999995
2024,4206207,Municipal,76.93,57.16,61.57,Gravatal,SC,Sul,Atingiu ou superou,19.77000000000001
2024,3152105,Municipal,81.27,57.17,61.58,Ponte Nova,MG,Sudeste,Atingiu ou superou,24.099999999999994
2024,2513356,Municipal,39.01,57.18,61.59,Santa Inês,PB,Nordeste,Abaixo da meta,-18.17
2024,3526605,Municipal,46.14,57.18,61.59,Lavrinhas,SP,Sudeste,Abaixo da meta,-11.04
2024,4205308,Municipal,66.52,57.2,61.6,Faxinal dos Guedes,SC,Sul,Atingiu ou superou,9.319999999999993
2024,2110302,Municipal,72.56,57.23,61.62,Santo Antônio dos Lopes,MA,Nordeste,Atingiu ou superou,15.330000000000005
2024,3515707,Municipal,65.07,57.23,61.63,Ferraz de Vasconcelos,SP,Sudeste,Atingiu ou superou,7.839999999999996
2024,3546405,Municipal,72.25,57.25,61.64,Santa Cruz do Rio Pardo,SP,Sudeste,Atingiu ou superou,15.0
2024,5107602,Municipal,60.49,57.26,61.65,Rondonópolis,MT,Centro-Oeste,Atingiu ou superou,3.230000000000004
2024,2513208,Municipal,86.28,57.29,61.68,Santa Cruz,PB,Nordeste,Atingiu ou superou,28.990000000000002
2024,1703206,Municipal,59.26,57.3,61.68,Bernardo Sayão,TO,Norte,Atingiu ou superou,1.9600000000000009
2024,2612505,Municipal,55.94,57.31,61.69,Santa Cruz do Capibaribe,PE,Nordeste,Abaixo da meta,-1.3700000000000045
2024,3519303,Municipal,68.78,57.31,61.69,Ibaté,SP,Sudeste,Atingiu ou superou,11.469999999999999
2024,4307104,Municipal,64.4,57.32,61.7,Herval,RS,Sul,Atingiu ou superou,7.080000000000005
2024,2513307,Municipal,96.58,57.33,61.7,Santa Helena,PB,Nordeste,Atingiu ou superou,39.25
2024,3150158,Municipal,74.09,57.33,61.71,Piedade de Caratinga,MG,Sudeste,Atingiu ou superou,16.760000000000005
2024,3526704,Municipal,61.7,57.33,61.71,Leme,SP,Sudeste,Atingiu ou superou,4.3700000000000045
2024,3547809,Municipal,56.5,57.33,61.71,Santo André,SP,Sudeste,Abaixo da meta,-0.8299999999999983
2024,3131505,Municipal,63.82,57.35,61.72,Ipuiúna,MG,Sudeste,Atingiu ou superou,6.469999999999999
2024,3127008,Municipal,76.16,57.36,61.73,Fronteira,MG,Sudeste,Atingiu ou superou,18.799999999999997
2024,1502954,Municipal,50.59,57.37,61.74,Eldorado do Carajás,PA,Norte,Abaixo da meta,-6.779999999999994
2024,2104602,Municipal,48.13,57.38,61.75,Governador Eugênio Barros,MA,Nordeste,Abaixo da meta,-9.25
2024,3552403,Municipal,50.61,57.39,61.76,Sumaré,SP,Sudeste,Abaixo da meta,-6.780000000000001
2024,1702703,Municipal,41.94,57.4,61.77,Aurora do Tocantins,TO,Norte,Abaixo da meta,-15.46
2024,3153608,Municipal,60.98,57.41,61.77,Prudente de Morais,MG,Sudeste,Atingiu ou superou,3.5700000000000003
2024,3165404,Municipal,75.07,57.41,61.77,Sapucaí-Mirim,MG,Sudeste,Atingiu ou superou,17.659999999999997
2024,5002407,Municipal,66.23,57.41,61.77,Caarapó,MS,Centro-Oeste,Atingiu ou superou,8.820000000000007
2024,2404903,Municipal,51.63,57.42,61.78,Itaú,RN,Nordeste,Abaixo da meta,-5.789999999999999
2024,3138351,Municipal,92.39,57.42,61.78,Leme do Prado,MG,Sudeste,Atingiu ou superou,34.97
2024,3155108,Municipal,76.19,57.42,61.78,Rio do Prado,MG,Sudeste,Atingiu ou superou,18.769999999999996
2024,4315313,Municipal,40.0,57.42,61.78,Quatro Irmãos,RS,Sul,Abaixo da meta,-17.42
2024,3512803,Municipal,59.61,57.43,61.79,Cosmópolis,SP,Sudeste,Atingiu ou superou,2.1799999999999997
2024,2208007,Municipal,54.93,57.43,61.79,Picos,PI,Nordeste,Abaixo da meta,-2.5
2024,2602605,Municipal,48.73,57.44,61.79,Brejo da Madre de Deus,PE,Nordeste,Abaixo da meta,-8.71
2024,3120151,Municipal,48.66,57.46,61.81,Crisólita,MG,Sudeste,Abaixo da meta,-8.800000000000004
2024,2504355,Municipal,76.68,57.47,61.82,Caturité,PB,Nordeste,Atingiu ou superou,19.210000000000008
2024,3524303,Municipal,57.94,57.48,61.83,Jaboticabal,SP,Sudeste,Atingiu ou superou,0.46000000000000085
2024,3528908,Municipal,48.4,57.49,61.83,Mariápolis,SP,Sudeste,Abaixo da meta,-9.090000000000003
2024,4208708,Municipal,70.16,57.49,61.83,Jacinto Machado,SC,Sul,Atingiu ou superou,12.669999999999995
2024,3529203,Municipal,63.56,57.49,61.84,Martinópolis,SP,Sudeste,Atingiu ou superou,6.07
2024,3162104,Municipal,75.49,57.5,61.85,São Gotardo,MG,Sudeste,Atingiu ou superou,17.989999999999995
2024,2108603,Municipal,46.82,57.5,61.85,Pinheiro,MA,Nordeste,Abaixo da meta,-10.68
2024,2102705,Municipal,70.83,57.5,61.85,Cantanhede,MA,Nordeste,Atingiu ou superou,13.329999999999998
2024,3508504,Municipal,44.26,57.51,61.85,Caçapava,SP,Sudeste,Abaixo da meta,-13.25
2024,1716505,Municipal,56.7,57.52,61.86,Pedro Afonso,TO,Norte,Abaixo da meta,-0.8200000000000003
2024,4213401,Municipal,66.76,57.53,61.87,Ponte Serrada,SC,Sul,Atingiu ou superou,9.230000000000004
2024,2107209,Municipal,46.83,57.54,61.87,Nina Rodrigues,MA,Nordeste,Abaixo da meta,-10.71
2024,5007307,Municipal,53.05,57.54,61.88,Rio Negro,MS,Centro-Oeste,Abaixo da meta,-4.490000000000002
2024,2512077,Municipal,57.57,,61.89,Poço de José de Moura,PB,Nordeste,Sem dados para comparação,
2024,3126901,Municipal,64.71,57.56,61.89,Frei Inocêncio,MG,Sudeste,Atingiu ou superou,7.1499999999999915
2024,3543006,Municipal,64.79,57.56,61.89,Ribeirão Branco,SP,Sudeste,Atingiu ou superou,7.230000000000004
2024,3516804,Municipal,54.3,57.58,61.91,Gastão Vidigal,SP,Sudeste,Abaixo da meta,-3.280000000000001
2024,2606200,Municipal,45.89,57.59,61.91,Goiana,PE,Nordeste,Abaixo da meta,-11.700000000000003
2024,2705507,Municipal,84.41,57.6,61.92,Murici,AL,Nordeste,Atingiu ou superou,26.809999999999995
2024,4304606,Municipal,41.4,57.6,61.93,Canoas,RS,Sul,Abaixo da meta,-16.200000000000003
2024,3141702,Municipal,63.47,57.61,61.93,Mesquita,MG,Sudeste,Atingiu ou superou,5.859999999999999
2024,3532207,Municipal,60.6,57.61,61.93,Narandiba,SP,Sudeste,Atingiu ou superou,2.990000000000002
2024,2607604,Municipal,50.6,57.61,61.93,Ilha de Itamaracá,PE,Nordeste,Abaixo da meta,-7.009999999999998
2024,1302900,Municipal,45.97,57.61,61.93,Maués,AM,Norte,Abaixo da meta,-11.64
2024,4206702,Municipal,59.83,57.65,61.96,Herval d'Oeste,SC,Sul,Atingiu ou superou,2.1799999999999997
2024,4116307,Municipal,80.0,57.66,61.98,Munhoz de Melo,PR,Sul,Atingiu ou superou,22.340000000000003
2024,3106101,Municipal,57.69,,61.99,Belmiro Braga,MG,Sudeste,Sem dados para comparação,
2024,2616001,Municipal,59.29,57.68,61.99,Venturosa,PE,Nordeste,Atingiu ou superou,1.6099999999999994
2024,2102507,Municipal,34.1,57.7,62.0,Cajari,MA,Nordeste,Abaixo da meta,-23.6
2024,2904605,Municipal,42.15,57.7,62.01,Brumado,BA,Nordeste,Abaixo da meta,-15.550000000000004
2024,2704005,Municipal,56.66,57.72,62.02,Junqueiro,AL,Nordeste,Abaixo da meta,-1.0600000000000023
2024,2200954,Municipal,80.95,57.75,62.04,Aroeiras do Itaim,PI,Nordeste,Atingiu ou superou,23.200000000000003
2024,3515152,Municipal,47.86,57.75,62.04,Engenheiro Coelho,SP,Sudeste,Abaixo da meta,-9.89
2024,5105101,Municipal,64.06,57.76,62.05,Juara,MT,Centro-Oeste,Atingiu ou superou,6.300000000000004
2024,1101484,Municipal,78.36,57.76,62.05,São Felipe D'Oeste,RO,Norte,Atingiu ou superou,20.6
2024,3522208,Municipal,54.9,57.76,62.06,Itapecerica da Serra,SP,Sudeste,Abaixo da meta,-2.8599999999999994
2024,3522406,Municipal,56.2,57.76,62.06,Itapeva,SP,Sudeste,Abaixo da meta,-1.5599999999999952
2024,2105401,Municipal,60.47,57.76,62.06,Itapecuru Mirim,MA,Nordeste,Atingiu ou superou,2.710000000000001
2024,5002209,Municipal,58.78,57.78,62.07,Bonito,MS,Centro-Oeste,Atingiu ou superou,1.0
2024,2609402,Municipal,43.93,57.79,62.08,Moreno,PE,Nordeste,Abaixo da meta,-13.86
2024,3164431,Municipal,93.1,57.79,62.08,São Sebastião da Vargem Alegre,MG,Sudeste,Atingiu ou superou,35.309999999999995
2024,2616100,Municipal,68.84,57.8,62.08,Verdejante,PE,Nordeste,Atingiu ou superou,11.040000000000006
2024,3544400,Municipal,82.14,57.81,62.1,Rubiácea,SP,Sudeste,Atingiu ou superou,24.33
2024,2933406,Municipal,45.0,57.82,62.1,Wagner,BA,Nordeste,Abaixo da meta,-12.82
2024,3530102,Municipal,54.13,57.82,62.1,Mirandópolis,SP,Sudeste,Abaixo da meta,-3.6899999999999977
2024,2706448,Municipal,35.8,57.82,62.1,Paripueira,AL,Nordeste,Abaixo da meta,-22.020000000000003
2024,2700201,Municipal,45.26,57.84,62.12,Anadia,AL,Nordeste,Abaixo da meta,-12.580000000000005
2024,3128709,Municipal,66.93,57.85,62.12,Guaxupé,MG,Sudeste,Atingiu ou superou,9.080000000000005
2024,2507408,Municipal,23.83,57.85,62.12,Jericó,PB,Nordeste,Abaixo da meta,-34.02
2024,2608404,Municipal,60.64,57.86,62.13,Jurema,PE,Nordeste,Atingiu ou superou,2.780000000000001
2024,2904308,Municipal,47.62,57.86,62.14,Brejões,BA,Nordeste,Abaixo da meta,-10.240000000000002
2024,4313656,Municipal,45.2,57.88,62.15,Palmares do Sul,RS,Sul,Abaixo da meta,-12.68
2024,3538907,Municipal,46.03,57.88,62.15,Pirajuí,SP,Sudeste,Abaixo da meta,-11.850000000000001
2024,3306008,Municipal,51.43,57.88,62.15,Três Rios,RJ,Sudeste,Abaixo da meta,-6.450000000000003
2024,3147105,Municipal,69.52,57.9,62.16,Pará de Minas,MG,Sudeste,Atingiu ou superou,11.619999999999997
2024,3553609,Municipal,79.51,57.9,62.16,Tapiratiba,SP,Sudeste,Atingiu ou superou,21.610000000000007
2024,5100250,Municipal,71.46,57.91,62.17,Alta Floresta,MT,Centro-Oeste,Atingiu ou superou,13.549999999999997
2024,5107743,Municipal,73.81,57.91,62.17,Santa Cruz do Xingu,MT,Centro-Oeste,Atingiu ou superou,15.900000000000006
2024,4103206,Municipal,72.9,57.91,62.18,Bom Sucesso,PR,Sul,Atingiu ou superou,14.990000000000009
2024,2111102,Municipal,55.16,57.94,62.2,São João dos Patos,MA,Nordeste,Abaixo da meta,-2.780000000000001
2024,1708304,Municipal,40.0,57.94,62.2,Goianorte,TO,Norte,Abaixo da meta,-17.939999999999998
2024,3509957,Municipal,48.15,57.95,62.2,Canas,SP,Sudeste,Abaixo da meta,-9.800000000000004
2024,2502805,Municipal,51.6,57.95,62.2,Brejo do Cruz,PB,Nordeste,Abaixo da meta,-6.350000000000001
2024,5209606,Municipal,83.54,57.96,62.21,Heitoraí,GO,Centro-Oeste,Atingiu ou superou,25.580000000000005
2024,3167202,Municipal,60.35,57.97,62.22,Sete Lagoas,MG,Sudeste,Atingiu ou superou,2.3800000000000026
2024,5106265,Municipal,67.67,57.99,62.24,Novo Mundo,MT,Centro-Oeste,Atingiu ou superou,9.68
2024,2209955,Municipal,86.96,58.01,62.25,São João da Varjota,PI,Nordeste,Atingiu ou superou,28.949999999999996
2024,1506583,Municipal,42.45,58.01,62.25,Santa Maria das Barreiras,PA,Norte,Abaixo da meta,-15.559999999999995
2024,5107701,Municipal,56.37,58.02,62.26,Rosário Oeste,MT,Centro-Oeste,Abaixo da meta,-1.6500000000000057
2024,3507803,Municipal,54.27,58.03,62.27,Brodowski,SP,Sudeste,Abaixo da meta,-3.759999999999998
2024,3144607,Municipal,77.99,58.03,62.27,Nepomuceno,MG,Sudeste,Atingiu ou superou,19.959999999999994
2024,2202406,Municipal,54.01,58.04,62.28,Capitão de Campos,PI,Nordeste,Abaixo da meta,-4.030000000000001
2024,3108701,Municipal,81.16,58.04,62.28,Brás Pires,MG,Sudeste,Atingiu ou superou,23.119999999999997
2024,3553500,Municipal,57.45,58.05,62.29,Tapiraí,SP,Sudeste,Abaixo da meta,-0.5999999999999943
2024,3551702,Municipal,54.16,58.07,62.3,Sertãozinho,SP,Sudeste,Abaixo da meta,-3.9100000000000037
2024,2614006,Municipal,59.7,58.07,62.31,Serrita,PE,Nordeste,Atingiu ou superou,1.6300000000000026
2024,3118601,Municipal,69.05,58.08,62.31,Contagem,MG,Sudeste,Atingiu ou superou,10.969999999999999
2024,3149002,Municipal,80.0,58.09,62.32,Pedra Dourada,MG,Sudeste,Atingiu ou superou,21.909999999999997
2024,1505601,Municipal,84.31,58.11,62.33,Peixe-Boi,PA,Norte,Atingiu ou superou,26.200000000000003
2024,3140001,Municipal,65.6,58.12,62.34,Mariana,MG,Sudeste,Atingiu ou superou,7.479999999999997
2024,2924900,Municipal,42.86,58.12,62.35,Planaltino,BA,Nordeste,Abaixo da meta,-15.259999999999998
2024,3530805,Municipal,57.7,58.13,62.35,Mogi Mirim,SP,Sudeste,Abaixo da meta,-0.4299999999999997
2024,3148301,Municipal,89.89,58.13,62.35,Paula Cândido,MG,Sudeste,Atingiu ou superou,31.759999999999998
2024,3107109,Municipal,74.5,58.17,62.38,Boa Esperança,MG,Sudeste,Atingiu ou superou,16.33
2024,2503605,Municipal,72.22,58.17,62.39,Caiçara,PB,Nordeste,Atingiu ou superou,14.049999999999997
2024,3522000,Municipal,44.34,58.17,62.39,Itaju,SP,Sudeste,Abaixo da meta,-13.829999999999998
2024,4304622,Municipal,60.0,58.18,62.39,Capão Bonito do Sul,RS,Sul,Atingiu ou superou,1.8200000000000003
2024,2908309,Municipal,41.18,58.18,62.39,Conceição do Almeida,BA,Nordeste,Abaixo da meta,-17.0
2024,2403202,Municipal,53.06,58.21,62.41,Doutor Severiano,RN,Nordeste,Abaixo da meta,-5.149999999999999
2024,2200277,Municipal,55.26,58.22,62.42,Alegrete do Piauí,PI,Nordeste,Abaixo da meta,-2.960000000000001
2024,4318507,Municipal,38.2,58.23,62.43,São José do Norte,RS,Sul,Abaixo da meta,-20.029999999999994
2024,3501301,Municipal,72.19,58.23,62.43,Álvares Machado,SP,Sudeste,Atingiu ou superou,13.96
2024,3127107,Municipal,73.59,58.24,62.44,Frutal,MG,Sudeste,Atingiu ou superou,15.350000000000001
2024,3106705,Municipal,66.62,58.25,62.45,Betim,MG,Sudeste,Atingiu ou superou,8.370000000000005
2024,2107407,Municipal,58.91,58.25,62.45,Olho d'Água das Cunhãs,MA,Nordeste,Atingiu ou superou,0.6599999999999966
2024,3143401,Municipal,74.18,58.25,62.45,Monte Sião,MG,Sudeste,Atingiu ou superou,15.930000000000007
2024,3169703,Municipal,73.78,58.26,62.45,Turmalina,MG,Sudeste,Atingiu ou superou,15.520000000000003
2024,5005806,Municipal,60.98,58.26,62.45,Nioaque,MS,Centro-Oeste,Atingiu ou superou,2.719999999999999
2024,5103403,Municipal,46.56,58.26,62.45,Cuiabá,MT,Centro-Oeste,Abaixo da meta,-11.699999999999996
2024,1504802,Municipal,46.69,58.27,62.46,Monte Alegre,PA,Norte,Abaixo da meta,-11.580000000000005
2024,3515202,Municipal,58.91,58.28,62.47,Estrela d'Oeste,SP,Sudeste,Atingiu ou superou,0.6299999999999955
2024,4207700,Municipal,62.84,58.28,62.47,Ipumirim,SC,Sul,Atingiu ou superou,4.560000000000002
2024,3512209,Municipal,55.54,58.29,62.48,Conchal,SP,Sudeste,Abaixo da meta,-2.75
2024,3130051,Municipal,77.42,58.3,62.49,Icaraí de Minas,MG,Sudeste,Atingiu ou superou,19.120000000000005
2024,2921005,Municipal,56.92,58.32,62.5,Mata de São João,BA,Nordeste,Abaixo da meta,-1.3999999999999986
2024,1504109,Municipal,60.05,58.32,62.5,Magalhães Barata,PA,Norte,Atingiu ou superou,1.7299999999999969
2024,3507209,Municipal,58.33,,62.52,Borá,SP,Sudeste,Sem dados para comparação,
2024,2933455,Municipal,55.37,58.33,62.52,Wanderley,BA,Nordeste,Abaixo da meta,-2.960000000000001
2024,3167400,Municipal,87.91,58.35,62.53,Silvianópolis,MG,Sudeste,Atingiu ou superou,29.559999999999995
2024,3171204,Municipal,70.35,58.37,62.54,Vespasiano,MG,Sudeste,Atingiu ou superou,11.979999999999997
2024,5000906,Municipal,56.2,58.37,62.54,Antônio João,MS,Centro-Oeste,Abaixo da meta,-2.1699999999999946
2024,3541406,Municipal,61.12,58.37,62.54,Presidente Prudente,SP,Sudeste,Atingiu ou superou,2.75
2024,4215687,Municipal,95.83,58.41,62.58,Santa Terezinha do Progresso,SC,Sul,Atingiu ou superou,37.42
2024,4315602,Municipal,43.2,58.45,62.61,Rio Grande,RS,Sul,Abaixo da meta,-15.25
2024,1300201,Municipal,84.07,58.48,62.63,Atalaia do Norte,AM,Norte,Atingiu ou superou,25.589999999999996
2024,3526407,Municipal,59.37,58.49,62.64,Laranjal Paulista,SP,Sudeste,Atingiu ou superou,0.8799999999999955
2024,3503109,Municipal,56.61,58.49,62.64,Arandu,SP,Sudeste,Abaixo da meta,-1.8800000000000026
2024,3143450,Municipal,88.98,58.49,62.64,Montezuma,MG,Sudeste,Atingiu ou superou,30.490000000000002
2024,2109551,Municipal,50.14,58.51,62.66,Ribamar Fiquene,MA,Nordeste,Abaixo da meta,-8.369999999999997
2024,3170479,Municipal,80.0,58.52,62.66,Uruana de Minas,MG,Sudeste,Atingiu ou superou,21.479999999999997
2024,5007703,Municipal,53.09,58.52,62.66,Sete Quedas,MS,Centro-Oeste,Abaixo da meta,-5.43
2024,4105102,Municipal,74.15,58.53,62.67,Centenário do Sul,PR,Sul,Atingiu ou superou,15.620000000000005
2024,2510501,Municipal,41.57,58.53,62.67,Olivedos,PB,Nordeste,Abaixo da meta,-16.96
2024,3511201,Municipal,84.7,58.54,62.68,Catiguá,SP,Sudeste,Atingiu ou superou,26.160000000000004
2024,3548005,Municipal,62.07,58.55,62.69,Santo Antônio de Posse,SP,Sudeste,Atingiu ou superou,3.520000000000003
2024,2703502,Municipal,77.02,58.55,62.69,Jacuípe,AL,Nordeste,Atingiu ou superou,18.47
2024,1505536,Municipal,49.49,58.58,62.71,Parauapebas,PA,Norte,Abaixo da meta,-9.089999999999996
2024,3510500,Municipal,58.19,58.59,62.72,Caraguatatuba,SP,Sudeste,Abaixo da meta,-0.4000000000000057
2024,3522109,Municipal,48.05,58.59,62.72,Itanhaém,SP,Sudeste,Abaixo da meta,-10.540000000000006
2024,3517802,Municipal,60.72,58.6,62.73,Guaraçaí,SP,Sudeste,Atingiu ou superou,2.1199999999999974
2024,2607000,Municipal,79.7,58.6,62.73,Inajá,PE,Nordeste,Atingiu ou superou,21.1
2024,2403707,Municipal,51.71,58.61,62.74,Felipe Guerra,RN,Nordeste,Abaixo da meta,-6.899999999999999
2024,3511102,Municipal,70.27,58.62,62.74,Catanduva,SP,Sudeste,Atingiu ou superou,11.649999999999999
2024,1502608,Municipal,37.22,58.64,62.76,Colares,PA,Norte,Abaixo da meta,-21.42
2024,4101655,Municipal,76.31,58.64,62.76,Arapuã,PR,Sul,Atingiu ou superou,17.67
2024,4321600,Municipal,36.7,58.64,62.76,Tramandaí,RS,Sul,Abaixo da meta,-21.939999999999998
2024,3544608,Municipal,46.98,58.64,62.76,Sabino,SP,Sudeste,Abaixo da meta,-11.660000000000004
2024,2202752,Municipal,89.29,58.67,62.78,Colônia do Gurguéia,PI,Nordeste,Atingiu ou superou,30.620000000000005
2024,2110005,Municipal,58.7,58.67,62.78,Santa Luzia,MA,Nordeste,Atingiu ou superou,0.030000000000001137
2024,3138807,Municipal,87.21,58.68,62.79,Luz,MG,Sudeste,Atingiu ou superou,28.529999999999994
2024,3539806,Municipal,51.72,58.69,62.8,Poá,SP,Sudeste,Abaixo da meta,-6.969999999999999
2024,5220504,Municipal,66.65,58.7,62.81,Serranópolis,GO,Centro-Oeste,Atingiu ou superou,7.950000000000003
2024,3124005,Municipal,85.0,58.71,62.82,Ervália,MG,Sudeste,Atingiu ou superou,26.29
2024,3302056,Municipal,61.79,58.72,62.82,Italva,RJ,Sudeste,Atingiu ou superou,3.0700000000000003
2024,2605202,Municipal,30.48,58.74,62.84,Escada,PE,Nordeste,Abaixo da meta,-28.26
2024,3538006,Municipal,63.8,58.74,62.84,Pindamonhangaba,SP,Sudeste,Atingiu ou superou,5.059999999999995
2024,1506708,Municipal,58.51,58.75,62.85,Santana do Araguaia,PA,Norte,Abaixo da meta,-0.240000000000002
2024,2105609,Municipal,75.31,58.77,62.87,Joselândia,MA,Nordeste,Atingiu ou superou,16.54
2024,4304853,Municipal,50.0,58.77,62.87,Carlos Gomes,RS,Sul,Abaixo da meta,-8.770000000000003
2024,3157401,Municipal,78.33,58.77,62.87,Santa Cruz do Escalvado,MG,Sudeste,Atingiu ou superou,19.559999999999995
2024,3549102,Municipal,61.6,58.79,62.88,São João da Boa Vista,SP,Sudeste,Atingiu ou superou,2.8100000000000023
2024,2600203,Municipal,59.87,58.8,62.89,Afrânio,PE,Nordeste,Atingiu ou superou,1.0700000000000003
2024,3300704,Municipal,55.08,58.8,62.89,Cabo Frio,RJ,Sudeste,Abaixo da meta,-3.719999999999999
2024,3545803,Municipal,64.2,58.84,62.92,Santa Bárbara d'Oeste,SP,Sudeste,Atingiu ou superou,5.359999999999999
2024,1100601,Municipal,78.84,58.84,62.92,Cacaulândia,RO,Norte,Atingiu ou superou,20.0
2024,3527306,Municipal,58.25,58.84,62.92,Louveira,SP,Sudeste,Abaixo da meta,-0.5900000000000034
2024,3158003,Municipal,77.79,58.85,62.93,Santa Maria de Itabira,MG,Sudeste,Atingiu ou superou,18.940000000000005
2024,3110509,Municipal,58.56,58.85,62.93,Camanducaia,MG,Sudeste,Abaixo da meta,-0.28999999999999915
2024,3527702,Municipal,54.95,58.85,62.93,Luiziânia,SP,Sudeste,Abaixo da meta,-3.8999999999999986
2024,3123007,Municipal,76.43,58.87,62.95,Dores de Campos,MG,Sudeste,Atingiu ou superou,17.56000000000001
2024,3506359,Municipal,69.58,58.87,62.95,Bertioga,SP,Sudeste,Atingiu ou superou,10.71
2024,3509106,Municipal,81.48,58.9,62.97,Caiuá,SP,Sudeste,Atingiu ou superou,22.580000000000005
2024,4205803,Municipal,66.73,58.9,62.97,Garuva,SC,Sul,Atingiu ou superou,7.830000000000005
2024,2608750,Municipal,67.55,58.93,62.99,Lagoa Grande,PE,Nordeste,Atingiu ou superou,8.619999999999997
2024,2609501,Municipal,56.96,58.93,62.99,Nazaré da Mata,PE,Nordeste,Abaixo da meta,-1.9699999999999989
2024,3538709,Municipal,55.08,58.93,62.99,Piracicaba,SP,Sudeste,Abaixo da meta,-3.8500000000000014
2024,1101468,Municipal,57.63,58.95,63.01,Pimenteiras do Oeste,RO,Norte,Abaixo da meta,-1.3200000000000003
2024,4105201,Municipal,49.89,58.95,63.01,Cerro Azul,PR,Sul,Abaixo da meta,-9.060000000000002
2024,3501400,Municipal,58.33,58.95,63.01,Álvaro de Carvalho,SP,Sudeste,Abaixo da meta,-0.6200000000000045
2024,2109106,Municipal,45.11,58.95,63.01,Presidente Dutra,MA,Nordeste,Abaixo da meta,-13.840000000000003
2024,4315305,Municipal,36.3,58.95,63.01,Quaraí,RS,Sul,Abaixo da meta,-22.650000000000006
2024,4302808,Municipal,43.8,58.95,63.01,Caçapava do Sul,RS,Sul,Abaixo da meta,-15.150000000000006
2024,4210803,Municipal,48.04,58.99,63.04,Meleiro,SC,Sul,Abaixo da meta,-10.950000000000003
2024,3139805,Municipal,49.4,59.0,63.05,Mar de Espanha,MG,Sudeste,Abaixo da meta,-9.600000000000001
2024,2513406,Municipal,54.05,59.0,63.05,Santa Luzia,PB,Nordeste,Abaixo da meta,-4.950000000000003
2024,3517406,Municipal,53.49,59.03,63.07,Guaíra,SP,Sudeste,Abaixo da meta,-5.539999999999999
2024,3140555,Municipal,70.1,59.04,63.08,Mata Verde,MG,Sudeste,Atingiu ou superou,11.059999999999995
2024,3526100,Municipal,55.18,59.04,63.08,Juquiá,SP,Sudeste,Abaixo da meta,-3.8599999999999994
2024,2104057,Municipal,59.79,59.05,63.09,Estreito,MA,Nordeste,Atingiu ou superou,0.740000000000002
2024,2929057,Municipal,36.59,59.05,63.09,São Félix do Coribe,BA,Nordeste,Abaixo da meta,-22.459999999999994
2024,2503803,Municipal,32.4,59.08,63.11,Caldas Brandão,PB,Nordeste,Abaixo da meta,-26.68
2024,1506807,Municipal,51.29,59.08,63.11,Santarém,PA,Norte,Abaixo da meta,-7.789999999999999
2024,3301306,Municipal,58.33,59.09,63.12,Casimiro de Abreu,RJ,Sudeste,Abaixo da meta,-0.7600000000000051
2024,3533403,Municipal,57.96,59.09,63.12,Nova Odessa,SP,Sudeste,Abaixo da meta,-1.1300000000000026
2024,2604106,Municipal,58.37,59.11,63.13,Caruaru,PE,Nordeste,Abaixo da meta,-0.740000000000002
2024,3145208,Municipal,72.47,59.11,63.13,Nova Serrana,MG,Sudeste,Atingiu ou superou,13.36
2024,5201801,Municipal,62.84,59.12,63.15,Aragoiânia,GO,Centro-Oeste,Atingiu ou superou,3.720000000000006
2024,3154606,Municipal,59.36,59.14,63.16,Ribeirão das Neves,MG,Sudeste,Atingiu ou superou,0.21999999999999886
2024,3528502,Municipal,63.31,59.15,63.17,Mairiporã,SP,Sudeste,Atingiu ou superou,4.160000000000004
2024,2509701,Municipal,61.09,59.17,63.19,Monteiro,PB,Nordeste,Atingiu ou superou,1.9200000000000017
2024,2616209,Municipal,56.85,59.19,63.2,Vertentes,PE,Nordeste,Abaixo da meta,-2.3399999999999963
2024,1506138,Municipal,58.25,59.2,63.21,Redenção,PA,Norte,Abaixo da meta,-0.9500000000000028
2024,2919058,Municipal,43.1,59.2,63.21,Lajedo do Tabocal,BA,Nordeste,Abaixo da meta,-16.1
2024,4211751,Municipal,70.95,59.2,63.21,Otacílio Costa,SC,Sul,Atingiu ou superou,11.75
2024,2700805,Municipal,64.57,59.21,63.22,Belém,AL,Nordeste,Atingiu ou superou,5.359999999999992
2024,4216354,Municipal,64.01,59.22,63.23,São João do Itaperiú,SC,Sul,Atingiu ou superou,4.790000000000006
2024,3109907,Municipal,72.48,59.24,63.24,Caetanópolis,MG,Sudeste,Atingiu ou superou,13.240000000000002
2024,4111803,Municipal,47.68,59.25,63.25,Jacarezinho,PR,Sul,Abaixo da meta,-11.57
2024,2602902,Municipal,50.72,59.25,63.25,Cabo de Santo Agostinho,PE,Nordeste,Abaixo da meta,-8.530000000000001
2024,3531209,Municipal,56.59,59.25,63.25,Monte Alegre do Sul,SP,Sudeste,Abaixo da meta,-2.6599999999999966
2024,3163102,Municipal,82.68,59.26,63.26,São José da Varginha,MG,Sudeste,Atingiu ou superou,23.42000000000001
2024,3104403,Municipal,89.33,59.26,63.26,Argirita,MG,Sudeste,Atingiu ou superou,30.07
2024,3514908,Municipal,56.28,59.26,63.26,Elias Fausto,SP,Sudeste,Abaixo da meta,-2.979999999999997
2024,2600708,Municipal,39.22,59.27,63.27,Aliança,PE,Nordeste,Abaixo da meta,-20.050000000000004
2024,2106755,Municipal,50.55,59.27,63.27,Miranda do Norte,MA,Nordeste,Abaixo da meta,-8.720000000000006
2024,5106182,Municipal,67.64,59.29,63.28,Nova Lacerda,MT,Centro-Oeste,Atingiu ou superou,8.350000000000001
2024,1504752,Municipal,43.72,59.31,63.3,Mojuí dos Campos,PA,Norte,Abaixo da meta,-15.590000000000003
2024,3531902,Municipal,45.3,59.31,63.3,Morro Agudo,SP,Sudeste,Abaixo da meta,-14.010000000000005
2024,4207502,Municipal,67.83,59.31,63.3,Indaial,SC,Sul,Atingiu ou superou,8.519999999999996
2024,2504306,Municipal,45.82,59.32,63.31,Catolé do Rocha,PB,Nordeste,Abaixo da meta,-13.5
2024,2401503,Municipal,74.35,59.37,63.35,Barcelona,RN,Nordeste,Atingiu ou superou,14.979999999999997
2024,3163508,Municipal,81.45,59.37,63.35,São José do Jacuri,MG,Sudeste,Atingiu ou superou,22.080000000000005
2024,3101201,Municipal,85.71,59.4,63.37,Aiuruoca,MG,Sudeste,Atingiu ou superou,26.309999999999995
2024,3504305,Municipal,65.24,59.41,63.38,Avaí,SP,Sudeste,Atingiu ou superou,5.829999999999998
2024,3524808,Municipal,70.53,59.42,63.39,Jales,SP,Sudeste,Atingiu ou superou,11.11
2024,2604502,Municipal,58.51,59.42,63.39,Chã Grande,PE,Nordeste,Abaixo da meta,-0.9100000000000037
2024,3152808,Municipal,50.5,59.46,63.42,Prata,MG,Sudeste,Abaixo da meta,-8.96
2024,3117306,Municipal,58.64,59.46,63.42,Conceição das Alagoas,MG,Sudeste,Abaixo da meta,-0.8200000000000003
2024,3305604,Municipal,57.35,59.47,63.43,Silva Jardim,RJ,Sudeste,Abaixo da meta,-2.1199999999999974
2024,2204709,Municipal,67.52,59.47,63.43,Inhuma,PI,Nordeste,Atingiu ou superou,8.049999999999997
2024,3305752,Municipal,54.46,59.49,63.44,Tanguá,RJ,Sudeste,Abaixo da meta,-5.030000000000001
2024,2614501,Municipal,58.71,59.49,63.44,Surubim,PE,Nordeste,Abaixo da meta,-0.7800000000000011
2024,3505609,Municipal,51.43,59.52,63.47,Barrinha,SP,Sudeste,Abaixo da meta,-8.090000000000003
2024,2108306,Municipal,63.88,59.53,63.48,Penalva,MA,Nordeste,Atingiu ou superou,4.350000000000001
2024,3146107,Municipal,71.36,59.55,63.49,Ouro Preto,MG,Sudeste,Atingiu ou superou,11.810000000000002
2024,4321709,Municipal,42.2,59.55,63.49,Três Coroas,RS,Sul,Abaixo da meta,-17.349999999999994
2024,4215653,Municipal,74.56,59.55,63.49,Santa Rosa do Sul,SC,Sul,Atingiu ou superou,15.010000000000005
2024,3134103,Municipal,79.92,59.6,63.53,Itueta,MG,Sudeste,Atingiu ou superou,20.32
2024,2205409,Municipal,81.27,59.6,63.53,Joaquim Pires,PI,Nordeste,Atingiu ou superou,21.669999999999995
2024,3170503,Municipal,81.15,59.62,63.54,Urucânia,MG,Sudeste,Atingiu ou superou,21.53000000000001
2024,3122470,Municipal,84.62,59.62,63.54,Dom Bosco,MG,Sudeste,Atingiu ou superou,25.000000000000007
2024,3548708,Municipal,54.16,59.62,63.55,São Bernardo do Campo,SP,Sudeste,Abaixo da meta,-5.460000000000001
2024,2102903,Municipal,61.21,59.63,63.56,Carutapera,MA,Nordeste,Atingiu ou superou,1.5799999999999983
2024,3154408,Municipal,82.0,59.64,63.56,Ressaquinha,MG,Sudeste,Atingiu ou superou,22.36
2024,2410504,Municipal,41.81,59.65,63.57,Rafael Fernandes,RN,Nordeste,Abaixo da meta,-17.839999999999996
2024,1505064,Municipal,47.88,59.65,63.57,Novo Repartimento,PA,Norte,Abaixo da meta,-11.769999999999996
2024,2305100,Municipal,95.86,59.66,63.58,Guaramiranga,CE,Nordeste,Atingiu ou superou,36.2
2024,3162500,Municipal,74.0,59.67,63.59,São João del Rei,MG,Sudeste,Atingiu ou superou,14.329999999999998
2024,1200013,Municipal,59.69,,63.6,Acrelândia,AC,Norte,Sem dados para comparação,
2024,3504602,Municipal,61.39,59.68,63.6,Bady Bassitt,SP,Sudeste,Atingiu ou superou,1.7100000000000009
2024,3527801,Municipal,60.96,59.68,63.6,Lupércio,SP,Sudeste,Atingiu ou superou,1.2800000000000011
2024,5106208,Municipal,81.37,59.69,63.6,Nova Brasilândia,MT,Centro-Oeste,Atingiu ou superou,21.680000000000007
2024,4117602,Municipal,54.27,59.7,63.61,Palmas,PR,Sul,Abaixo da meta,-5.43
2024,2205565,Municipal,59.52,59.71,63.62,Lagoa do Barro do Piauí,PI,Nordeste,Abaixo da meta,-0.18999999999999773
2024,2201200,Municipal,60.13,59.72,63.62,Barras,PI,Nordeste,Atingiu ou superou,0.4100000000000037
2024,1101807,Municipal,44.06,59.72,63.63,Vale do Paraíso,RO,Norte,Abaixo da meta,-15.659999999999997
2024,4103479,Municipal,64.76,59.73,63.64,Cafezal do Sul,PR,Sul,Atingiu ou superou,5.030000000000008
2024,3511607,Municipal,51.32,59.73,63.64,Cesário Lange,SP,Sudeste,Abaixo da meta,-8.409999999999997
2024,2603504,Municipal,68.51,59.74,63.64,Camocim de São Félix,PE,Nordeste,Atingiu ou superou,8.770000000000003
2024,2910776,Municipal,45.45,59.76,63.66,Feira da Mata,BA,Nordeste,Abaixo da meta,-14.309999999999995
2024,3301108,Municipal,52.0,59.77,63.67,Cantagalo,RJ,Sudeste,Abaixo da meta,-7.770000000000003
2024,3520905,Municipal,54.96,59.79,63.68,Ipaussu,SP,Sudeste,Abaixo da meta,-4.829999999999998
2024,3525706,Municipal,54.93,59.8,63.69,José Bonifácio,SP,Sudeste,Abaixo da meta,-4.869999999999997
2024,2210391,Municipal,64.42,59.81,63.7,São Miguel do Fidalgo,PI,Nordeste,Atingiu ou superou,4.609999999999999
2024,5200175,Municipal,87.44,59.82,63.71,Água Fria de Goiás,GO,Centro-Oeste,Atingiu ou superou,27.619999999999997
2024,3120508,Municipal,81.73,59.84,63.72,Cristina,MG,Sudeste,Atingiu ou superou,21.89
2024,3530904,Municipal,74.25,59.84,63.72,Mombuca,SP,Sudeste,Atingiu ou superou,14.409999999999997
2024,3134400,Municipal,69.61,59.85,63.73,Iturama,MG,Sudeste,Atingiu ou superou,9.759999999999998
2024,3500907,Municipal,62.85,59.85,63.73,Altair,SP,Sudeste,Atingiu ou superou,3.0
2024,3524501,Municipal,68.06,59.85,63.73,Jaci,SP,Sudeste,Atingiu ou superou,8.21
2024,4212254,Municipal,59.86,,63.74,Passo de Torres,SC,Sul,Sem dados para comparação,
2024,1720937,Municipal,55.56,59.86,63.74,Taipas do Tocantins,TO,Norte,Abaixo da meta,-4.299999999999997
2024,3304300,Municipal,57.46,59.87,63.74,Rio Bonito,RJ,Sudeste,Abaixo da meta,-2.4099999999999966
2024,2806701,Municipal,68.53,59.87,63.75,São Cristóvão,SE,Nordeste,Atingiu ou superou,8.660000000000004
2024,5206503,Municipal,72.38,59.88,63.76,Cromínia,GO,Centro-Oeste,Atingiu ou superou,12.499999999999993
2024,2505402,Municipal,45.8,59.88,63.76,Desterro,PB,Nordeste,Abaixo da meta,-14.080000000000005
2024,2515401,Municipal,54.16,59.88,63.76,São Vicente do Seridó,PB,Nordeste,Abaixo da meta,-5.720000000000006
2024,5104906,Municipal,54.87,59.89,63.76,Jangada,MT,Centro-Oeste,Abaixo da meta,-5.020000000000003
2024,2613008,Municipal,64.03,59.89,63.76,São Bento do Una,PE,Nordeste,Atingiu ou superou,4.140000000000001
2024,3523206,Municipal,53.17,59.9,63.77,Itararé,SP,Sudeste,Abaixo da meta,-6.729999999999997
2024,3503208,Municipal,62.01,59.9,63.77,Araraquara,SP,Sudeste,Atingiu ou superou,2.1099999999999994
2024,3168705,Municipal,70.28,59.91,63.78,Timóteo,MG,Sudeste,Atingiu ou superou,10.370000000000005
2024,5108006,Municipal,68.81,59.92,63.78,Tapurah,MT,Centro-Oeste,Atingiu ou superou,8.89
2024,3548500,Municipal,52.77,59.92,63.79,Santos,SP,Sudeste,Abaixo da meta,-7.149999999999999
2024,2516409,Municipal,77.72,59.92,63.79,Tacima,PB,Nordeste,Atingiu ou superou,17.799999999999997
2024,3156452,Municipal,78.18,59.92,63.79,Rosário da Limeira,MG,Sudeste,Atingiu ou superou,18.260000000000005
2024,3160702,Municipal,69.94,59.95,63.81,Santos Dumont,MG,Sudeste,Atingiu ou superou,9.989999999999995
2024,4109658,Municipal,73.2,59.97,63.82,Honório Serpa,PR,Sul,Atingiu ou superou,13.230000000000004
2024,2101806,Municipal,47.28,59.98,63.84,Benedito Leite,MA,Nordeste,Abaixo da meta,-12.699999999999996
2024,4317301,Municipal,45.4,59.99,63.84,Santa Vitória do Palmar,RS,Sul,Abaixo da meta,-14.590000000000003
2024,4310751,Municipal,60.0,,63.85,Ivorá,RS,Sul,Sem dados para comparação,
2024,4311429,Municipal,60.0,,63.85,Lajeado do Bugre,RS,Sul,Sem dados para comparação,
2024,3140506,Municipal,70.72,60.0,63.85,Martinho Campos,MG,Sudeste,Atingiu ou superou,10.719999999999999
2024,2504033,Municipal,60.4,60.01,63.86,Capim,PB,Nordeste,Atingiu ou superou,0.39000000000000057
2024,2614808,Municipal,73.8,60.02,63.86,Tacaratu,PE,Nordeste,Atingiu ou superou,13.779999999999994
2024,4314803,Municipal,39.7,60.02,63.86,Portão,RS,Sul,Abaixo da meta,-20.32
2024,3556453,Municipal,64.59,60.02,63.87,Vargem Grande Paulista,SP,Sudeste,Atingiu ou superou,4.57
2024,1720002,Municipal,57.14,60.03,63.88,Santa Terezinha do Tocantins,TO,Norte,Abaixo da meta,-2.8900000000000006
2024,3541059,Municipal,56.48,60.03,63.88,Pratânia,SP,Sudeste,Abaixo da meta,-3.5500000000000043
2024,4100103,Municipal,57.74,60.05,63.89,Abatiá,PR,Sul,Abaixo da meta,-2.309999999999995
2024,2603603,Municipal,66.81,60.07,63.9,Camutanga,PE,Nordeste,Atingiu ou superou,6.740000000000002
2024,3168101,Municipal,79.68,60.07,63.9,Tapira,MG,Sudeste,Atingiu ou superou,19.610000000000007
2024,4300109,Municipal,56.9,60.08,63.92,Agudo,RS,Sul,Abaixo da meta,-3.1799999999999997
2024,3130655,Municipal,89.58,60.09,63.93,Indaiabira,MG,Sudeste,Atingiu ou superou,29.489999999999995
2024,3118007,Municipal,74.01,60.11,63.94,Congonhas,MG,Sudeste,Atingiu ou superou,13.900000000000006
2024,3138500,Municipal,71.21,60.12,63.95,Liberdade,MG,Sudeste,Atingiu ou superou,11.089999999999996
2024,3304557,Municipal,63.75,60.14,63.97,Rio de Janeiro,RJ,Sudeste,Atingiu ou superou,3.6099999999999994
2024,2413508,Municipal,48.08,60.14,63.97,Serrinha,RN,Nordeste,Abaixo da meta,-12.060000000000002
2024,5102678,Municipal,65.32,60.16,63.98,Campo Verde,MT,Centro-Oeste,Atingiu ou superou,5.159999999999997
2024,2100907,Municipal,42.52,60.17,63.99,Araioses,MA,Nordeste,Abaixo da meta,-17.65
2024,3305208,Municipal,55.74,60.17,63.99,São Pedro da Aldeia,RJ,Sudeste,Abaixo da meta,-4.43
2024,2507804,Municipal,76.21,60.17,63.99,Junco do Seridó,PB,Nordeste,Atingiu ou superou,16.039999999999992
2024,3545209,Municipal,60.52,60.17,63.99,Salto,SP,Sudeste,Atingiu ou superou,0.3500000000000014
2024,3119203,Municipal,73.42,60.17,63.99,Coroaci,MG,Sudeste,Atingiu ou superou,13.25
2024,4204202,Municipal,56.25,60.17,63.99,Chapecó,SC,Sul,Abaixo da meta,-3.9200000000000017
2024,3138203,Municipal,67.11,60.18,64.0,Lavras,MG,Sudeste,Atingiu ou superou,6.93
2024,2504504,Municipal,46.13,60.18,64.0,Condado,PB,Nordeste,Abaixo da meta,-14.049999999999997
2024,4302378,Municipal,71.4,60.19,64.01,Bom Progresso,RS,Sul,Atingiu ou superou,11.210000000000008
2024,3538303,Municipal,45.2,60.19,64.01,Piquerobi,SP,Sudeste,Abaixo da meta,-14.989999999999995
2024,2509800,Municipal,54.12,60.21,64.02,Mulungu,PB,Nordeste,Abaixo da meta,-6.090000000000003
2024,2111631,Municipal,55.35,60.22,64.03,São Raimundo do Doca Bezerra,MA,Nordeste,Abaixo da meta,-4.869999999999997
2024,3102605,Municipal,75.04,60.22,64.03,Andradas,MG,Sudeste,Atingiu ou superou,14.820000000000007
2024,2514404,Municipal,44.79,60.23,64.04,São José de Espinharas,PB,Nordeste,Abaixo da meta,-15.439999999999998
2024,3517505,Municipal,70.54,60.24,64.05,Guapiaçu,SP,Sudeste,Atingiu ou superou,10.300000000000004
2024,3507159,Municipal,55.46,60.25,64.05,Bom Sucesso de Itararé,SP,Sudeste,Abaixo da meta,-4.789999999999999
2024,3172004,Municipal,65.77,60.26,64.06,Visconde do Rio Branco,MG,Sudeste,Atingiu ou superou,5.509999999999998
2024,3112307,Municipal,80.94,60.28,64.07,Capelinha,MG,Sudeste,Atingiu ou superou,20.659999999999997
2024,2923001,Municipal,37.21,60.29,64.09,Nova Viçosa,BA,Nordeste,Abaixo da meta,-23.08
2024,2501609,Municipal,45.83,60.31,64.1,Barra de Santa Rosa,PB,Nordeste,Abaixo da meta,-14.480000000000004
2024,3170404,Municipal,59.06,60.33,64.12,Unaí,MG,Sudeste,Abaixo da meta,-1.269999999999996
2024,2504900,Municipal,47.63,60.34,64.13,Cruz do Espírito Santo,PB,Nordeste,Abaixo da meta,-12.71
2024,2112456,Municipal,49.69,60.34,64.13,Turilândia,MA,Nordeste,Abaixo da meta,-10.650000000000006
2024,4111258,Municipal,52.37,60.35,64.13,Itaperuçu,PR,Sul,Abaixo da meta,-7.980000000000004
2024,1506559,Municipal,39.77,60.36,64.14,Santa Luzia do Pará,PA,Norte,Abaixo da meta,-20.589999999999996
2024,3113701,Municipal,55.83,60.36,64.14,Carlos Chagas,MG,Sudeste,Abaixo da meta,-4.530000000000001
2024,4314456,Municipal,33.2,60.36,64.14,Pinhal,RS,Sul,Abaixo da meta,-27.159999999999997
2024,3104452,Municipal,84.87,60.38,64.15,Aricanduva,MG,Sudeste,Atingiu ou superou,24.490000000000002
2024,4205209,Municipal,58.15,60.39,64.17,Erval Velho,SC,Sul,Abaixo da meta,-2.240000000000002
2024,3124906,Municipal,68.59,60.4,64.17,Eugenópolis,MG,Sudeste,Atingiu ou superou,8.190000000000005
2024,3114105,Municipal,71.02,60.43,64.19,Carmo de Minas,MG,Sudeste,Atingiu ou superou,10.589999999999996
2024,3107901,Municipal,68.27,60.44,64.21,Bom Repouso,MG,Sudeste,Atingiu ou superou,7.829999999999998
2024,3156205,Municipal,58.33,60.44,64.21,Rochedo de Minas,MG,Sudeste,Abaixo da meta,-2.1099999999999994
2024,2305506,Municipal,63.35,60.44,64.21,Iguatu,CE,Nordeste,Atingiu ou superou,2.9100000000000037
2024,5106216,Municipal,68.51,60.45,64.21,Nova Canaã do Norte,MT,Centro-Oeste,Atingiu ou superou,8.060000000000002
2024,2513984,Municipal,97.5,60.48,64.23,São Francisco,PB,Nordeste,Atingiu ou superou,37.02
2024,3302700,Municipal,59.97,60.52,64.27,Maricá,RJ,Sudeste,Abaixo da meta,-0.5500000000000043
2024,2109601,Municipal,57.6,60.53,64.27,Rosário,MA,Nordeste,Abaixo da meta,-2.9299999999999997
2024,2605301,Municipal,55.21,60.53,64.27,Exu,PE,Nordeste,Abaixo da meta,-5.32
2024,3537909,Municipal,63.33,60.55,64.29,Pilar do Sul,SP,Sudeste,Atingiu ou superou,2.780000000000001
2024,2603108,Municipal,63.59,60.56,64.3,Cachoeirinha,PE,Nordeste,Atingiu ou superou,3.030000000000001
2024,5221858,Municipal,64.23,60.56,64.3,Valparaíso de Goiás,GO,Centro-Oeste,Atingiu ou superou,3.6700000000000017
2024,2602308,Municipal,79.75,60.58,64.31,Bonito,PE,Nordeste,Atingiu ou superou,19.17
2024,5106372,Municipal,65.1,60.59,64.33,Pedra Preta,MT,Centro-Oeste,Atingiu ou superou,4.509999999999991
2024,3144805,Municipal,79.6,60.62,64.35,Nova Lima,MG,Sudeste,Atingiu ou superou,18.979999999999997
2024,3140704,Municipal,75.26,60.63,64.35,Mateus Leme,MG,Sudeste,Atingiu ou superou,14.630000000000003
2024,1300144,Municipal,49.25,60.64,64.37,Apuí,AM,Norte,Abaixo da meta,-11.39
2024,2501906,Municipal,34.72,60.65,64.37,Belém,PB,Nordeste,Abaixo da meta,-25.93
2024,1718204,Municipal,44.11,60.65,64.37,Porto Nacional,TO,Norte,Abaixo da meta,-16.54
2024,4318200,Municipal,37.7,60.65,64.37,São Francisco de Paula,RS,Sul,Abaixo da meta,-22.949999999999996
2024,3169208,Municipal,80.55,60.67,64.39,Tombos,MG,Sudeste,Atingiu ou superou,19.879999999999995
2024,3518404,Municipal,55.83,60.67,64.39,Guaratinguetá,SP,Sudeste,Abaixo da meta,-4.840000000000003
2024,5221080,Municipal,62.3,60.67,64.39,Teresina de Goiás,GO,Centro-Oeste,Atingiu ou superou,1.6299999999999955
2024,4323804,Municipal,37.9,60.68,64.4,Xangri-lá,RS,Sul,Abaixo da meta,-22.78
2024,4112900,Municipal,55.42,60.68,64.4,Jundiaí do Sul,PR,Sul,Abaixo da meta,-5.259999999999998
2024,2929602,Municipal,64.52,60.68,64.4,Sapeaçu,BA,Nordeste,Atingiu ou superou,3.8399999999999963
2024,3547304,Municipal,60.69,,64.41,Santana de Parnaíba,SP,Sudeste,Sem dados para comparação,
2024,2411908,Municipal,68.97,60.69,64.41,São Francisco do Oeste,RN,Nordeste,Atingiu ou superou,8.280000000000001
2024,2609154,Municipal,52.89,60.73,64.43,Manari,PE,Nordeste,Abaixo da meta,-7.839999999999996
2024,2601102,Municipal,52.06,60.73,64.43,Araripina,PE,Nordeste,Abaixo da meta,-8.669999999999995
2024,3170529,Municipal,67.15,60.76,64.46,Urucuia,MG,Sudeste,Atingiu ou superou,6.390000000000008
2024,5105903,Municipal,60.61,60.77,64.47,Nobres,MT,Centro-Oeste,Abaixo da meta,-0.1600000000000037
2024,3129608,Municipal,76.41,60.78,64.47,Ibiaí,MG,Sudeste,Atingiu ou superou,15.629999999999995
2024,2404853,Municipal,40.01,60.78,64.47,Itajá,RN,Nordeste,Abaixo da meta,-20.770000000000003
2024,3502101,Municipal,65.48,60.79,64.49,Andradina,SP,Sudeste,Atingiu ou superou,4.690000000000005
2024,3132206,Municipal,90.91,60.81,64.5,Itaguara,MG,Sudeste,Atingiu ou superou,30.099999999999994
2024,2203701,Municipal,73.13,60.81,64.5,Esperantina,PI,Nordeste,Atingiu ou superou,12.319999999999993
2024,3550209,Municipal,73.78,60.81,64.5,São Miguel Arcanjo,SP,Sudeste,Atingiu ou superou,12.969999999999999
2024,2608107,Municipal,75.79,60.81,64.5,João Alfredo,PE,Nordeste,Atingiu ou superou,14.980000000000004
2024,3300100,Municipal,60.8,60.82,64.51,Angra dos Reis,RJ,Sudeste,Abaixo da meta,-0.020000000000003126
2024,4318705,Municipal,37.2,60.83,64.51,São Leopoldo,RS,Sul,Abaixo da meta,-23.629999999999995
2024,3148707,Municipal,60.74,60.83,64.51,Pedra Azul,MG,Sudeste,Abaixo da meta,-0.0899999999999963
2024,5104807,Municipal,55.26,60.83,64.51,Jaciara,MT,Centro-Oeste,Abaixo da meta,-5.57
2024,1304302,Municipal,73.95,60.83,64.52,Urucará,AM,Norte,Atingiu ou superou,13.120000000000005
2024,5107909,Municipal,54.33,60.84,64.53,Sinop,MT,Centro-Oeste,Abaixo da meta,-6.510000000000005
2024,4215109,Municipal,68.35,60.87,64.55,Rodeio,SC,Sul,Atingiu ou superou,7.479999999999997
2024,3106309,Municipal,65.94,60.9,64.57,Belo Oriente,MG,Sudeste,Atingiu ou superou,5.039999999999999
2024,3545100,Municipal,61.69,60.91,64.58,Salmourão,SP,Sudeste,Atingiu ou superou,0.7800000000000011
2024,2109809,Municipal,72.74,60.93,64.59,Santa Helena,MA,Nordeste,Atingiu ou superou,11.809999999999995
2024,2505279,Municipal,55.56,60.93,64.6,Curral de Cima,PB,Nordeste,Abaixo da meta,-5.369999999999997
2024,3533809,Municipal,70.0,60.93,64.6,Óleo,SP,Sudeste,Atingiu ou superou,9.07
2024,3153103,Municipal,88.0,60.93,64.6,Presidente Bernardes,MG,Sudeste,Atingiu ou superou,27.07
2024,3127354,Municipal,71.43,60.93,64.6,Glaucilândia,MG,Sudeste,Atingiu ou superou,10.500000000000007
2024,3156700,Municipal,71.68,60.94,64.61,Sabará,MG,Sudeste,Atingiu ou superou,10.740000000000009
2024,3201308,Municipal,64.57,60.94,64.61,Cariacica,ES,Sudeste,Atingiu ou superou,3.6299999999999955
2024,3126000,Municipal,85.73,60.94,64.61,Florestal,MG,Sudeste,Atingiu ou superou,24.790000000000006
2024,2107357,Municipal,62.23,60.95,64.61,Nova Olinda do Maranhão,MA,Nordeste,Atingiu ou superou,1.279999999999994
2024,2904506,Municipal,60.98,,64.62,Brotas de Macaúbas,BA,Nordeste,Sem dados para comparação,
2024,2913408,Municipal,42.57,60.96,64.62,Igaporã,BA,Nordeste,Abaixo da meta,-18.39
2024,3131703,Municipal,68.15,60.96,64.62,Itabira,MG,Sudeste,Atingiu ou superou,7.190000000000005
2024,3520301,Municipal,61.67,60.97,64.63,Iguape,SP,Sudeste,Atingiu ou superou,0.7000000000000028
2024,3170750,Municipal,93.29,61.0,64.65,Varjão de Minas,MG,Sudeste,Atingiu ou superou,32.290000000000006
2024,3500709,Municipal,64.6,61.01,64.66,Agudos,SP,Sudeste,Atingiu ou superou,3.5899999999999963
2024,1501006,Municipal,64.37,61.01,64.66,Aveiro,PA,Norte,Atingiu ou superou,3.3600000000000065
2024,2607901,Municipal,54.98,61.03,64.67,Jaboatão dos Guararapes,PE,Nordeste,Abaixo da meta,-6.050000000000004
2024,3151503,Municipal,73.46,61.04,64.69,Piumhi,MG,Sudeste,Atingiu ou superou,12.419999999999995
2024,4313375,Municipal,64.9,61.05,64.69,Nova Santa Rita,RS,Sul,Atingiu ou superou,3.8500000000000085
2024,2500502,Municipal,53.1,61.06,64.7,Alagoinha,PB,Nordeste,Abaixo da meta,-7.960000000000001
2024,4219309,Municipal,64.11,61.06,64.7,Videira,SC,Sul,Atingiu ou superou,3.049999999999997
2024,2108454,Municipal,70.53,61.07,64.71,Peritoró,MA,Nordeste,Atingiu ou superou,9.46
2024,2506806,Municipal,37.97,61.08,64.71,Ingá,PB,Nordeste,Abaixo da meta,-23.11
2024,2909505,Municipal,34.55,61.09,64.73,Cravolândia,BA,Nordeste,Abaixo da meta,-26.540000000000006
2024,2500601,Municipal,30.75,61.09,64.73,Alhandra,PB,Nordeste,Abaixo da meta,-30.340000000000003
2024,1504422,Municipal,48.97,61.1,64.73,Marituba,PA,Norte,Abaixo da meta,-12.130000000000003
2024,1506005,Municipal,43.28,61.1,64.73,Prainha,PA,Norte,Abaixo da meta,-17.82
2024,2603306,Municipal,40.68,61.11,64.74,Calçado,PE,Nordeste,Abaixo da meta,-20.43
2024,3302908,Municipal,70.49,61.15,64.77,Miguel Pereira,RJ,Sudeste,Atingiu ou superou,9.339999999999996
2024,4306106,Municipal,50.9,61.17,64.79,Cruz Alta,RS,Sul,Abaixo da meta,-10.270000000000003
2024,2413557,Municipal,62.68,61.18,64.8,Serrinha dos Pintos,RN,Nordeste,Atingiu ou superou,1.5
2024,3549904,Municipal,64.75,61.18,64.8,São José dos Campos,SP,Sudeste,Atingiu ou superou,3.5700000000000003
2024,2616308,Municipal,68.15,61.19,64.81,Vicência,PE,Nordeste,Atingiu ou superou,6.960000000000008
2024,4306601,Municipal,43.7,61.19,64.81,Dom Pedrito,RS,Sul,Abaixo da meta,-17.489999999999995
2024,4113759,Municipal,70.4,61.2,64.81,Lunardelli,PR,Sul,Atingiu ou superou,9.200000000000003
2024,3135506,Municipal,84.89,61.2,64.81,Jequeri,MG,Sudeste,Atingiu ou superou,23.689999999999998
2024,4303004,Municipal,40.2,61.21,64.82,Cachoeira do Sul,RS,Sul,Abaixo da meta,-21.009999999999998
2024,3132305,Municipal,55.18,61.22,64.83,Itaipé,MG,Sudeste,Abaixo da meta,-6.039999999999999
2024,2707602,Municipal,61.05,61.22,64.83,Quebrangulo,AL,Nordeste,Abaixo da meta,-0.1700000000000017
2024,4305173,Municipal,41.7,61.22,64.83,Cerro Grande do Sul,RS,Sul,Abaixo da meta,-19.519999999999996
2024,3504503,Municipal,52.47,61.23,64.83,Avaré,SP,Sudeste,Abaixo da meta,-8.759999999999998
2024,2502003,Municipal,40.07,61.23,64.84,Belém do Brejo do Cruz,PB,Nordeste,Abaixo da meta,-21.159999999999997
2024,2917201,Municipal,43.98,61.25,64.85,Ituaçu,BA,Nordeste,Abaixo da meta,-17.270000000000003
2024,4300851,Municipal,55.0,61.27,64.87,Arambaré,RS,Sul,Abaixo da meta,-6.270000000000003
2024,2600500,Municipal,59.77,61.28,64.88,Águas Belas,PE,Nordeste,Abaixo da meta,-1.509999999999998
2024,2515500,Municipal,54.35,61.29,64.89,Serra Branca,PB,Nordeste,Abaixo da meta,-6.939999999999998
2024,3133006,Municipal,81.86,61.31,64.9,Itamonte,MG,Sudeste,Atingiu ou superou,20.549999999999997
2024,4118857,Municipal,70.19,61.32,64.91,Perobal,PR,Sul,Atingiu ou superou,8.869999999999997
2024,3515509,Municipal,61.01,61.33,64.91,Fernandópolis,SP,Sudeste,Abaixo da meta,-0.3200000000000003
2024,3505302,Municipal,80.01,61.33,64.91,Barra Bonita,SP,Sudeste,Atingiu ou superou,18.680000000000007
2024,3106200,Municipal,68.58,61.33,64.91,Belo Horizonte,MG,Sudeste,Atingiu ou superou,7.25
2024,3532108,Municipal,100.0,61.33,64.91,Murutinga do Sul,SP,Sudeste,Atingiu ou superou,38.67
2024,3128006,Municipal,68.68,61.34,64.93,Guanhães,MG,Sudeste,Atingiu ou superou,7.340000000000003
2024,5220702,Municipal,79.41,61.35,64.93,Sítio d'Abadia,GO,Centro-Oeste,Atingiu ou superou,18.059999999999995
2024,2607950,Municipal,81.67,61.36,64.94,Jaqueira,PE,Nordeste,Atingiu ou superou,20.310000000000002
2024,3532801,Municipal,73.75,61.36,64.94,Nova Aliança,SP,Sudeste,Atingiu ou superou,12.39
2024,4115507,Municipal,75.85,61.37,64.95,Marumbi,PR,Sul,Atingiu ou superou,14.479999999999997
2024,3125101,Municipal,69.33,61.38,64.96,Extrema,MG,Sudeste,Atingiu ou superou,7.949999999999996
2024,2200905,Municipal,30.0,61.39,64.97,Aroazes,PI,Nordeste,Abaixo da meta,-31.39
2024,4319505,Municipal,37.1,61.4,64.97,São Sebastião do Caí,RS,Sul,Abaixo da meta,-24.299999999999997
2024,3516200,Municipal,64.54,61.42,64.99,Franca,SP,Sudeste,Atingiu ou superou,3.1200000000000045
2024,3156403,Municipal,70.69,61.43,64.99,Romaria,MG,Sudeste,Atingiu ou superou,9.259999999999998
2024,3536109,Municipal,56.51,61.43,65.0,Pardinho,SP,Sudeste,Abaixo da meta,-4.920000000000002
2024,2208874,Municipal,54.84,61.44,65.01,Ribeira do Piauí,PI,Nordeste,Abaixo da meta,-6.599999999999994
2024,2411601,Municipal,32.17,61.45,65.01,São Bento do Norte,RN,Nordeste,Abaixo da meta,-29.28
2024,5006606,Municipal,71.07,61.45,65.01,Ponta Porã,MS,Centro-Oeste,Atingiu ou superou,9.61999999999999
2024,5103304,Municipal,47.59,61.46,65.02,Comodoro,MT,Centro-Oeste,Abaixo da meta,-13.869999999999997
2024,4314050,Municipal,37.8,61.51,65.06,Parobé,RS,Sul,Abaixo da meta,-23.71
2024,2404309,Municipal,48.2,61.52,65.07,Governador Dix-Sept Rosado,RN,Nordeste,Abaixo da meta,-13.32
2024,3154200,Municipal,82.11,61.52,65.07,Resende Costa,MG,Sudeste,Atingiu ou superou,20.589999999999996
2024,3301603,Municipal,65.4,61.52,65.07,Duas Barras,RJ,Sudeste,Atingiu ou superou,3.8800000000000026
2024,5107065,Municipal,74.18,61.52,65.07,Querência,MT,Centro-Oeste,Atingiu ou superou,12.660000000000004
2024,5221197,Municipal,71.39,61.52,65.07,Terezópolis de Goiás,GO,Centro-Oeste,Atingiu ou superou,9.869999999999997
2024,4311502,Municipal,45.7,61.56,65.1,Lavras do Sul,RS,Sul,Abaixo da meta,-15.86
2024,4319208,Municipal,7.1,61.56,65.1,São Nicolau,RS,Sul,Abaixo da meta,-54.46
2024,5212105,Municipal,67.17,61.57,65.11,Joviânia,GO,Centro-Oeste,Atingiu ou superou,5.600000000000001
2024,3123601,Municipal,64.98,61.57,65.11,Elói Mendes,MG,Sudeste,Atingiu ou superou,3.4100000000000037
2024,3300605,Municipal,70.64,61.57,65.11,Bom Jesus do Itabapoana,RJ,Sudeste,Atingiu ou superou,9.07
2024,3117207,Municipal,76.67,61.58,65.12,Conceição das Pedras,MG,Sudeste,Atingiu ou superou,15.090000000000003
2024,3171709,Municipal,74.66,61.6,65.13,Virgínia,MG,Sudeste,Atingiu ou superou,13.059999999999995
2024,2106326,Municipal,41.67,61.61,65.14,Maracaçumé,MA,Nordeste,Abaixo da meta,-19.939999999999998
2024,1506195,Municipal,54.76,61.62,65.15,Rurópolis,PA,Norte,Abaixo da meta,-6.859999999999999
2024,3535002,Municipal,72.03,61.63,65.16,Palestina,SP,Sudeste,Atingiu ou superou,10.399999999999999
2024,4126256,Municipal,56.55,61.63,65.16,Sarandi,PR,Sul,Abaixo da meta,-5.080000000000005
2024,5104559,Municipal,67.42,61.64,65.17,Itaúba,MT,Centro-Oeste,Atingiu ou superou,5.780000000000001
2024,3519071,Municipal,55.05,61.65,65.17,Hortolândia,SP,Sudeste,Abaixo da meta,-6.600000000000001
2024,5203559,Municipal,86.32,61.67,65.19,Bonfinópolis,GO,Centro-Oeste,Atingiu ou superou,24.64999999999999
2024,4303103,Municipal,40.6,61.68,65.2,Cachoeirinha,RS,Sul,Abaixo da meta,-21.08
2024,2204550,Municipal,75.0,61.72,65.23,Guaribas,PI,Nordeste,Atingiu ou superou,13.280000000000001
2024,2109007,Municipal,74.09,61.72,65.23,Porto Franco,MA,Nordeste,Atingiu ou superou,12.370000000000005
2024,2612307,Municipal,78.66,61.72,65.23,Saloá,PE,Nordeste,Atingiu ou superou,16.939999999999998
2024,3503307,Municipal,59.68,61.73,65.24,Araras,SP,Sudeste,Abaixo da meta,-2.049999999999997
2024,3151800,Municipal,79.39,61.73,65.24,Poços de Caldas,MG,Sudeste,Atingiu ou superou,17.660000000000004
2024,1501576,Municipal,51.82,61.74,65.25,Bom Jesus do Tocantins,PA,Norte,Abaixo da meta,-9.920000000000002
2024,2209708,Municipal,64.27,61.76,65.26,São Francisco do Piauí,PI,Nordeste,Atingiu ou superou,2.509999999999998
2024,2605509,Municipal,41.36,61.78,65.28,Ferreiros,PE,Nordeste,Abaixo da meta,-20.42
2024,5103452,Municipal,83.58,61.8,65.29,Denise,MT,Centro-Oeste,Atingiu ou superou,21.78
2024,3164472,Municipal,81.32,61.81,65.3,São Sebastião do Anta,MG,Sudeste,Atingiu ou superou,19.50999999999999
2024,3518206,Municipal,71.91,61.81,65.3,Guararapes,SP,Sudeste,Atingiu ou superou,10.099999999999994
2024,4215703,Municipal,60.42,61.81,65.3,Santo Amaro da Imperatriz,SC,Sul,Abaixo da meta,-1.3900000000000006
2024,4318101,Municipal,45.6,61.82,65.31,São Francisco de Assis,RS,Sul,Abaixo da meta,-16.22
2024,4212106,Municipal,64.41,61.82,65.31,Palmitos,SC,Sul,Atingiu ou superou,2.5899999999999963
2024,1100072,Municipal,72.68,61.82,65.31,Corumbiara,RO,Norte,Atingiu ou superou,10.860000000000007
2024,3123700,Municipal,63.03,61.83,65.32,Engenheiro Caldas,MG,Sudeste,Atingiu ou superou,1.2000000000000028
2024,3143708,Municipal,61.85,,65.33,Morro do Pilar,MG,Sudeste,Sem dados para comparação,
2024,3160801,Municipal,76.67,61.84,65.33,São Bento Abade,MG,Sudeste,Atingiu ou superou,14.829999999999998
2024,2411106,Municipal,35.0,61.84,65.33,Ruy Barbosa,RN,Nordeste,Abaixo da meta,-26.840000000000003
2024,5215603,Municipal,69.56,61.84,65.33,Padre Bernardo,GO,Centro-Oeste,Atingiu ou superou,7.719999999999999
2024,3117009,Municipal,68.38,61.87,65.35,Comercinho,MG,Sudeste,Atingiu ou superou,6.509999999999998
2024,3111507,Municipal,65.27,61.87,65.35,Campos Altos,MG,Sudeste,Atingiu ou superou,3.3999999999999986
2024,2112803,Municipal,53.36,61.88,65.36,Viana,MA,Nordeste,Abaixo da meta,-8.520000000000003
2024,1505635,Municipal,57.18,61.89,65.37,Piçarra,PA,Norte,Abaixo da meta,-4.710000000000001
2024,3525102,Municipal,45.42,61.9,65.37,Jardinópolis,SP,Sudeste,Abaixo da meta,-16.479999999999997
2024,3158607,Municipal,80.09,61.92,65.39,Santana do Deserto,MG,Sudeste,Atingiu ou superou,18.17
2024,3534609,Municipal,59.23,61.92,65.39,Osvaldo Cruz,SP,Sudeste,Abaixo da meta,-2.690000000000005
2024,4119509,Municipal,50.54,61.92,65.39,Piraquara,PR,Sul,Abaixo da meta,-11.380000000000003
2024,2205250,Municipal,77.0,61.92,65.39,Jardim do Mulato,PI,Nordeste,Atingiu ou superou,15.079999999999998
2024,2210979,Municipal,50.0,61.92,65.39,Tanque do Piauí,PI,Nordeste,Abaixo da meta,-11.920000000000002
2024,3519055,Municipal,62.59,61.93,65.4,Holambra,SP,Sudeste,Atingiu ou superou,0.6600000000000037
2024,5103379,Municipal,62.71,61.94,65.41,Cotriguaçu,MT,Centro-Oeste,Atingiu ou superou,0.7700000000000031
2024,2410256,Municipal,42.47,61.94,65.41,Porto do Mangue,RN,Nordeste,Abaixo da meta,-19.47
2024,3302809,Municipal,56.89,61.95,65.41,Mendes,RJ,Sudeste,Abaixo da meta,-5.060000000000002
2024,3306107,Municipal,55.84,61.95,65.41,Valença,RJ,Sudeste,Abaixo da meta,-6.109999999999999
2024,2922409,Municipal,48.92,61.96,65.42,Mutuípe,BA,Nordeste,Abaixo da meta,-13.04
2024,3169000,Municipal,71.46,61.96,65.42,Tocantins,MG,Sudeste,Atingiu ou superou,9.499999999999993
2024,2918902,Municipal,48.28,61.97,65.43,Lajedão,BA,Nordeste,Abaixo da meta,-13.689999999999998
2024,4301636,Municipal,43.6,61.97,65.43,Balneário Pinhal,RS,Sul,Abaixo da meta,-18.369999999999997
2024,5103056,Municipal,66.28,61.97,65.43,Cláudia,MT,Centro-Oeste,Atingiu ou superou,4.310000000000002
2024,5006200,Municipal,69.44,61.97,65.43,Nova Andradina,MS,Centro-Oeste,Atingiu ou superou,7.469999999999999
2024,3200508,Municipal,62.88,61.98,65.44,Apiacá,ES,Sudeste,Atingiu ou superou,0.9000000000000057
2024,2600807,Municipal,68.08,61.99,65.45,Altinho,PE,Nordeste,Atingiu ou superou,6.089999999999996
2024,3544905,Municipal,50.04,62.03,65.48,Sales Oliveira,SP,Sudeste,Abaixo da meta,-11.990000000000002
2024,3538600,Municipal,57.46,62.06,65.5,Piracaia,SP,Sudeste,Abaixo da meta,-4.600000000000001
2024,3143906,Municipal,73.13,62.06,65.5,Muriaé,MG,Sudeste,Atingiu ou superou,11.069999999999993
2024,5200134,Municipal,81.48,62.06,65.5,Acreúna,GO,Centro-Oeste,Atingiu ou superou,19.42
2024,2210375,Municipal,61.11,62.07,65.51,São Luis do Piauí,PI,Nordeste,Abaixo da meta,-0.9600000000000009
2024,4210407,Municipal,61.81,62.07,65.51,Maracajá,SC,Sul,Abaixo da meta,-0.259999999999998
2024,3520509,Municipal,62.82,62.07,65.51,Indaiatuba,SP,Sudeste,Atingiu ou superou,0.75
2024,1100056,Municipal,66.81,62.09,65.53,Cerejeiras,RO,Norte,Atingiu ou superou,4.719999999999999
2024,4314100,Municipal,38.5,62.1,65.53,Passo Fundo,RS,Sul,Abaixo da meta,-23.6
2024,3110103,Municipal,76.5,62.1,65.53,Caiana,MG,Sudeste,Atingiu ou superou,14.399999999999999
2024,2605905,Municipal,77.37,62.1,65.53,Gameleira,PE,Nordeste,Atingiu ou superou,15.270000000000003
2024,3501608,Municipal,64.36,62.11,65.54,Americana,SP,Sudeste,Atingiu ou superou,2.25
2024,3128105,Municipal,80.4,62.11,65.54,Guapé,MG,Sudeste,Atingiu ou superou,18.290000000000006
2024,3515194,Municipal,56.14,62.12,65.55,Espírito Santo do Turvo,SP,Sudeste,Abaixo da meta,-5.979999999999997
2024,3537800,Municipal,63.25,62.12,65.55,Piedade,SP,Sudeste,Atingiu ou superou,1.1300000000000026
2024,5003900,Municipal,86.46,62.12,65.55,Figueirão,MS,Centro-Oeste,Atingiu ou superou,24.339999999999996
2024,4321105,Municipal,59.3,62.14,65.57,Tapes,RS,Sul,Abaixo da meta,-2.8400000000000034
2024,3553005,Municipal,71.38,62.14,65.57,Taguaí,SP,Sudeste,Atingiu ou superou,9.239999999999995
2024,4303509,Municipal,56.4,62.16,65.58,Camaquã,RS,Sul,Abaixo da meta,-5.759999999999998
2024,5106455,Municipal,90.32,62.17,65.58,Planalto da Serra,MT,Centro-Oeste,Atingiu ou superou,28.14999999999999
2024,2512101,Municipal,65.57,62.19,65.6,Pombal,PB,Nordeste,Atingiu ou superou,3.3799999999999955
2024,2603454,Municipal,57.57,62.2,65.61,Camaragibe,PE,Nordeste,Abaixo da meta,-4.630000000000003
2024,1721000,Municipal,56.97,62.2,65.61,Palmas,TO,Norte,Abaixo da meta,-5.230000000000004
2024,3144201,Municipal,62.86,62.21,65.62,Nacip Raydan,MG,Sudeste,Atingiu ou superou,0.6499999999999986
2024,3138401,Municipal,65.18,62.21,65.62,Leopoldina,MG,Sudeste,Atingiu ou superou,2.970000000000006
2024,4123402,Municipal,64.71,62.22,65.62,Santa Fé,PR,Sul,Atingiu ou superou,2.489999999999995
2024,2407708,Municipal,44.2,62.22,65.63,Montanhas,RN,Nordeste,Abaixo da meta,-18.019999999999996
2024,4205456,Municipal,63.94,62.24,65.64,Forquilhinha,SC,Sul,Atingiu ou superou,1.6999999999999957
2024,5108055,Municipal,61.14,62.25,65.65,Terra Nova do Norte,MT,Centro-Oeste,Abaixo da meta,-1.1099999999999994
2024,3117504,Municipal,82.33,62.26,65.66,Conceição do Mato Dentro,MG,Sudeste,Atingiu ou superou,20.07
2024,2414803,Municipal,43.56,62.26,65.66,Vera Cruz,RN,Nordeste,Abaixo da meta,-18.699999999999996
2024,2201770,Municipal,47.16,62.26,65.66,Boa Hora,PI,Nordeste,Abaixo da meta,-15.100000000000001
2024,2931004,Municipal,47.42,62.26,65.66,Tanhaçu,BA,Nordeste,Abaixo da meta,-14.839999999999996
2024,2512705,Municipal,49.27,62.28,65.68,Remígio,PB,Nordeste,Abaixo da meta,-13.009999999999998
2024,3105400,Municipal,62.71,62.28,65.68,Barão de Cocais,MG,Sudeste,Atingiu ou superou,0.4299999999999997
2024,2509909,Municipal,47.23,62.3,65.69,Natuba,PB,Nordeste,Abaixo da meta,-15.07
2024,1508084,Municipal,48.54,62.31,65.7,Tucumã,PA,Norte,Abaixo da meta,-13.770000000000003
2024,3304003,Municipal,60.43,62.31,65.7,Piraí,RJ,Sudeste,Abaixo da meta,-1.8800000000000026
2024,4322376,Municipal,38.1,62.33,65.72,Unistalda,RS,Sul,Abaixo da meta,-24.229999999999997
2024,3170602,Municipal,69.23,62.33,65.72,Vargem Bonita,MG,Sudeste,Atingiu ou superou,6.900000000000006
2024,3160603,Municipal,93.33,62.33,65.72,Santo Hipólito,MG,Sudeste,Atingiu ou superou,31.0
2024,5106281,Municipal,94.16,62.33,65.72,Novo São Joaquim,MT,Centro-Oeste,Atingiu ou superou,31.83
2024,5204508,Municipal,62.94,62.34,65.72,Caldas Novas,GO,Centro-Oeste,Atingiu ou superou,0.5999999999999943
2024,3140803,Municipal,78.82,62.35,65.73,Matias Barbosa,MG,Sudeste,Atingiu ou superou,16.46999999999999
2024,4323002,Municipal,38.9,62.36,65.74,Viamão,RS,Sul,Abaixo da meta,-23.46
2024,3524907,Municipal,56.89,62.36,65.74,Jambeiro,SP,Sudeste,Abaixo da meta,-5.469999999999999
2024,2514453,Municipal,27.36,62.36,65.74,São José dos Ramos,PB,Nordeste,Abaixo da meta,-35.0
2024,2612554,Municipal,53.14,62.41,65.78,Santa Filomena,PE,Nordeste,Abaixo da meta,-9.269999999999996
2024,2105153,Municipal,77.64,62.41,65.78,Igarapé do Meio,MA,Nordeste,Atingiu ou superou,15.230000000000004
2024,3152501,Municipal,70.53,62.41,65.78,Pouso Alegre,MG,Sudeste,Atingiu ou superou,8.120000000000005
2024,2414902,Municipal,61.9,62.42,65.79,Viçosa,RN,Nordeste,Abaixo da meta,-0.5200000000000031
2024,3543709,Municipal,74.83,62.42,65.79,Rincão,SP,Sudeste,Atingiu ou superou,12.409999999999997
2024,4310538,Municipal,38.5,62.43,65.8,Itaara,RS,Sul,Abaixo da meta,-23.93
2024,3509254,Municipal,57.52,62.43,65.8,Cajati,SP,Sudeste,Abaixo da meta,-4.909999999999997
2024,5219902,Municipal,75.57,62.43,65.8,São Francisco de Goiás,GO,Centro-Oeste,Atingiu ou superou,13.139999999999993
2024,2912301,Municipal,50.0,62.43,65.8,Ibicuí,BA,Nordeste,Abaixo da meta,-12.43
2024,5212204,Municipal,79.77,62.46,65.82,Jussara,GO,Centro-Oeste,Atingiu ou superou,17.309999999999995
2024,3142007,Municipal,48.06,62.46,65.82,Mirabela,MG,Sudeste,Abaixo da meta,-14.399999999999999
2024,2704906,Municipal,57.65,62.46,65.82,Mar Vermelho,AL,Nordeste,Abaixo da meta,-4.810000000000002
2024,2112233,Municipal,90.87,62.49,65.84,Trizidela do Vale,MA,Nordeste,Atingiu ou superou,28.380000000000003
2024,3149309,Municipal,69.22,62.5,65.85,Pedro Leopoldo,MG,Sudeste,Atingiu ou superou,6.719999999999999
2024,2930006,Municipal,42.37,62.51,65.86,Sebastião Laranjeiras,BA,Nordeste,Abaixo da meta,-20.14
2024,1500800,Municipal,52.74,62.51,65.86,Ananindeua,PA,Norte,Abaixo da meta,-9.769999999999996
2024,3101607,Municipal,76.61,62.52,65.87,Alfenas,MG,Sudeste,Atingiu ou superou,14.089999999999996
2024,2803005,Municipal,58.61,62.52,65.87,Itabaianinha,SE,Nordeste,Abaixo da meta,-3.9100000000000037
2024,3205002,Municipal,57.12,62.54,65.88,Serra,ES,Sudeste,Abaixo da meta,-5.420000000000002
2024,4204608,Municipal,59.75,62.54,65.88,Criciúma,SC,Sul,Abaixo da meta,-2.789999999999999
2024,1300706,Municipal,44.78,62.56,65.9,Boca do Acre,AM,Norte,Abaixo da meta,-17.78
2024,3507506,Municipal,57.09,62.56,65.9,Botucatu,SP,Sudeste,Abaixo da meta,-5.469999999999999
2024,5100201,Municipal,79.49,62.56,65.9,Água Boa,MT,Centro-Oeste,Atingiu ou superou,16.929999999999993
2024,3132503,Municipal,81.25,62.57,65.91,Itamarandiba,MG,Sudeste,Atingiu ou superou,18.68
2024,3523602,Municipal,69.9,62.57,65.91,Itirapina,SP,Sudeste,Atingiu ou superou,7.330000000000005
2024,4320008,Municipal,48.0,62.6,65.93,Sapucaia do Sul,RS,Sul,Abaixo da meta,-14.600000000000001
2024,2614105,Municipal,56.65,62.6,65.93,Sertânia,PE,Nordeste,Abaixo da meta,-5.950000000000003
2024,4209003,Municipal,70.42,62.61,65.94,Joaçaba,SC,Sul,Atingiu ou superou,7.810000000000002
2024,3529005,Municipal,64.28,62.61,65.94,Marília,SP,Sudeste,Atingiu ou superou,1.6700000000000017
2024,2407807,Municipal,50.97,62.63,65.96,Monte Alegre,RN,Nordeste,Abaixo da meta,-11.660000000000004
2024,4118303,Municipal,61.71,62.63,65.96,Paranapoema,PR,Sul,Abaixo da meta,-0.9200000000000017
2024,3300407,Municipal,63.88,62.64,65.96,Barra Mansa,RJ,Sudeste,Atingiu ou superou,1.240000000000002
2024,3134301,Municipal,73.75,62.66,65.98,Itumirim,MG,Sudeste,Atingiu ou superou,11.090000000000003
2024,3530409,Municipal,55.96,62.66,65.98,Mirassolândia,SP,Sudeste,Abaixo da meta,-6.699999999999996
2024,3546603,Municipal,54.03,62.66,65.98,Santa Fé do Sul,SP,Sudeste,Abaixo da meta,-8.629999999999995
2024,3301504,Municipal,64.16,62.66,65.98,Cordeiro,RJ,Sudeste,Atingiu ou superou,1.5
2024,1101302,Municipal,73.82,62.66,65.98,Mirante da Serra,RO,Norte,Atingiu ou superou,11.159999999999997
2024,2932606,Municipal,40.54,62.68,66.0,Urandi,BA,Nordeste,Abaixo da meta,-22.14
2024,4218806,Municipal,69.98,62.69,66.0,Turvo,SC,Sul,Atingiu ou superou,7.290000000000006
2024,3126406,Municipal,90.83,62.69,66.0,Fortuna de Minas,MG,Sudeste,Atingiu ou superou,28.14
2024,3168903,Municipal,81.76,62.7,66.01,Tiros,MG,Sudeste,Atingiu ou superou,19.060000000000002
2024,3532157,Municipal,36.18,62.7,66.01,Nantes,SP,Sudeste,Abaixo da meta,-26.520000000000003
2024,4213005,Municipal,79.31,62.71,66.02,Pinheiro Preto,SC,Sul,Atingiu ou superou,16.6
2024,4203709,Municipal,41.37,62.71,66.02,Canelinha,SC,Sul,Abaixo da meta,-21.340000000000003
2024,3105608,Municipal,81.97,62.71,66.02,Barbacena,MG,Sudeste,Atingiu ou superou,19.259999999999998
2024,5216809,Municipal,85.41,62.71,66.02,Petrolina de Goiás,GO,Centro-Oeste,Atingiu ou superou,22.699999999999996
2024,3126307,Municipal,62.75,,66.05,Fortaleza de Minas,MG,Sudeste,Sem dados para comparação,
2024,2615508,Municipal,73.31,62.75,66.05,Tracunhaém,PE,Nordeste,Atingiu ou superou,10.560000000000002
2024,1100700,Municipal,71.94,62.75,66.05,Campo Novo de Rondônia,RO,Norte,Atingiu ou superou,9.189999999999998
2024,3157658,Municipal,90.81,62.75,66.05,Santa Helena de Minas,MG,Sudeste,Atingiu ou superou,28.060000000000002
2024,1502939,Municipal,69.24,62.75,66.05,Dom Eliseu,PA,Norte,Atingiu ou superou,6.489999999999995
2024,4110904,Municipal,76.11,62.76,66.06,Itaguajé,PR,Sul,Atingiu ou superou,13.350000000000001
2024,3300159,Municipal,68.41,62.76,66.06,Aperibé,RJ,Sudeste,Atingiu ou superou,5.649999999999999
2024,3513702,Municipal,80.62,62.78,66.08,Descalvado,SP,Sudeste,Atingiu ou superou,17.840000000000003
2024,2104008,Municipal,81.48,62.78,66.08,Esperantinópolis,MA,Nordeste,Atingiu ou superou,18.700000000000003
2024,2501534,Municipal,89.76,62.78,66.08,Baraúna,PB,Nordeste,Atingiu ou superou,26.980000000000004
2024,5213772,Municipal,65.74,62.79,66.08,Montividiu do Norte,GO,Centro-Oeste,Atingiu ou superou,2.9499999999999957
2024,2204154,Municipal,95.24,62.8,66.09,Francisco Macedo,PI,Nordeste,Atingiu ou superou,32.44
2024,3112901,Municipal,83.3,62.8,66.1,Caputira,MG,Sudeste,Atingiu ou superou,20.5
2024,1200351,Municipal,62.82,,66.11,Marechal Thaumaturgo,AC,Norte,Sem dados para comparação,
2024,3161403,Municipal,78.59,62.82,66.11,São Francisco do Glória,MG,Sudeste,Atingiu ou superou,15.770000000000003
2024,2510303,Municipal,76.75,62.84,66.12,Nova Palmeira,PB,Nordeste,Atingiu ou superou,13.909999999999997
2024,1703107,Municipal,49.74,62.85,66.14,Barrolândia,TO,Norte,Abaixo da meta,-13.11
2024,3106606,Municipal,85.02,62.87,66.15,Bertópolis,MG,Sudeste,Atingiu ou superou,22.15
2024,2201705,Municipal,43.42,62.88,66.16,Bertolínia,PI,Nordeste,Abaixo da meta,-19.46
2024,4207684,Municipal,77.74,62.89,66.16,Ipuaçu,SC,Sul,Atingiu ou superou,14.849999999999994
2024,3503505,Municipal,56.95,62.9,66.17,Areias,SP,Sudeste,Abaixo da meta,-5.949999999999996
2024,2607505,Municipal,58.6,62.9,66.17,Itaíba,PE,Nordeste,Abaixo da meta,-4.299999999999997
2024,2103505,Municipal,49.9,62.9,66.17,Colinas,MA,Nordeste,Abaixo da meta,-13.0
2024,3534104,Municipal,39.53,62.91,66.18,Oriente,SP,Sudeste,Abaixo da meta,-23.379999999999995
2024,2110203,Municipal,56.53,62.92,66.19,Santa Rita,MA,Nordeste,Abaixo da meta,-6.390000000000001
2024,2601201,Municipal,70.04,62.92,66.19,Arcoverde,PE,Nordeste,Atingiu ou superou,7.1200000000000045
2024,3544251,Municipal,78.64,62.92,66.19,Rosana,SP,Sudeste,Atingiu ou superou,15.719999999999999
2024,3121605,Municipal,70.61,62.93,66.2,Diamantina,MG,Sudeste,Atingiu ou superou,7.68
2024,2609600,Municipal,62.29,62.95,66.22,Olinda,PE,Nordeste,Abaixo da meta,-0.6600000000000037
2024,3521408,Municipal,62.26,62.96,66.22,Iracemápolis,SP,Sudeste,Abaixo da meta,-0.7000000000000028
2024,5201454,Municipal,87.09,62.97,66.23,Aparecida do Rio Doce,GO,Centro-Oeste,Atingiu ou superou,24.120000000000005
2024,4204558,Municipal,56.53,63.0,66.25,Correia Pinto,SC,Sul,Abaixo da meta,-6.469999999999999
2024,3154903,Municipal,62.76,63.0,66.26,Rio Casca,MG,Sudeste,Abaixo da meta,-0.240000000000002
2024,3501103,Municipal,71.82,63.01,66.26,Alto Alegre,SP,Sudeste,Atingiu ou superou,8.809999999999995
2024,4306502,Municipal,35.0,63.01,66.26,Dom Feliciano,RS,Sul,Abaixo da meta,-28.009999999999998
2024,4205001,Municipal,66.23,63.02,66.27,Dionísio Cerqueira,SC,Sul,Atingiu ou superou,3.210000000000001
2024,2615003,Municipal,59.64,63.02,66.27,Taquaritinga do Norte,PE,Nordeste,Abaixo da meta,-3.3800000000000026
2024,2610905,Municipal,64.38,63.02,66.27,Pesqueira,PE,Nordeste,Atingiu ou superou,1.3599999999999923
2024,3546702,Municipal,64.05,63.03,66.28,Santa Gertrudes,SP,Sudeste,Atingiu ou superou,1.019999999999996
2024,2915700,Municipal,36.76,63.04,66.28,Itamari,BA,Nordeste,Abaixo da meta,-26.28
2024,3505500,Municipal,58.42,63.04,66.28,Barretos,SP,Sudeste,Abaixo da meta,-4.619999999999997
2024,1303700,Municipal,37.94,63.05,66.29,Santo Antônio do Içá,AM,Norte,Abaixo da meta,-25.11
2024,2615607,Municipal,69.13,63.05,66.29,Trindade,PE,Nordeste,Atingiu ou superou,6.079999999999998
2024,3304508,Municipal,67.73,63.05,66.3,Rio das Flores,RJ,Sudeste,Atingiu ou superou,4.680000000000007
2024,4320859,Municipal,24.7,63.05,66.3,Tabaí,RS,Sul,Abaixo da meta,-38.349999999999994
2024,3550100,Municipal,60.53,63.06,66.3,São Manuel,SP,Sudeste,Abaixo da meta,-2.530000000000001
2024,3149200,Municipal,79.95,63.06,66.3,Pedrinópolis,MG,Sudeste,Atingiu ou superou,16.89
2024,5105176,Municipal,73.66,63.07,66.31,Juruena,MT,Centro-Oeste,Atingiu ou superou,10.589999999999996
2024,5212956,Municipal,52.82,63.07,66.31,Matrinchã,GO,Centro-Oeste,Abaixo da meta,-10.25
2024,3102852,Municipal,84.97,63.08,66.32,Angelândia,MG,Sudeste,Atingiu ou superou,21.89
2024,3305802,Municipal,64.17,63.09,66.32,Teresópolis,RJ,Sudeste,Atingiu ou superou,1.0799999999999983
2024,3132404,Municipal,79.1,63.11,66.34,Itajubá,MG,Sudeste,Atingiu ou superou,15.989999999999995
2024,3525300,Municipal,54.89,63.12,66.35,Jaú,SP,Sudeste,Abaixo da meta,-8.229999999999997
2024,4112959,Municipal,63.48,63.12,66.35,Juranda,PR,Sul,Atingiu ou superou,0.35999999999999943
2024,4320503,Municipal,47.2,63.15,66.38,Sertão,RS,Sul,Abaixo da meta,-15.949999999999996
2024,1500131,Municipal,54.88,63.15,66.38,Abel Figueiredo,PA,Norte,Abaixo da meta,-8.269999999999996
2024,4209904,Municipal,58.41,63.17,66.39,Lontras,SC,Sul,Abaixo da meta,-4.760000000000005
2024,4104253,Municipal,57.97,63.18,66.39,Campo Magro,PR,Sul,Abaixo da meta,-5.210000000000001
2024,3134905,Municipal,79.14,63.18,66.39,Jacutinga,MG,Sudeste,Atingiu ou superou,15.96
2024,5200050,Municipal,64.46,63.18,66.39,Abadia de Goiás,GO,Centro-Oeste,Atingiu ou superou,1.279999999999994
2024,3302403,Municipal,59.46,63.19,66.41,Macaé,RJ,Sudeste,Abaixo da meta,-3.729999999999997
2024,4301404,Municipal,63.2,,66.42,Arvorezinha,RS,Sul,Sem dados para comparação,
2024,3166808,Municipal,72.87,63.21,66.42,Serra do Salitre,MG,Sudeste,Atingiu ou superou,9.660000000000004
2024,2202778,Municipal,42.87,63.22,66.43,Colônia do Piauí,PI,Nordeste,Abaixo da meta,-20.35
2024,3139003,Municipal,87.02,63.26,66.46,Machado,MG,Sudeste,Atingiu ou superou,23.759999999999998
2024,1301803,Municipal,63.28,,66.47,Ipixuna,AM,Norte,Sem dados para comparação,
2024,4310009,Municipal,55.7,63.28,66.47,Ibirubá,RS,Sul,Abaixo da meta,-7.579999999999998
2024,3501806,Municipal,78.38,63.29,66.48,Américo de Campos,SP,Sudeste,Atingiu ou superou,15.089999999999996
2024,2602100,Municipal,60.74,63.29,66.49,Bom Conselho,PE,Nordeste,Abaixo da meta,-2.549999999999997
2024,3131901,Municipal,80.44,63.29,66.49,Itabirito,MG,Sudeste,Atingiu ou superou,17.15
2024,2101970,Municipal,80.0,63.3,66.49,Boa Vista do Gurupi,MA,Nordeste,Atingiu ou superou,16.700000000000003
2024,3506409,Municipal,74.74,63.3,66.49,Bilac,SP,Sudeste,Atingiu ou superou,11.439999999999998
2024,4314787,Municipal,57.9,63.31,66.5,Ponte Preta,RS,Sul,Abaixo da meta,-5.410000000000004
2024,4303608,Municipal,63.6,63.31,66.5,Cambará do Sul,RS,Sul,Atingiu ou superou,0.28999999999999915
2024,3160504,Municipal,91.67,63.31,66.5,Santo Antônio do Rio Abaixo,MG,Sudeste,Atingiu ou superou,28.36
2024,2515971,Municipal,40.74,63.31,66.5,Sobrado,PB,Nordeste,Abaixo da meta,-22.57
2024,5101605,Municipal,41.67,63.34,66.53,Barão de Melgaço,MT,Centro-Oeste,Abaixo da meta,-21.67
2024,3540200,Municipal,64.47,63.34,66.53,Pontal,SP,Sudeste,Atingiu ou superou,1.1299999999999955
2024,4314605,Municipal,42.8,63.34,66.53,Piratini,RS,Sul,Abaixo da meta,-20.540000000000006
2024,3542206,Municipal,60.02,63.34,66.53,Rancharia,SP,Sudeste,Abaixo da meta,-3.3200000000000003
2024,3541505,Municipal,76.57,63.36,66.54,Presidente Venceslau,SP,Sudeste,Atingiu ou superou,13.209999999999994
2024,4100202,Municipal,60.95,63.38,66.55,Adrianópolis,PR,Sul,Abaixo da meta,-2.4299999999999997
2024,3136306,Municipal,69.87,63.39,66.56,João Pinheiro,MG,Sudeste,Atingiu ou superou,6.480000000000004
2024,3165305,Municipal,81.64,63.39,66.57,São Vicente de Minas,MG,Sudeste,Atingiu ou superou,18.25
2024,3306305,Municipal,63.25,63.41,66.58,Volta Redonda,RJ,Sudeste,Abaixo da meta,-0.1599999999999966
2024,4215000,Municipal,66.96,63.42,66.59,Rio Negrinho,SC,Sul,Atingiu ou superou,3.539999999999992
2024,3526209,Municipal,55.99,63.43,66.59,Juquitiba,SP,Sudeste,Abaixo da meta,-7.439999999999998
2024,3150802,Municipal,75.27,63.43,66.59,Piranga,MG,Sudeste,Atingiu ou superou,11.839999999999996
2024,3112109,Municipal,67.92,63.44,66.6,Caparaó,MG,Sudeste,Atingiu ou superou,4.480000000000004
2024,4114104,Municipal,62.29,63.44,66.6,Mandaguaçu,PR,Sul,Abaixo da meta,-1.1499999999999986
2024,5101407,Municipal,61.83,63.44,66.61,Aripuanã,MT,Centro-Oeste,Abaixo da meta,-1.6099999999999994
2024,1506187,Municipal,68.8,63.45,66.61,Rondon do Pará,PA,Norte,Atingiu ou superou,5.349999999999994
2024,3112059,Municipal,65.99,63.46,66.62,Cantagalo,MG,Sudeste,Atingiu ou superou,2.529999999999994
2024,4218905,Municipal,76.9,63.46,66.62,Urubici,SC,Sul,Atingiu ou superou,13.440000000000005
2024,5205307,Municipal,84.5,63.47,66.63,Cavalcante,GO,Centro-Oeste,Atingiu ou superou,21.03
2024,3545407,Municipal,44.94,63.49,66.65,Salto Grande,SP,Sudeste,Abaixo da meta,-18.550000000000004
2024,2208650,Municipal,67.42,63.49,66.65,Queimada Nova,PI,Nordeste,Atingiu ou superou,3.9299999999999997
2024,4128302,Municipal,73.33,63.5,66.65,Uniflor,PR,Sul,Atingiu ou superou,9.829999999999998
2024,5005707,Municipal,59.87,63.53,66.68,Naviraí,MS,Centro-Oeste,Abaixo da meta,-3.6600000000000037
2024,4202057,Municipal,51.19,63.53,66.68,Balneário Barra do Sul,SC,Sul,Abaixo da meta,-12.340000000000003
2024,2614204,Municipal,74.49,63.56,66.7,Sirinhaém,PE,Nordeste,Atingiu ou superou,10.929999999999993
2024,3303104,Municipal,56.91,63.56,66.7,Natividade,RJ,Sudeste,Abaixo da meta,-6.650000000000006
2024,3102704,Municipal,77.96,63.57,66.71,Cachoeira de Pajeú,MG,Sudeste,Atingiu ou superou,14.389999999999993
2024,3144706,Municipal,72.22,63.58,66.71,Nova Era,MG,Sudeste,Atingiu ou superou,8.64
2024,2206407,Municipal,42.48,63.58,66.72,Monsenhor Gil,PI,Nordeste,Abaixo da meta,-21.1
2024,3547403,Municipal,52.94,63.62,66.75,Santa Rita d'Oeste,SP,Sudeste,Abaixo da meta,-10.68
2024,5108303,Municipal,68.93,63.63,66.75,União do Sul,MT,Centro-Oeste,Atingiu ou superou,5.300000000000004
2024,4124103,Municipal,55.04,63.64,66.77,Santo Antônio da Platina,PR,Sul,Abaixo da meta,-8.600000000000001
2024,4120200,Municipal,71.94,63.64,66.77,Porto Rico,PR,Sul,Atingiu ou superou,8.299999999999997
2024,5008008,Municipal,47.09,63.66,66.78,Terenos,MS,Centro-Oeste,Abaixo da meta,-16.569999999999993
2024,2402709,Municipal,40.95,63.66,66.78,Cerro Corá,RN,Nordeste,Abaixo da meta,-22.709999999999994
2024,1710508,Municipal,41.1,63.69,66.81,Itacajá,TO,Norte,Abaixo da meta,-22.589999999999996
2024,2911253,Municipal,47.37,63.7,66.81,Gavião,BA,Nordeste,Abaixo da meta,-16.330000000000005
2024,3522604,Municipal,62.18,63.71,66.82,Itapira,SP,Sudeste,Abaixo da meta,-1.5300000000000011
2024,2912806,Municipal,37.84,63.71,66.82,Ibirapuã,BA,Nordeste,Abaixo da meta,-25.869999999999997
2024,2208106,Municipal,61.41,63.73,66.84,Pimenteiras,PI,Nordeste,Abaixo da meta,-2.3200000000000003
2024,2501708,Municipal,78.61,63.73,66.84,Barra de São Miguel,PB,Nordeste,Atingiu ou superou,14.880000000000003
2024,4207759,Municipal,70.07,63.74,66.85,Iraceminha,SC,Sul,Atingiu ou superou,6.329999999999991
2024,3544509,Municipal,75.0,63.75,66.85,Rubinéia,SP,Sudeste,Atingiu ou superou,11.25
2024,3137502,Municipal,82.01,63.75,66.85,Lagoa Formosa,MG,Sudeste,Atingiu ou superou,18.260000000000005
2024,2103406,Municipal,76.13,63.75,66.85,Coelho Neto,MA,Nordeste,Atingiu ou superou,12.379999999999995
2024,2925204,Municipal,51.55,63.76,66.86,Pojuca,BA,Nordeste,Abaixo da meta,-12.21
2024,1716109,Municipal,63.45,63.78,66.87,Paraíso do Tocantins,TO,Norte,Abaixo da meta,-0.3299999999999983
2024,2307304,Municipal,59.48,63.78,66.87,Juazeiro do Norte,CE,Nordeste,Abaixo da meta,-4.300000000000004
2024,2610103,Municipal,59.45,63.78,66.87,Palmeirina,PE,Nordeste,Abaixo da meta,-4.329999999999998
2024,2923035,Municipal,73.17,63.79,66.89,Novo Horizonte,BA,Nordeste,Atingiu ou superou,9.380000000000003
2024,3537305,Municipal,61.01,63.79,66.89,Penápolis,SP,Sudeste,Abaixo da meta,-2.780000000000001
2024,3130002,Municipal,83.33,63.8,66.89,Ibituruna,MG,Sudeste,Atingiu ou superou,19.53
2024,3128907,Municipal,85.1,63.8,66.89,Guimarânia,MG,Sudeste,Atingiu ou superou,21.299999999999997
2024,1501501,Municipal,65.29,63.8,66.89,Benevides,PA,Norte,Atingiu ou superou,1.490000000000009
2024,1508357,Municipal,70.18,63.83,66.91,Vitória do Xingu,PA,Norte,Atingiu ou superou,6.3500000000000085
2024,1501451,Municipal,57.61,63.83,66.91,Belterra,PA,Norte,Abaixo da meta,-6.219999999999999
2024,2105989,Municipal,65.92,63.83,66.92,Lajeado Novo,MA,Nordeste,Atingiu ou superou,2.0900000000000034
2024,4202800,Municipal,59.36,63.84,66.93,Braço do Norte,SC,Sul,Abaixo da meta,-4.480000000000004
2024,3555356,Municipal,74.44,63.84,66.93,Ubarana,SP,Sudeste,Atingiu ou superou,10.599999999999994
2024,1101435,Municipal,70.92,63.85,66.93,Nova União,RO,Norte,Atingiu ou superou,7.07
2024,5201405,Municipal,69.22,63.87,66.95,Aparecida de Goiânia,GO,Centro-Oeste,Atingiu ou superou,5.350000000000001
2024,2608305,Municipal,68.61,63.87,66.95,Jupi,PE,Nordeste,Atingiu ou superou,4.740000000000002
2024,5106299,Municipal,79.7,63.88,66.96,Paranaíta,MT,Centro-Oeste,Atingiu ou superou,15.82
2024,3545605,Municipal,64.33,63.89,66.96,Santa Adélia,SP,Sudeste,Atingiu ou superou,0.4399999999999977
2024,2506103,Municipal,41.67,63.9,66.97,Fagundes,PB,Nordeste,Abaixo da meta,-22.229999999999997
2024,3540804,Municipal,62.55,63.91,66.98,Potirendaba,SP,Sudeste,Abaixo da meta,-1.3599999999999994
2024,4214706,Municipal,68.59,63.92,66.99,Rio dos Cedros,SC,Sul,Atingiu ou superou,4.670000000000002
2024,3147303,Municipal,81.68,63.95,67.01,Paraisópolis,MG,Sudeste,Atingiu ou superou,17.730000000000004
2024,5003801,Municipal,59.59,63.97,67.03,Fátima do Sul,MS,Centro-Oeste,Abaixo da meta,-4.3799999999999955
2024,3304110,Municipal,63.3,63.97,67.03,Porto Real,RJ,Sudeste,Abaixo da meta,-0.6700000000000017
2024,4308433,Municipal,55.2,63.97,67.03,Forquetinha,RS,Sul,Abaixo da meta,-8.769999999999996
2024,3516903,Municipal,67.35,63.97,67.03,General Salgado,SP,Sudeste,Atingiu ou superou,3.3799999999999955
2024,2613206,Municipal,54.47,63.98,67.04,São João,PE,Nordeste,Abaixo da meta,-9.509999999999998
2024,5104104,Municipal,54.22,63.98,67.04,Guarantã do Norte,MT,Centro-Oeste,Abaixo da meta,-9.759999999999998
2024,2503100,Municipal,89.73,64.02,67.06,Cabaceiras,PB,Nordeste,Atingiu ou superou,25.710000000000008
2024,3537008,Municipal,51.67,64.02,67.06,Pedregulho,SP,Sudeste,Abaixo da meta,-12.349999999999994
2024,3522158,Municipal,51.85,64.03,67.08,Itaóca,SP,Sudeste,Abaixo da meta,-12.18
2024,3530003,Municipal,93.03,64.03,67.08,Mira Estrela,SP,Sudeste,Atingiu ou superou,29.0
2024,4203501,Municipal,48.28,64.05,67.09,Campo Erê,SC,Sul,Abaixo da meta,-15.769999999999996
2024,3159001,Municipal,80.15,64.05,67.09,Santana do Riacho,MG,Sudeste,Atingiu ou superou,16.10000000000001
2024,3136207,Municipal,79.74,64.07,67.1,João Monlevade,MG,Sudeste,Atingiu ou superou,15.670000000000002
2024,3505906,Municipal,55.68,64.07,67.11,Batatais,SP,Sudeste,Abaixo da meta,-8.389999999999993
2024,3202801,Municipal,75.42,64.07,67.11,Itapemirim,ES,Sudeste,Atingiu ou superou,11.350000000000009
2024,3511508,Municipal,69.15,64.08,67.12,Cerquilho,SP,Sudeste,Atingiu ou superou,5.070000000000007
2024,2602209,Municipal,69.15,64.09,67.12,Bom Jardim,PE,Nordeste,Atingiu ou superou,5.060000000000002
2024,3548807,Municipal,66.12,64.1,67.13,São Caetano do Sul,SP,Sudeste,Atingiu ou superou,2.0200000000000102
2024,5107792,Municipal,75.82,64.12,67.14,Santo Antônio do Leste,MT,Centro-Oeste,Atingiu ou superou,11.699999999999989
2024,2202505,Municipal,49.31,64.12,67.14,Caracol,PI,Nordeste,Abaixo da meta,-14.810000000000002
2024,2919959,Municipal,47.37,64.12,67.15,Maetinga,BA,Nordeste,Abaixo da meta,-16.750000000000007
2024,3139904,Municipal,78.16,64.13,67.16,Maria da Fé,MG,Sudeste,Atingiu ou superou,14.030000000000001
2024,1503606,Municipal,59.22,64.14,67.16,Itaituba,PA,Norte,Abaixo da meta,-4.920000000000002
2024,4301875,Municipal,25.5,64.15,67.17,Barra do Quaraí,RS,Sul,Abaixo da meta,-38.650000000000006
2024,4311304,Municipal,54.6,64.16,67.18,Lagoa Vermelha,RS,Sul,Abaixo da meta,-9.559999999999995
2024,2209377,Municipal,51.64,64.16,67.18,Santa Rosa do Piauí,PI,Nordeste,Abaixo da meta,-12.519999999999996
2024,2111706,Municipal,76.82,64.17,67.18,São Vicente Ferrer,MA,Nordeste,Atingiu ou superou,12.649999999999991
2024,1101450,Municipal,70.6,64.17,67.19,Parecis,RO,Norte,Atingiu ou superou,6.429999999999993
2024,3116605,Municipal,82.99,64.18,67.2,Cláudio,MG,Sudeste,Atingiu ou superou,18.809999999999988
2024,4102802,Municipal,54.88,64.18,67.2,Bela Vista do Paraíso,PR,Sul,Abaixo da meta,-9.300000000000004
2024,2201556,Municipal,89.26,64.18,67.2,Bela Vista do Piauí,PI,Nordeste,Atingiu ou superou,25.08
2024,3126208,Municipal,74.9,64.21,67.22,Formoso,MG,Sudeste,Atingiu ou superou,10.690000000000012
2024,1711506,Municipal,62.32,64.21,67.22,Jaú do Tocantins,TO,Norte,Abaixo da meta,-1.8899999999999935
2024,3507456,Municipal,53.42,64.23,67.24,Borebi,SP,Sudeste,Abaixo da meta,-10.810000000000002
2024,3147808,Municipal,77.27,64.23,67.24,Passa-Vinte,MG,Sudeste,Atingiu ou superou,13.039999999999992
2024,2201176,Municipal,93.18,64.23,67.24,Barra D'Alcântara,PI,Nordeste,Atingiu ou superou,28.950000000000003
2024,3161809,Municipal,78.82,64.24,67.24,São Gonçalo do Pará,MG,Sudeste,Atingiu ou superou,14.579999999999998
2024,2101731,Municipal,72.29,64.24,67.24,Belágua,MA,Nordeste,Atingiu ou superou,8.050000000000011
2024,3132909,Municipal,80.11,64.25,67.25,Itamogi,MG,Sudeste,Atingiu ou superou,15.86
2024,4318309,Municipal,35.6,64.25,67.25,São Gabriel,RS,Sul,Abaixo da meta,-28.65
2024,2202851,Municipal,61.36,64.26,67.26,Coronel José Dias,PI,Nordeste,Abaixo da meta,-2.9000000000000057
2024,2600401,Municipal,55.57,64.26,67.26,Água Preta,PE,Nordeste,Abaixo da meta,-8.690000000000005
2024,3533908,Municipal,74.72,64.26,67.26,Olímpia,SP,Sudeste,Atingiu ou superou,10.459999999999994
2024,4204509,Municipal,79.7,64.27,67.27,Corupá,SC,Sul,Atingiu ou superou,15.430000000000007
2024,3169406,Municipal,81.66,64.27,67.27,Três Pontas,MG,Sudeste,Atingiu ou superou,17.39
2024,5101803,Municipal,68.34,64.28,67.28,Barra do Garças,MT,Centro-Oeste,Atingiu ou superou,4.060000000000002
2024,3508801,Municipal,61.51,64.3,67.29,Cafelândia,SP,Sudeste,Abaixo da meta,-2.789999999999999
2024,4112504,Municipal,77.74,64.31,67.3,Jardim Alegre,PR,Sul,Atingiu ou superou,13.429999999999993
2024,3533007,Municipal,59.94,64.31,67.3,Nova Granada,SP,Sudeste,Abaixo da meta,-4.3700000000000045
2024,2209401,Municipal,55.71,64.31,67.3,Santo Antônio de Lisboa,PI,Nordeste,Abaixo da meta,-8.600000000000001
2024,4307005,Municipal,45.9,64.31,67.3,Erechim,RS,Sul,Abaixo da meta,-18.410000000000004
2024,5203302,Municipal,62.27,64.32,67.31,Bela Vista de Goiás,GO,Centro-Oeste,Abaixo da meta,-2.04999999999999
2024,3509304,Municipal,60.42,64.32,67.31,Cajobi,SP,Sudeste,Abaixo da meta,-3.8999999999999915
2024,2609709,Municipal,91.54,64.34,67.32,Orobó,PE,Nordeste,Atingiu ou superou,27.200000000000003
2024,3115474,Municipal,75.75,64.35,67.33,Catuti,MG,Sudeste,Atingiu ou superou,11.400000000000006
2024,5214903,Municipal,71.43,64.38,67.36,Nova Roma,GO,Centro-Oeste,Atingiu ou superou,7.050000000000011
2024,4322400,Municipal,47.3,64.39,67.36,Uruguaiana,RS,Sul,Abaixo da meta,-17.090000000000003
2024,3159357,Municipal,58.94,64.4,67.37,Santa Rita de Minas,MG,Sudeste,Abaixo da meta,-5.460000000000008
2024,3526803,Municipal,63.65,64.4,67.37,Lençóis Paulista,SP,Sudeste,Abaixo da meta,-0.7500000000000071
2024,3202207,Municipal,62.28,64.41,67.38,Fundão,ES,Sudeste,Abaixo da meta,-2.1299999999999955
2024,3152131,Municipal,76.36,64.41,67.38,Ponto Chique,MG,Sudeste,Atingiu ou superou,11.950000000000003
2024,4321006,Municipal,68.4,64.43,67.4,Tapera,RS,Sul,Atingiu ou superou,3.969999999999999
2024,3159100,Municipal,94.44,64.44,67.4,Santana dos Montes,MG,Sudeste,Atingiu ou superou,30.0
2024,3148756,Municipal,91.18,64.45,67.41,Pedra Bonita,MG,Sudeste,Atingiu ou superou,26.730000000000004
2024,2102358,Municipal,54.91,64.45,67.41,Buritirana,MA,Nordeste,Abaixo da meta,-9.540000000000006
2024,3500501,Municipal,43.65,64.46,67.42,Águas de Lindóia,SP,Sudeste,Abaixo da meta,-20.809999999999995
2024,2502052,Municipal,93.94,64.46,67.42,Bernardino Batista,PB,Nordeste,Atingiu ou superou,29.480000000000004
2024,3549953,Municipal,58.4,64.46,67.42,São Lourenço da Serra,SP,Sudeste,Abaixo da meta,-6.059999999999995
2024,4202206,Municipal,71.71,64.47,67.43,Benedito Novo,SC,Sul,Atingiu ou superou,7.239999999999995
2024,3100104,Municipal,96.07,64.48,67.44,Abadia dos Dourados,MG,Sudeste,Atingiu ou superou,31.58999999999999
2024,2202554,Municipal,58.14,64.49,67.44,Caridade do Piauí,PI,Nordeste,Abaixo da meta,-6.349999999999994
2024,1505031,Municipal,56.8,64.5,67.45,Novo Progresso,PA,Norte,Abaixo da meta,-7.700000000000003
2024,3514106,Municipal,57.41,64.5,67.45,Dois Córregos,SP,Sudeste,Abaixo da meta,-7.090000000000003
2024,3520202,Municipal,50.61,64.51,67.46,Igaratá,SP,Sudeste,Abaixo da meta,-13.900000000000006
2024,3110806,Municipal,47.62,64.52,67.47,Campanário,MG,Sudeste,Abaixo da meta,-16.9
2024,4314308,Municipal,62.5,64.52,67.47,Pejuçara,RS,Sul,Abaixo da meta,-2.019999999999996
2024,4125001,Municipal,73.17,64.52,67.47,São João do Ivaí,PR,Sul,Atingiu ou superou,8.650000000000006
2024,3144003,Municipal,76.73,64.53,67.47,Mutum,MG,Sudeste,Atingiu ou superou,12.200000000000003
2024,4212809,Municipal,53.84,64.55,67.49,Balneário Piçarras,SC,Sul,Abaixo da meta,-10.709999999999994
2024,2506004,Municipal,64.21,64.55,67.49,Esperança,PB,Nordeste,Abaixo da meta,-0.3400000000000034
2024,2200608,Municipal,95.88,64.55,67.49,Angical do Piauí,PI,Nordeste,Atingiu ou superou,31.33
2024,1100403,Municipal,60.45,64.58,67.51,Alto Paraíso,RO,Norte,Abaixo da meta,-4.1299999999999955
2024,3153806,Municipal,95.0,64.59,67.52,Queluzito,MG,Sudeste,Atingiu ou superou,30.409999999999997
2024,3102001,Municipal,85.54,64.6,67.53,Alterosa,MG,Sudeste,Atingiu ou superou,20.940000000000012
2024,3533502,Municipal,75.66,64.6,67.53,Novo Horizonte,SP,Sudeste,Atingiu ou superou,11.060000000000002
2024,2611804,Municipal,65.68,64.61,67.54,Ribeirão,PE,Nordeste,Atingiu ou superou,1.0700000000000074
2024,1501758,Municipal,75.7,64.62,67.55,Brejo Grande do Araguaia,PA,Norte,Atingiu ou superou,11.079999999999998
2024,3158201,Municipal,66.73,64.62,67.55,Santa Maria do Suaçuí,MG,Sudeste,Atingiu ou superou,2.1099999999999994
2024,3143302,Municipal,75.18,64.62,67.55,Montes Claros,MG,Sudeste,Atingiu ou superou,10.560000000000002
2024,2105005,Municipal,59.22,64.63,67.55,Humberto de Campos,MA,Nordeste,Abaixo da meta,-5.409999999999997
2024,3507001,Municipal,69.83,64.65,67.57,Boituva,SP,Sudeste,Atingiu ou superou,5.179999999999993
2024,3523305,Municipal,70.98,64.65,67.57,Itariri,SP,Sudeste,Atingiu ou superou,6.329999999999998
2024,2102606,Municipal,49.53,64.65,67.57,Cândido Mendes,MA,Nordeste,Abaixo da meta,-15.120000000000005
2024,3170651,Municipal,89.89,64.67,67.59,Vargem Grande do Rio Pardo,MG,Sudeste,Atingiu ou superou,25.22
2024,3169802,Municipal,67.31,64.7,67.61,Turvolândia,MG,Sudeste,Atingiu ou superou,2.6099999999999994
2024,4217600,Municipal,53.57,64.7,67.61,Siderópolis,SC,Sul,Abaixo da meta,-11.130000000000003
2024,3109709,Municipal,81.11,64.71,67.62,Cachoeira de Minas,MG,Sudeste,Atingiu ou superou,16.400000000000006
2024,3137601,Municipal,72.24,64.72,67.63,Lagoa Santa,MG,Sudeste,Atingiu ou superou,7.519999999999996
2024,3523503,Municipal,54.18,64.72,67.63,Itatinga,SP,Sudeste,Abaixo da meta,-10.54
2024,3170800,Municipal,70.34,64.73,67.63,Várzea da Palma,MG,Sudeste,Atingiu ou superou,5.609999999999999
2024,5108907,Municipal,62.38,64.76,67.66,Nova Maringá,MT,Centro-Oeste,Abaixo da meta,-2.3800000000000026
2024,1508126,Municipal,61.52,64.77,67.67,Ulianópolis,PA,Norte,Abaixo da meta,-3.249999999999993
2024,3140308,Municipal,70.98,64.77,67.67,Marliéria,MG,Sudeste,Atingiu ou superou,6.210000000000008
2024,2601409,Municipal,53.05,64.79,67.68,Barreiros,PE,Nordeste,Abaixo da meta,-11.740000000000009
2024,2604809,Municipal,70.4,64.81,67.7,Cortês,PE,Nordeste,Atingiu ou superou,5.590000000000003
2024,1200500,Municipal,64.83,,67.71,Sena Madureira,AC,Norte,Sem dados para comparação,
2024,5004700,Municipal,68.78,64.82,67.71,Ivinhema,MS,Centro-Oeste,Atingiu ou superou,3.960000000000008
2024,3128808,Municipal,58.58,64.83,67.71,Guidoval,MG,Sudeste,Abaixo da meta,-6.25
2024,5216403,Municipal,67.88,64.83,67.71,Paraúna,GO,Centro-Oeste,Atingiu ou superou,3.049999999999997
2024,3148103,Municipal,76.21,64.83,67.71,Patrocínio,MG,Sudeste,Atingiu ou superou,11.379999999999995
2024,5104526,Municipal,59.46,64.83,67.71,Ipiranga do Norte,MT,Centro-Oeste,Abaixo da meta,-5.369999999999997
2024,1301654,Municipal,54.66,64.85,67.73,Guajará,AM,Norte,Abaixo da meta,-10.189999999999998
2024,2510907,Municipal,40.28,64.86,67.74,Paulista,PB,Nordeste,Abaixo da meta,-24.58
2024,4113601,Municipal,54.92,64.86,67.74,Lobato,PR,Sul,Abaixo da meta,-9.939999999999998
2024,3112703,Municipal,63.8,64.86,67.74,Capitão Enéas,MG,Sudeste,Abaixo da meta,-1.0600000000000023
2024,4119301,Municipal,61.33,64.88,67.75,Pinhão,PR,Sul,Abaixo da meta,-3.549999999999997
2024,4311270,Municipal,36.0,64.89,67.76,Lagoa dos Três Cantos,RS,Sul,Abaixo da meta,-28.89
2024,3507902,Municipal,56.01,64.89,67.77,Brotas,SP,Sudeste,Abaixo da meta,-8.880000000000003
2024,4118204,Municipal,61.71,64.89,67.77,Paranaguá,PR,Sul,Abaixo da meta,-3.1799999999999997
2024,2200400,Municipal,61.82,64.89,67.77,Altos,PI,Nordeste,Abaixo da meta,-3.0700000000000003
2024,4307054,Municipal,64.7,64.9,67.77,Ernestina,RS,Sul,Abaixo da meta,-0.20000000000000284
2024,3541901,Municipal,68.79,64.92,67.79,Queluz,SP,Sudeste,Atingiu ou superou,3.8700000000000045
2024,3548609,Municipal,57.89,64.92,67.79,São Bento do Sapucaí,SP,Sudeste,Abaixo da meta,-7.030000000000001
2024,3117801,Municipal,77.03,64.92,67.79,Conceição dos Ouros,MG,Sudeste,Atingiu ou superou,12.11
2024,5201504,Municipal,65.8,64.94,67.8,Aporé,GO,Centro-Oeste,Atingiu ou superou,0.8599999999999994
2024,1502202,Municipal,59.49,64.97,67.83,Capanema,PA,Norte,Abaixo da meta,-5.479999999999997
2024,3138906,Municipal,65.94,64.98,67.83,Machacalis,MG,Sudeste,Atingiu ou superou,0.9599999999999937
2024,4301602,Municipal,46.6,64.98,67.83,Bagé,RS,Sul,Abaixo da meta,-18.380000000000003
2024,3526506,Municipal,59.08,64.99,67.84,Lavínia,SP,Sudeste,Abaixo da meta,-5.909999999999997
2024,2615201,Municipal,71.07,64.99,67.85,Terra Nova,PE,Nordeste,Atingiu ou superou,6.079999999999998
2024,3135902,Municipal,81.14,65.01,67.86,Jesuânia,MG,Sudeste,Atingiu ou superou,16.129999999999995
2024,2205854,Municipal,55.88,65.01,67.86,Madeiro,PI,Nordeste,Abaixo da meta,-9.130000000000003
2024,4308300,Municipal,60.0,65.01,67.86,Fontoura Xavier,RS,Sul,Abaixo da meta,-5.010000000000005
2024,2601003,Municipal,62.41,65.01,67.86,Angelim,PE,Nordeste,Abaixo da meta,-2.6000000000000085
2024,3553856,Municipal,47.19,65.02,67.87,Taquarivaí,SP,Sudeste,Abaixo da meta,-17.83
2024,1700251,Municipal,75.0,65.03,67.87,Abreulândia,TO,Norte,Atingiu ou superou,9.969999999999999
2024,2205706,Municipal,51.6,65.03,67.87,Luís Correia,PI,Nordeste,Abaixo da meta,-13.43
2024,4313490,Municipal,37.0,65.03,67.87,Novo Barreiro,RS,Sul,Abaixo da meta,-28.03
2024,2904209,Municipal,47.37,65.03,67.88,Botuporã,BA,Nordeste,Abaixo da meta,-17.660000000000004
2024,3540002,Municipal,60.32,65.04,67.88,Pompéia,SP,Sudeste,Abaixo da meta,-4.720000000000006
2024,1705557,Municipal,56.14,65.04,67.88,Combinado,TO,Norte,Abaixo da meta,-8.900000000000006
2024,1502152,Municipal,65.12,65.05,67.89,Canaã dos Carajás,PA,Norte,Atingiu ou superou,0.07000000000000739
2024,2105906,Municipal,76.73,65.07,67.9,Lago Verde,MA,Nordeste,Atingiu ou superou,11.66000000000001
2024,3553708,Municipal,72.83,65.07,67.9,Taquaritinga,SP,Sudeste,Atingiu ou superou,7.760000000000005
2024,3171071,Municipal,77.02,65.08,67.91,Veredinha,MG,Sudeste,Atingiu ou superou,11.939999999999998
2024,3127404,Municipal,77.02,65.09,67.92,Gonçalves,MG,Sudeste,Atingiu ou superou,11.929999999999993
2024,2516755,Municipal,48.73,65.1,67.93,Tenório,PB,Nordeste,Abaixo da meta,-16.369999999999997
2024,4202859,Municipal,64.21,65.11,67.94,Braço do Trombudo,SC,Sul,Abaixo da meta,-0.9000000000000057
2024,2913002,Municipal,37.36,65.11,67.94,Ibitiara,BA,Nordeste,Abaixo da meta,-27.75
2024,3528601,Municipal,65.64,65.13,67.96,Manduri,SP,Sudeste,Atingiu ou superou,0.5100000000000051
2024,4214003,Municipal,55.72,65.13,67.96,Presidente Getúlio,SC,Sul,Abaixo da meta,-9.409999999999997
2024,5102637,Municipal,69.9,65.16,67.98,Campo Novo do Parecis,MT,Centro-Oeste,Atingiu ou superou,4.740000000000009
2024,3168804,Municipal,68.34,65.18,68.0,Tiradentes,MG,Sudeste,Atingiu ou superou,3.1599999999999966
2024,3145505,Municipal,94.29,65.19,68.0,Olímpio Noronha,MG,Sudeste,Atingiu ou superou,29.10000000000001
2024,3518503,Municipal,68.52,65.19,68.0,Guareí,SP,Sudeste,Atingiu ou superou,3.3299999999999983
2024,2111201,Municipal,56.58,65.19,68.0,São José de Ribamar,MA,Nordeste,Abaixo da meta,-8.61
2024,5213806,Municipal,65.87,65.2,68.01,Morrinhos,GO,Centro-Oeste,Atingiu ou superou,0.6700000000000017
2024,4122206,Municipal,61.35,65.21,68.02,Rio Branco do Sul,PR,Sul,Abaixo da meta,-3.8599999999999923
2024,1100023,Municipal,65.62,65.22,68.02,Ariquemes,RO,Norte,Atingiu ou superou,0.4000000000000057
2024,5105580,Municipal,65.36,65.23,68.03,Marcelândia,MT,Centro-Oeste,Atingiu ou superou,0.12999999999999545
2024,5101308,Municipal,58.62,65.24,68.04,Arenápolis,MT,Centro-Oeste,Abaixo da meta,-6.619999999999997
2024,3514809,Municipal,75.19,65.24,68.04,Eldorado,SP,Sudeste,Atingiu ou superou,9.950000000000003
2024,3547502,Municipal,67.97,65.26,68.06,Santa Rita do Passa Quatro,SP,Sudeste,Atingiu ou superou,2.7099999999999937
2024,3135001,Municipal,84.51,65.26,68.06,Jaguaraçu,MG,Sudeste,Atingiu ou superou,19.25
2024,1707652,Municipal,51.74,65.27,68.06,Figueirópolis,TO,Norte,Abaixo da meta,-13.529999999999994
2024,4313409,Municipal,36.0,65.27,68.07,Novo Hamburgo,RS,Sul,Abaixo da meta,-29.269999999999996
2024,2504603,Municipal,69.48,65.28,68.08,Conde,PB,Nordeste,Atingiu ou superou,4.200000000000003
2024,3526902,Municipal,62.75,65.28,68.08,Limeira,SP,Sudeste,Abaixo da meta,-2.530000000000001
2024,2611606,Municipal,54.36,65.29,68.08,Recife,PE,Nordeste,Abaixo da meta,-10.930000000000007
2024,4101051,Municipal,69.97,65.3,68.09,Anahy,PR,Sul,Atingiu ou superou,4.670000000000002
2024,4112702,Municipal,60.93,65.3,68.09,Jataizinho,PR,Sul,Abaixo da meta,-4.369999999999997
2024,3510203,Municipal,74.63,65.3,68.09,Capão Bonito,SP,Sudeste,Atingiu ou superou,9.329999999999998
2024,3162955,Municipal,75.09,65.31,68.1,São José da Lapa,MG,Sudeste,Atingiu ou superou,9.780000000000001
2024,1100254,Municipal,71.14,65.31,68.1,Presidente Médici,RO,Norte,Atingiu ou superou,5.829999999999998
2024,3120706,Municipal,80.92,65.32,68.1,Cruzeiro da Fortaleza,MG,Sudeste,Atingiu ou superou,15.600000000000009
2024,3552700,Municipal,62.83,65.32,68.11,Tabatinga,SP,Sudeste,Abaixo da meta,-2.489999999999995
2024,4115101,Municipal,52.21,65.33,68.12,Mariluz,PR,Sul,Abaixo da meta,-13.119999999999997
2024,3147204,Municipal,69.21,65.34,68.12,Paraguaçu,MG,Sudeste,Atingiu ou superou,3.8699999999999903
2024,3300225,Municipal,63.64,65.34,68.12,Areal,RJ,Sudeste,Abaixo da meta,-1.7000000000000028
2024,3301876,Municipal,70.32,65.34,68.12,Iguaba Grande,RJ,Sudeste,Atingiu ou superou,4.97999999999999
2024,1505502,Municipal,56.72,65.34,68.12,Paragominas,PA,Norte,Abaixo da meta,-8.620000000000005
2024,4204350,Municipal,65.36,,68.14,Cordilheira Alta,SC,Sul,Sem dados para comparação,
2024,3204203,Municipal,70.65,65.36,68.14,Piúma,ES,Sudeste,Atingiu ou superou,5.290000000000006
2024,2207108,Municipal,85.71,65.38,68.16,Olho D'Água do Piauí,PI,Nordeste,Atingiu ou superou,20.33
2024,3118502,Municipal,38.89,65.38,68.16,Consolação,MG,Sudeste,Abaixo da meta,-26.489999999999995
2024,4314134,Municipal,50.0,65.38,68.16,Paulo Bento,RS,Sul,Abaixo da meta,-15.379999999999995
2024,1100049,Municipal,65.81,65.39,68.16,Cacoal,RO,Norte,Atingiu ou superou,0.4200000000000017
2024,3146552,Municipal,76.4,65.4,68.17,Pai Pedro,MG,Sudeste,Atingiu ou superou,11.0
2024,3303906,Municipal,64.81,65.4,68.17,Petrópolis,RJ,Sudeste,Abaixo da meta,-0.5900000000000034
2024,4103602,Municipal,58.04,65.41,68.18,Cambará,PR,Sul,Abaixo da meta,-7.369999999999997
2024,4116604,Municipal,78.8,65.42,68.18,Nova América da Colina,PR,Sul,Atingiu ou superou,13.379999999999995
2024,2926806,Municipal,43.82,65.42,68.18,Rio do Antônio,BA,Nordeste,Abaixo da meta,-21.6
2024,4318606,Municipal,37.2,65.42,68.18,São José do Ouro,RS,Sul,Abaixo da meta,-28.22
2024,2611200,Municipal,64.18,65.42,68.19,Poção,PE,Nordeste,Abaixo da meta,-1.2399999999999949
2024,4201901,Municipal,77.09,65.45,68.21,Aurora,SC,Sul,Atingiu ou superou,11.64
2024,3152907,Municipal,88.36,65.46,68.22,Pratápolis,MG,Sudeste,Atingiu ou superou,22.900000000000006
2024,2606804,Municipal,66.97,65.47,68.23,Igarassu,PE,Nordeste,Atingiu ou superou,1.5
2024,4117305,Municipal,58.43,65.49,68.24,Ortigueira,PR,Sul,Abaixo da meta,-7.059999999999995
2024,2300309,Municipal,64.59,65.49,68.24,Acopiara,CE,Nordeste,Abaixo da meta,-0.8999999999999915
2024,2616506,Municipal,81.33,65.51,68.26,Xexéu,PE,Nordeste,Atingiu ou superou,15.819999999999993
2024,2110856,Municipal,42.73,65.51,68.26,São Francisco do Brejão,MA,Nordeste,Abaixo da meta,-22.78000000000001
2024,4310413,Municipal,35.3,65.51,68.26,Inhacorá,RS,Sul,Abaixo da meta,-30.210000000000008
2024,3151107,Municipal,66.15,65.52,68.27,Pirapetinga,MG,Sudeste,Atingiu ou superou,0.6300000000000097
2024,3171303,Municipal,72.11,65.52,68.27,Viçosa,MG,Sudeste,Atingiu ou superou,6.590000000000003
2024,1300060,Municipal,64.58,65.52,68.27,Amaturá,AM,Norte,Abaixo da meta,-0.9399999999999977
2024,3142601,Municipal,78.89,65.54,68.28,Monsenhor Paulo,MG,Sudeste,Atingiu ou superou,13.349999999999994
2024,3121308,Municipal,73.05,65.54,68.28,Descoberto,MG,Sudeste,Atingiu ou superou,7.509999999999991
2024,3103751,Municipal,73.61,65.56,68.3,Araporã,MG,Sudeste,Atingiu ou superou,8.049999999999997
2024,5205521,Municipal,58.9,65.56,68.3,Colinas do Sul,GO,Centro-Oeste,Abaixo da meta,-6.660000000000004
2024,3515400,Municipal,82.78,65.56,68.3,Fartura,SP,Sudeste,Atingiu ou superou,17.22
2024,3556602,Municipal,50.96,65.56,68.3,Vera Cruz,SP,Sudeste,Abaixo da meta,-14.600000000000001
2024,3105202,Municipal,77.5,65.57,68.31,Bandeira,MG,Sudeste,Atingiu ou superou,11.930000000000007
2024,4119152,Municipal,57.37,65.58,68.31,Pinhais,PR,Sul,Abaixo da meta,-8.21
2024,3145877,Municipal,75.97,65.59,68.32,Orizânia,MG,Sudeste,Atingiu ou superou,10.379999999999995
2024,1507904,Municipal,52.41,65.61,68.33,Soure,PA,Norte,Abaixo da meta,-13.200000000000003
2024,2109270,Municipal,39.6,65.63,68.35,Presidente Sarney,MA,Nordeste,Abaixo da meta,-26.029999999999994
2024,3505708,Municipal,68.13,65.63,68.35,Barueri,SP,Sudeste,Atingiu ou superou,2.5
2024,4108106,Municipal,78.57,65.64,68.36,Flórida,PR,Sul,Atingiu ou superou,12.929999999999993
2024,3524709,Municipal,70.22,65.65,68.37,Jaguariúna,SP,Sudeste,Atingiu ou superou,4.569999999999993
2024,1100114,Municipal,63.99,65.65,68.37,Jaru,RO,Norte,Abaixo da meta,-1.6600000000000037
2024,3550902,Municipal,65.55,65.66,68.38,São Simão,SP,Sudeste,Abaixo da meta,-0.10999999999999943
2024,1100064,Municipal,71.69,65.67,68.39,Colorado do Oeste,RO,Norte,Atingiu ou superou,6.019999999999996
2024,4321501,Municipal,44.0,65.68,68.39,Torres,RS,Sul,Abaixo da meta,-21.680000000000007
2024,3539509,Municipal,67.24,65.71,68.42,Pitangueiras,SP,Sudeste,Atingiu ou superou,1.5300000000000011
2024,3157708,Municipal,58.13,65.71,68.42,Santa Juliana,MG,Sudeste,Abaixo da meta,-7.579999999999991
2024,3542800,Municipal,53.85,65.71,68.42,Ribeira,SP,Sudeste,Abaixo da meta,-11.859999999999992
2024,4304002,Municipal,46.8,65.72,68.43,Campo Novo,RS,Sul,Abaixo da meta,-18.92
2024,3160306,Municipal,65.72,65.75,68.45,Santo Antônio do Jacinto,MG,Sudeste,Abaixo da meta,-0.030000000000001137
2024,3131158,Municipal,77.71,65.76,68.46,Ipaba,MG,Sudeste,Atingiu ou superou,11.949999999999989
2024,2413003,Municipal,47.83,65.76,68.46,São Vicente,RN,Nordeste,Abaixo da meta,-17.930000000000007
2024,4102703,Municipal,72.41,65.76,68.46,Barra do Jacaré,PR,Sul,Atingiu ou superou,6.6499999999999915
2024,4203154,Municipal,57.9,65.76,68.46,Calmon,SC,Sul,Abaixo da meta,-7.8600000000000065
2024,5106273,Municipal,69.12,65.77,68.47,Novo Horizonte do Norte,MT,Centro-Oeste,Atingiu ou superou,3.3500000000000085
2024,2602704,Municipal,85.53,65.79,68.48,Buenos Aires,PE,Nordeste,Atingiu ou superou,19.739999999999995
2024,2604403,Municipal,63.28,65.79,68.48,Chã de Alegria,PE,Nordeste,Abaixo da meta,-2.510000000000005
2024,2610608,Municipal,66.03,65.79,68.48,Paudalho,PE,Nordeste,Atingiu ou superou,0.23999999999999488
2024,3134202,Municipal,66.72,65.79,68.48,Ituiutaba,MG,Sudeste,Atingiu ou superou,0.9299999999999926
2024,3301801,Municipal,55.56,65.8,68.49,Engenheiro Paulo de Frontin,RJ,Sudeste,Abaixo da meta,-10.239999999999995
2024,3109105,Municipal,82.56,65.8,68.49,Bueno Brandão,MG,Sudeste,Atingiu ou superou,16.760000000000005
2024,1100338,Municipal,45.3,65.81,68.5,Nova Mamoré,RO,Norte,Abaixo da meta,-20.510000000000005
2024,1101500,Municipal,66.06,65.81,68.5,Seringueiras,RO,Norte,Atingiu ou superou,0.25
2024,3203502,Municipal,80.21,65.84,68.52,Montanha,ES,Sudeste,Atingiu ou superou,14.36999999999999
2024,4217402,Municipal,75.91,65.84,68.52,Schroeder,SC,Sul,Atingiu ou superou,10.069999999999993
2024,4212304,Municipal,40.02,65.85,68.53,Paulo Lopes,SC,Sul,Abaixo da meta,-25.82999999999999
2024,3140100,Municipal,56.14,65.87,68.55,Marilac,MG,Sudeste,Abaixo da meta,-9.730000000000004
2024,5102850,Municipal,64.87,65.88,68.55,Castanheira,MT,Centro-Oeste,Abaixo da meta,-1.009999999999991
2024,3169109,Municipal,89.2,65.89,68.56,Toledo,MG,Sudeste,Atingiu ou superou,23.310000000000002
2024,3514403,Municipal,62.74,65.9,68.57,Dracena,SP,Sudeste,Abaixo da meta,-3.1600000000000037
2024,1718899,Municipal,43.12,65.92,68.59,Santa Rita do Tocantins,TO,Norte,Abaixo da meta,-22.800000000000004
2024,4315073,Municipal,88.2,65.93,68.59,Porto Vera Cruz,RS,Sul,Atingiu ou superou,22.269999999999996
2024,4213203,Municipal,70.85,65.94,68.6,Pomerode,SC,Sul,Atingiu ou superou,4.909999999999997
2024,3114402,Municipal,68.35,65.96,68.62,Carmo do Rio Claro,MG,Sudeste,Atingiu ou superou,2.3900000000000006
2024,4127106,Municipal,61.71,65.96,68.62,Telêmaco Borba,PR,Sul,Abaixo da meta,-4.249999999999993
2024,4108809,Municipal,69.53,65.99,68.64,Guaíra,PR,Sul,Atingiu ou superou,3.5400000000000063
2024,3136801,Municipal,55.56,65.99,68.64,Juramento,MG,Sudeste,Abaixo da meta,-10.429999999999993
2024,4308508,Municipal,53.8,65.99,68.64,Frederico Westphalen,RS,Sul,Abaixo da meta,-12.189999999999998
2024,4312377,Municipal,36.2,66.01,68.66,Monte Alegre dos Campos,RS,Sul,Abaixo da meta,-29.810000000000002
2024,5208004,Municipal,64.02,66.03,68.67,Formosa,GO,Centro-Oeste,Abaixo da meta,-2.010000000000005
2024,4209607,Municipal,72.59,66.04,68.69,Lauro Muller,SC,Sul,Atingiu ou superou,6.549999999999997
2024,4307708,Municipal,47.0,66.11,68.74,Esteio,RS,Sul,Abaixo da meta,-19.11
2024,3150703,Municipal,76.8,66.13,68.75,Pirajuba,MG,Sudeste,Atingiu ou superou,10.670000000000002
2024,5107180,Municipal,70.87,66.14,68.76,Ribeirão Cascalheira,MT,Centro-Oeste,Atingiu ou superou,4.730000000000004
2024,4305975,Municipal,52.3,66.14,68.76,Coxilha,RS,Sul,Abaixo da meta,-13.840000000000003
2024,2931053,Municipal,61.8,66.17,68.78,Tanque Novo,BA,Nordeste,Abaixo da meta,-4.3700000000000045
2024,3125804,Municipal,52.38,66.17,68.78,Fernandes Tourinho,MG,Sudeste,Abaixo da meta,-13.79
2024,3121100,Municipal,93.02,66.18,68.79,Delfim Moreira,MG,Sudeste,Atingiu ou superou,26.83999999999999
2024,4127882,Municipal,75.01,66.18,68.79,Tunas do Paraná,PR,Sul,Atingiu ou superou,8.829999999999998
2024,3203809,Municipal,75.56,66.19,68.8,Muqui,ES,Sudeste,Atingiu ou superou,9.370000000000005
2024,3535606,Municipal,58.56,66.21,68.82,Paraibuna,SP,Sudeste,Abaixo da meta,-7.6499999999999915
2024,3305505,Municipal,62.51,66.24,68.84,Saquarema,RJ,Sudeste,Abaixo da meta,-3.729999999999997
2024,3105509,Municipal,89.21,66.24,68.84,Barão de Monte Alto,MG,Sudeste,Atingiu ou superou,22.97
2024,3152204,Municipal,70.05,66.24,68.84,Porteirinha,MG,Sudeste,Atingiu ou superou,3.8100000000000023
2024,3556800,Municipal,60.23,66.25,68.85,Viradouro,SP,Sudeste,Abaixo da meta,-6.020000000000003
2024,3500204,Municipal,85.8,66.25,68.85,Adolfo,SP,Sudeste,Atingiu ou superou,19.549999999999997
2024,5201702,Municipal,72.16,66.26,68.86,Aragarças,GO,Centro-Oeste,Atingiu ou superou,5.8999999999999915
2024,3544301,Municipal,67.2,66.26,68.86,Roseira,SP,Sudeste,Atingiu ou superou,0.9399999999999977
2024,4314159,Municipal,40.7,66.28,68.87,Paverama,RS,Sul,Abaixo da meta,-25.58
2024,2102036,Municipal,63.18,66.3,68.89,Bom Jesus das Selvas,MA,Nordeste,Abaixo da meta,-3.1199999999999974
2024,3302452,Municipal,77.99,66.31,68.9,Macuco,RJ,Sudeste,Atingiu ou superou,11.679999999999993
2024,4309209,Municipal,41.0,66.33,68.91,Gravataí,RS,Sul,Abaixo da meta,-25.33
2024,3143104,Municipal,84.51,66.33,68.91,Monte Carmelo,MG,Sudeste,Atingiu ou superou,18.180000000000007
2024,4305603,Municipal,90.0,66.33,68.91,Colorado,RS,Sul,Atingiu ou superou,23.67
2024,4314472,Municipal,47.5,66.33,68.91,Pinhal Grande,RS,Sul,Abaixo da meta,-18.83
2024,4201257,Municipal,70.88,66.35,68.93,Apiúna,SC,Sul,Atingiu ou superou,4.530000000000001
2024,1708205,Municipal,45.42,66.36,68.94,Formoso do Araguaia,TO,Norte,Abaixo da meta,-20.939999999999998
2024,3543253,Municipal,60.84,66.37,68.94,Ribeirão Grande,SP,Sudeste,Abaixo da meta,-5.530000000000001
2024,3305307,Municipal,49.68,66.38,68.95,São Sebastião do Alto,RJ,Sudeste,Abaixo da meta,-16.699999999999996
2024,3170305,Municipal,52.43,66.38,68.95,Umburatiba,MG,Sudeste,Abaixo da meta,-13.949999999999996
2024,5204953,Municipal,82.8,66.38,68.96,Campos Verdes,GO,Centro-Oeste,Atingiu ou superou,16.42
2024,4305355,Municipal,51.3,66.43,68.99,Charqueadas,RS,Sul,Abaixo da meta,-15.13000000000001
2024,4211058,Municipal,52.67,66.43,68.99,Monte Carlo,SC,Sul,Abaixo da meta,-13.760000000000005
2024,2917409,Municipal,56.86,66.43,69.0,Jacaraci,BA,Nordeste,Abaixo da meta,-9.570000000000007
2024,3503703,Municipal,87.22,66.43,69.0,Ariranha,SP,Sudeste,Atingiu ou superou,20.789999999999992
2024,3106002,Municipal,73.62,66.46,69.02,Bela Vista de Minas,MG,Sudeste,Atingiu ou superou,7.160000000000011
2024,2106631,Municipal,57.42,66.46,69.02,Matões do Norte,MA,Nordeste,Abaixo da meta,-9.039999999999992
2024,3166907,Municipal,80.88,66.47,69.02,Serrania,MG,Sudeste,Atingiu ou superou,14.409999999999997
2024,3146008,Municipal,84.81,66.49,69.04,Ouro Fino,MG,Sudeste,Atingiu ou superou,18.320000000000007
2024,3524600,Municipal,54.8,66.5,69.05,Jacupiranga,SP,Sudeste,Abaixo da meta,-11.700000000000003
2024,3133402,Municipal,77.3,66.51,69.06,Itapagipe,MG,Sudeste,Atingiu ou superou,10.789999999999992
2024,3157336,Municipal,43.82,66.51,69.06,Santa Cruz de Minas,MG,Sudeste,Abaixo da meta,-22.690000000000005
2024,4304705,Municipal,42.0,66.52,69.06,Carazinho,RS,Sul,Abaixo da meta,-24.519999999999996
2024,4306908,Municipal,39.4,66.52,69.06,Encruzilhada do Sul,RS,Sul,Abaixo da meta,-27.119999999999997
2024,4202404,Municipal,64.77,66.53,69.08,Blumenau,SC,Sul,Abaixo da meta,-1.7600000000000051
2024,2503407,Municipal,52.5,66.53,69.08,Cacimba de Areia,PB,Nordeste,Abaixo da meta,-14.030000000000001
2024,3115003,Municipal,85.84,66.54,69.08,Cascalho Rico,MG,Sudeste,Atingiu ou superou,19.299999999999997
2024,3137403,Municipal,87.23,66.55,69.09,Lagoa Dourada,MG,Sudeste,Atingiu ou superou,20.680000000000007
2024,4321204,Municipal,44.6,66.57,69.1,Taquara,RS,Sul,Abaixo da meta,-21.96999999999999
2024,5105259,Municipal,73.53,66.59,69.12,Lucas do Rio Verde,MT,Centro-Oeste,Atingiu ou superou,6.939999999999998
2024,2106508,Municipal,46.67,66.6,69.13,Matinha,MA,Nordeste,Abaixo da meta,-19.929999999999993
2024,2611705,Municipal,68.11,66.6,69.13,Riacho das Almas,PE,Nordeste,Atingiu ou superou,1.5100000000000051
2024,3166402,Municipal,75.0,66.62,69.15,Seritinga,MG,Sudeste,Atingiu ou superou,8.379999999999995
2024,5211909,Municipal,69.92,66.63,69.15,Jataí,GO,Centro-Oeste,Atingiu ou superou,3.2900000000000063
2024,5209903,Municipal,65.45,66.63,69.15,Iaciara,GO,Centro-Oeste,Abaixo da meta,-1.1799999999999926
2024,3156908,Municipal,79.62,66.63,69.15,Sacramento,MG,Sudeste,Atingiu ou superou,12.990000000000009
2024,3138658,Municipal,78.07,66.64,69.16,Lontra,MG,Sudeste,Atingiu ou superou,11.429999999999993
2024,3508108,Municipal,67.83,66.64,69.16,Buritama,SP,Sudeste,Atingiu ou superou,1.1899999999999977
2024,2500809,Municipal,47.88,66.65,69.17,Araçagi,PB,Nordeste,Abaixo da meta,-18.770000000000003
2024,5212501,Municipal,66.27,66.66,69.18,Luziânia,GO,Centro-Oeste,Abaixo da meta,-0.39000000000000057
2024,3116803,Municipal,91.21,66.67,69.19,Coluna,MG,Sudeste,Atingiu ou superou,24.539999999999992
2024,4309258,Municipal,66.7,,69.21,Guabiju,RS,Sul,Sem dados para comparação,
2024,4213351,Municipal,70.19,66.7,69.21,Ponte Alta do Norte,SC,Sul,Atingiu ou superou,3.489999999999995
2024,5210109,Municipal,74.13,66.71,69.21,Ipameri,GO,Centro-Oeste,Atingiu ou superou,7.420000000000002
2024,3202256,Municipal,77.12,66.72,69.23,Governador Lindenberg,ES,Sudeste,Atingiu ou superou,10.400000000000006
2024,3163706,Municipal,85.37,66.73,69.23,São Lourenço,MG,Sudeste,Atingiu ou superou,18.64
2024,4128104,Municipal,63.1,66.74,69.24,Umuarama,PR,Sul,Abaixo da meta,-3.6399999999999935
2024,4110607,Municipal,68.95,66.75,69.25,Iporã,PR,Sul,Atingiu ou superou,2.200000000000003
2024,3203205,Municipal,67.59,66.76,69.25,Linhares,ES,Sudeste,Atingiu ou superou,0.8299999999999983
2024,1711100,Municipal,24.0,66.76,69.25,Itaporã do Tocantins,TO,Norte,Abaixo da meta,-42.760000000000005
2024,4208500,Municipal,77.25,66.76,69.26,Ituporanga,SC,Sul,Atingiu ou superou,10.489999999999995
2024,2510402,Municipal,89.36,66.76,69.26,Olho d'Água,PB,Nordeste,Atingiu ou superou,22.599999999999994
2024,3149606,Municipal,81.37,66.77,69.27,Pequi,MG,Sudeste,Atingiu ou superou,14.600000000000009
2024,5209200,Municipal,70.28,66.78,69.27,Guapó,GO,Centro-Oeste,Atingiu ou superou,3.5
2024,2206803,Municipal,45.57,66.78,69.27,Nossa Senhora dos Remédios,PI,Nordeste,Abaixo da meta,-21.21
2024,5106224,Municipal,74.86,66.79,69.28,Nova Mutum,MT,Centro-Oeste,Atingiu ou superou,8.069999999999993
2024,3110202,Municipal,69.57,66.8,69.29,Cajuri,MG,Sudeste,Atingiu ou superou,2.769999999999996
2024,3541208,Municipal,79.72,66.81,69.3,Presidente Bernardes,SP,Sudeste,Atingiu ou superou,12.909999999999997
2024,4219176,Municipal,67.69,66.82,69.31,Vargem Bonita,SC,Sul,Atingiu ou superou,0.8700000000000045
2024,3124302,Municipal,62.4,66.83,69.31,Espinosa,MG,Sudeste,Abaixo da meta,-4.43
2024,4212700,Municipal,66.84,,69.32,Petrolândia,SC,Sul,Sem dados para comparação,
2024,2924702,Municipal,56.47,66.84,69.32,Piripá,BA,Nordeste,Abaixo da meta,-10.370000000000005
2024,3122405,Municipal,67.64,66.86,69.33,Divisa Nova,MG,Sudeste,Atingiu ou superou,0.7800000000000011
2024,4209508,Municipal,60.32,66.86,69.33,Laurentino,SC,Sul,Abaixo da meta,-6.539999999999999
2024,5203104,Municipal,89.49,66.86,69.34,Baliza,GO,Centro-Oeste,Atingiu ou superou,22.629999999999995
2024,4203600,Municipal,64.77,66.86,69.34,Campos Novos,SC,Sul,Abaixo da meta,-2.0900000000000034
2024,3108255,Municipal,49.15,66.87,69.35,Bonito de Minas,MG,Sudeste,Abaixo da meta,-17.720000000000006
2024,3156106,Municipal,81.94,66.87,69.35,Ritápolis,MG,Sudeste,Atingiu ou superou,15.069999999999993
2024,3129657,Municipal,37.74,66.87,69.35,Ibiracatu,MG,Sudeste,Abaixo da meta,-29.130000000000003
2024,3303609,Municipal,69.98,66.88,69.35,Paracambi,RJ,Sudeste,Atingiu ou superou,3.1000000000000085
2024,3529708,Municipal,29.09,66.88,69.35,Miguelópolis,SP,Sudeste,Abaixo da meta,-37.78999999999999
2024,1302405,Municipal,66.7,66.9,69.37,Lábrea,AM,Norte,Abaixo da meta,-0.20000000000000284
2024,3543303,Municipal,66.4,66.91,69.38,Ribeirão Pires,SP,Sudeste,Abaixo da meta,-0.5099999999999909
2024,5214838,Municipal,71.87,66.92,69.39,Nova Crixás,GO,Centro-Oeste,Atingiu ou superou,4.950000000000003
2024,4126652,Municipal,74.93,66.92,69.39,Sulina,PR,Sul,Atingiu ou superou,8.010000000000005
2024,2707800,Municipal,45.95,66.92,69.39,Roteiro,AL,Nordeste,Abaixo da meta,-20.97
2024,4317509,Municipal,41.5,66.92,69.39,Santo Ângelo,RS,Sul,Abaixo da meta,-25.42
2024,4108007,Municipal,63.48,66.94,69.4,Florestópolis,PR,Sul,Abaixo da meta,-3.460000000000001
2024,3529302,Municipal,62.33,66.95,69.41,Matão,SP,Sudeste,Abaixo da meta,-4.6200000000000045
2024,2515104,Municipal,57.17,66.95,69.41,São Sebastião de Lagoa de Roça,PB,Nordeste,Abaixo da meta,-9.780000000000001
2024,3556305,Municipal,70.44,66.97,69.43,Valparaíso,SP,Sudeste,Atingiu ou superou,3.469999999999999
2024,3536208,Municipal,61.36,67.0,69.45,Pariquera-Açu,SP,Sudeste,Abaixo da meta,-5.640000000000001
2024,3510401,Municipal,66.48,67.01,69.46,Capivari,SP,Sudeste,Abaixo da meta,-0.5300000000000011
2024,4122909,Municipal,73.64,67.05,69.49,Salto do Itararé,PR,Sul,Atingiu ou superou,6.590000000000003
2024,3169901,Municipal,79.09,67.05,69.49,Ubá,MG,Sudeste,Atingiu ou superou,12.040000000000006
2024,3527405,Municipal,68.26,67.06,69.5,Lucélia,SP,Sudeste,Atingiu ou superou,1.2000000000000028
2024,3304607,Municipal,65.02,67.06,69.5,Santa Maria Madalena,RJ,Sudeste,Abaixo da meta,-2.0400000000000063
2024,3113503,Municipal,70.78,67.08,69.51,Carbonita,MG,Sudeste,Atingiu ou superou,3.700000000000003
2024,1100015,Municipal,67.79,67.08,69.51,Alta Floresta D'Oeste,RO,Norte,Atingiu ou superou,0.710000000000008
2024,3518859,Municipal,33.82,67.08,69.51,Guatapará,SP,Sudeste,Abaixo da meta,-33.26
2024,2111508,Municipal,66.16,67.09,69.52,São Mateus do Maranhão,MA,Nordeste,Abaixo da meta,-0.9300000000000068
2024,5200803,Municipal,64.99,67.1,69.53,Alvorada do Norte,GO,Centro-Oeste,Abaixo da meta,-2.1099999999999994
2024,3534906,Municipal,53.27,67.13,69.55,Pacaembu,SP,Sudeste,Abaixo da meta,-13.859999999999992
2024,4300059,Municipal,55.1,67.13,69.55,Água Santa,RS,Sul,Abaixo da meta,-12.029999999999994
2024,3545001,Municipal,65.52,67.15,69.57,Salesópolis,SP,Sudeste,Abaixo da meta,-1.6300000000000097
2024,3148608,Municipal,61.48,67.16,69.58,Peçanha,MG,Sudeste,Abaixo da meta,-5.68
2024,3200359,Municipal,83.48,67.16,69.58,Alto Rio Novo,ES,Sudeste,Atingiu ou superou,16.320000000000007
2024,3131307,Municipal,70.92,67.17,69.58,Ipatinga,MG,Sudeste,Atingiu ou superou,3.75
2024,1303007,Municipal,57.1,67.18,69.59,Nhamundá,AM,Norte,Abaixo da meta,-10.080000000000005
2024,4202537,Municipal,55.49,67.18,69.59,Bom Jesus,SC,Sul,Abaixo da meta,-11.690000000000005
2024,4114708,Municipal,49.96,67.2,69.61,Maria Helena,PR,Sul,Abaixo da meta,-17.240000000000002
2024,2410009,Municipal,63.16,67.21,69.62,Pilões,RN,Nordeste,Abaixo da meta,-4.049999999999997
2024,4314175,Municipal,55.9,67.21,69.62,Pedras Altas,RS,Sul,Abaixo da meta,-11.309999999999995
2024,3538808,Municipal,71.36,67.22,69.62,Piraju,SP,Sudeste,Atingiu ou superou,4.140000000000001
2024,2102556,Municipal,61.7,67.22,69.62,Campestre do Maranhão,MA,Nordeste,Abaixo da meta,-5.519999999999996
2024,4105607,Municipal,63.42,67.22,69.62,Cidade Gaúcha,PR,Sul,Abaixo da meta,-3.799999999999997
2024,3122306,Municipal,73.79,67.23,69.63,Divinópolis,MG,Sudeste,Atingiu ou superou,6.560000000000002
2024,4200408,Municipal,72.41,67.24,69.64,Água Doce,SC,Sul,Atingiu ou superou,5.170000000000002
2024,3518305,Municipal,76.97,67.24,69.64,Guararema,SP,Sudeste,Atingiu ou superou,9.730000000000004
2024,3500402,Municipal,61.82,67.26,69.66,Águas da Prata,SP,Sudeste,Abaixo da meta,-5.440000000000005
2024,5107768,Municipal,62.63,67.26,69.66,Santa Rita do Trivelato,MT,Centro-Oeste,Abaixo da meta,-4.630000000000003
2024,3550803,Municipal,68.66,67.26,69.66,São Sebastião da Grama,SP,Sudeste,Atingiu ou superou,1.3999999999999915
2024,3131802,Municipal,83.44,67.27,69.66,Itabirinha,MG,Sudeste,Atingiu ou superou,16.17
2024,4207403,Municipal,79.52,67.27,69.66,Imbuia,SC,Sul,Atingiu ou superou,12.25
2024,2607406,Municipal,48.57,67.28,69.67,Itacuruba,PE,Nordeste,Abaixo da meta,-18.71
2024,4302659,Municipal,57.5,67.29,69.68,Brochier,RS,Sul,Abaixo da meta,-9.790000000000006
2024,3505104,Municipal,65.05,67.3,69.69,Barbosa,SP,Sudeste,Abaixo da meta,-2.25
2024,4200101,Municipal,59.88,67.3,69.69,Abelardo Luz,SC,Sul,Abaixo da meta,-7.419999999999995
2024,3505203,Municipal,72.3,67.3,69.69,Bariri,SP,Sudeste,Atingiu ou superou,5.0
2024,4316808,Municipal,43.8,67.32,69.7,Santa Cruz do Sul,RS,Sul,Abaixo da meta,-23.519999999999996
2024,3509908,Municipal,59.72,67.33,69.71,Cananéia,SP,Sudeste,Abaixo da meta,-7.609999999999999
2024,3158300,Municipal,87.45,67.34,69.72,Santana da Vargem,MG,Sudeste,Atingiu ou superou,20.11
2024,2108058,Municipal,68.89,67.34,69.72,Paulino Neves,MA,Nordeste,Atingiu ou superou,1.5499999999999972
2024,5205109,Municipal,76.88,67.35,69.73,Catalão,GO,Centro-Oeste,Atingiu ou superou,9.530000000000001
2024,4311106,Municipal,53.4,67.37,69.74,Jaguari,RS,Sul,Abaixo da meta,-13.970000000000006
2024,4105805,Municipal,60.67,67.38,69.76,Colombo,PR,Sul,Abaixo da meta,-6.709999999999994
2024,2605152,Municipal,83.37,67.39,69.76,Dormentes,PE,Nordeste,Atingiu ou superou,15.980000000000004
2024,4217709,Municipal,49.72,67.39,69.76,Sombrio,SC,Sul,Abaixo da meta,-17.67
2024,3118304,Municipal,82.19,67.43,69.8,Conselheiro Lafaiete,MG,Sudeste,Atingiu ou superou,14.759999999999991
2024,4100608,Municipal,70.12,67.45,69.81,Alto Paraná,PR,Sul,Atingiu ou superou,2.6700000000000017
2024,5204201,Municipal,64.29,67.45,69.81,Cachoeira de Goiás,GO,Centro-Oeste,Abaixo da meta,-3.1599999999999966
2024,2401651,Municipal,60.0,67.45,69.81,Bodó,RN,Nordeste,Abaixo da meta,-7.450000000000003
2024,3302254,Municipal,67.6,67.45,69.81,Itatiaia,RJ,Sudeste,Atingiu ou superou,0.14999999999999147
2024,4108700,Municipal,61.6,67.46,69.82,Grandes Rios,PR,Sul,Abaixo da meta,-5.859999999999992
2024,2912004,Municipal,61.19,67.46,69.82,Ibiassucê,BA,Nordeste,Abaixo da meta,-6.269999999999996
2024,4101101,Municipal,64.82,67.47,69.82,Andirá,PR,Sul,Abaixo da meta,-2.6500000000000057
2024,3528007,Municipal,62.4,67.48,69.83,Macatuba,SP,Sudeste,Abaixo da meta,-5.080000000000005
2024,3544004,Municipal,58.5,67.48,69.84,Rio das Pedras,SP,Sudeste,Abaixo da meta,-8.980000000000004
2024,2703304,Municipal,83.03,67.49,69.84,Inhapi,AL,Nordeste,Atingiu ou superou,15.540000000000006
2024,1100205,Municipal,50.84,67.5,69.85,Porto Velho,RO,Norte,Abaixo da meta,-16.659999999999997
2024,4219853,Municipal,57.58,67.5,69.85,Zortéa,SC,Sul,Abaixo da meta,-9.920000000000002
2024,3505351,Municipal,65.29,67.5,69.85,Barra do Chapéu,SP,Sudeste,Abaixo da meta,-2.2099999999999937
2024,4309050,Municipal,34.3,67.53,69.87,Glorinha,RS,Sul,Abaixo da meta,-33.230000000000004
2024,3523404,Municipal,73.47,67.53,69.88,Itatiba,SP,Sudeste,Atingiu ou superou,5.939999999999998
2024,1101005,Municipal,70.76,67.54,69.88,Governador Jorge Teixeira,RO,Norte,Atingiu ou superou,3.219999999999999
2024,4206108,Municipal,70.23,67.57,69.91,Grão Pará,SC,Sul,Atingiu ou superou,2.660000000000011
2024,4107702,Municipal,61.86,67.58,69.92,Fênix,PR,Sul,Abaixo da meta,-5.719999999999999
2024,3553401,Municipal,74.07,67.59,69.92,Tanabi,SP,Sudeste,Atingiu ou superou,6.47999999999999
2024,2111029,Municipal,70.68,67.59,69.92,São João do Carú,MA,Nordeste,Atingiu ou superou,3.0900000000000034
2024,3110608,Municipal,81.94,67.59,69.92,Cambuí,MG,Sudeste,Atingiu ou superou,14.349999999999994
2024,5103700,Municipal,51.15,67.6,69.93,Feliz Natal,MT,Centro-Oeste,Abaixo da meta,-16.449999999999996
2024,5000807,Municipal,80.11,67.61,69.94,Anaurilândia,MS,Centro-Oeste,Atingiu ou superou,12.5
2024,3138625,Municipal,59.7,67.61,69.94,Limeira do Oeste,MG,Sudeste,Abaixo da meta,-7.909999999999997
2024,3152006,Municipal,56.14,67.62,69.94,Pompéu,MG,Sudeste,Abaixo da meta,-11.480000000000004
2024,1600535,Municipal,73.42,67.62,69.95,Porto Grande,AP,Norte,Atingiu ou superou,5.799999999999997
2024,5204904,Municipal,75.75,67.62,69.95,Campos Belos,GO,Centro-Oeste,Atingiu ou superou,8.129999999999995
2024,3523909,Municipal,61.67,67.66,69.98,Itu,SP,Sudeste,Abaixo da meta,-5.989999999999995
2024,2607703,Municipal,89.12,67.68,70.0,Itapetim,PE,Nordeste,Atingiu ou superou,21.439999999999998
2024,2604007,Municipal,59.18,67.68,70.0,Carpina,PE,Nordeste,Abaixo da meta,-8.500000000000007
2024,3303401,Municipal,68.84,67.69,70.0,Nova Friburgo,RJ,Sudeste,Atingiu ou superou,1.1500000000000057
2024,3201209,Municipal,71.69,67.7,70.01,Cachoeiro de Itapemirim,ES,Sudeste,Atingiu ou superou,3.989999999999995
2024,2202455,Municipal,77.36,67.7,70.01,Capitão Gervásio Oliveira,PI,Nordeste,Atingiu ou superou,9.659999999999997
2024,3155801,Municipal,78.55,67.71,70.01,Rio Pomba,MG,Sudeste,Atingiu ou superou,10.840000000000003
2024,3302106,Municipal,70.09,67.71,70.01,Itaocara,RJ,Sudeste,Atingiu ou superou,2.3800000000000097
2024,4316907,Municipal,39.7,67.72,70.02,Santa Maria,RS,Sul,Abaixo da meta,-28.019999999999996
2024,3120904,Municipal,71.71,67.73,70.03,Curvelo,MG,Sudeste,Atingiu ou superou,3.9799999999999898
2024,5107883,Municipal,94.74,67.73,70.03,Serra Nova Dourada,MT,Centro-Oeste,Atingiu ou superou,27.00999999999999
2024,3145901,Municipal,81.33,67.76,70.05,Ouro Branco,MG,Sudeste,Atingiu ou superou,13.569999999999993
2024,3159407,Municipal,88.22,67.77,70.06,Santa Rita de Ibitipoca,MG,Sudeste,Atingiu ou superou,20.450000000000003
2024,5008404,Municipal,53.73,67.77,70.06,Vicentina,MS,Centro-Oeste,Abaixo da meta,-14.04
2024,2502300,Municipal,45.24,67.77,70.07,Bom Sucesso,PB,Nordeste,Abaixo da meta,-22.529999999999994
2024,4205431,Municipal,76.76,67.78,70.07,Formosa do Sul,SC,Sul,Atingiu ou superou,8.980000000000004
2024,4318002,Municipal,46.4,67.78,70.07,São Borja,RS,Sul,Abaixo da meta,-21.380000000000003
2024,3306206,Municipal,60.33,67.8,70.09,Vassouras,RJ,Sudeste,Abaixo da meta,-7.469999999999999
2024,3515186,Municipal,61.16,67.8,70.09,Espírito Santo do Pinhal,SP,Sudeste,Abaixo da meta,-6.640000000000001
2024,5215504,Municipal,90.09,67.81,70.09,Ouvidor,GO,Centro-Oeste,Atingiu ou superou,22.28
2024,2505907,Municipal,38.1,67.81,70.1,Emas,PB,Nordeste,Abaixo da meta,-29.71
2024,2101608,Municipal,64.05,67.82,70.11,Barra do Corda,MA,Nordeste,Abaixo da meta,-3.769999999999996
2024,3147907,Municipal,86.17,67.82,70.11,Passos,MG,Sudeste,Atingiu ou superou,18.35000000000001
2024,3140209,Municipal,59.26,67.84,70.12,Maripá de Minas,MG,Sudeste,Abaixo da meta,-8.580000000000005
2024,3164704,Municipal,81.09,67.85,70.13,São Sebastião do Paraíso,MG,Sudeste,Atingiu ou superou,13.240000000000009
2024,3538501,Municipal,69.56,67.86,70.13,Piquete,SP,Sudeste,Atingiu ou superou,1.7000000000000028
2024,3108404,Municipal,87.53,67.86,70.13,Botelhos,MG,Sudeste,Atingiu ou superou,19.67
2024,2701407,Municipal,67.45,67.86,70.13,Campo Alegre,AL,Nordeste,Abaixo da meta,-0.4099999999999966
2024,4101002,Municipal,70.06,67.87,70.15,Ampére,PR,Sul,Atingiu ou superou,2.1899999999999977
2024,5217609,Municipal,75.11,67.87,70.15,Planaltina,GO,Centro-Oeste,Atingiu ou superou,7.239999999999995
2024,2402402,Municipal,29.88,67.88,70.15,Carnaúba dos Dantas,RN,Nordeste,Abaixo da meta,-38.0
2024,4208104,Municipal,57.23,67.88,70.15,Itaiópolis,SC,Sul,Abaixo da meta,-10.649999999999999
2024,1508159,Municipal,60.84,67.88,70.15,Uruará,PA,Norte,Abaixo da meta,-7.039999999999992
2024,3108305,Municipal,81.21,67.91,70.17,Borda da Mata,MG,Sudeste,Atingiu ou superou,13.299999999999997
2024,3505005,Municipal,64.23,67.91,70.18,Barão de Antonina,SP,Sudeste,Abaixo da meta,-3.6799999999999926
2024,4312104,Municipal,45.5,67.91,70.18,Mata,RS,Sul,Abaixo da meta,-22.409999999999997
2024,3111606,Municipal,71.94,67.91,70.18,Campos Gerais,MG,Sudeste,Atingiu ou superou,4.030000000000001
2024,1720499,Municipal,46.24,67.92,70.19,São Valério,TO,Norte,Abaixo da meta,-21.68
2024,3304409,Municipal,65.54,67.93,70.19,Rio Claro,RJ,Sudeste,Abaixo da meta,-2.3900000000000006
2024,3130556,Municipal,88.46,67.94,70.2,Imbé de Minas,MG,Sudeste,Atingiu ou superou,20.519999999999996
2024,3305406,Municipal,65.37,67.94,70.2,Sapucaia,RJ,Sudeste,Abaixo da meta,-2.569999999999993
2024,5105606,Municipal,52.57,67.95,70.21,Matupá,MT,Centro-Oeste,Abaixo da meta,-15.380000000000003
2024,3545159,Municipal,64.45,67.95,70.21,Saltinho,SP,Sudeste,Abaixo da meta,-3.5
2024,3118809,Municipal,68.05,67.95,70.21,Coração de Jesus,MG,Sudeste,Atingiu ou superou,0.09999999999999432
2024,3545704,Municipal,58.21,67.95,70.21,Santa Albertina,SP,Sudeste,Abaixo da meta,-9.740000000000002
2024,4206751,Municipal,96.17,67.95,70.21,Ibiam,SC,Sul,Atingiu ou superou,28.22
2024,4213807,Municipal,69.36,67.96,70.21,Praia Grande,SC,Sul,Atingiu ou superou,1.4000000000000057
2024,1100304,Municipal,71.66,67.96,70.22,Vilhena,RO,Norte,Atingiu ou superou,3.700000000000003
2024,3162401,Municipal,63.51,67.96,70.22,São João da Ponte,MG,Sudeste,Abaixo da meta,-4.449999999999996
2024,3167608,Municipal,68.54,67.98,70.23,Simonésia,MG,Sudeste,Atingiu ou superou,0.5600000000000023
2024,4104451,Municipal,71.81,68.01,70.26,Cantagalo,PR,Sul,Atingiu ou superou,3.799999999999997
2024,3147006,Municipal,63.56,68.02,70.27,Paracatu,MG,Sudeste,Abaixo da meta,-4.459999999999994
2024,4321352,Municipal,37.0,68.03,70.27,Tavares,RS,Sul,Abaixo da meta,-31.03
2024,4128625,Municipal,68.04,,70.28,Alto Paraíso,PR,Sul,Sem dados para comparação,
2024,3554953,Municipal,55.64,68.04,70.28,Tuiuti,SP,Sudeste,Abaixo da meta,-12.400000000000006
2024,3137809,Municipal,74.76,68.05,70.29,Lambari,MG,Sudeste,Atingiu ou superou,6.710000000000008
2024,3119500,Municipal,67.56,68.05,70.29,Coronel Murta,MG,Sudeste,Abaixo da meta,-0.4899999999999949
2024,4215059,Municipal,76.32,68.06,70.3,Rio Rufino,SC,Sul,Atingiu ou superou,8.259999999999991
2024,1101492,Municipal,62.99,68.1,70.33,São Francisco do Guaporé,RO,Norte,Abaixo da meta,-5.109999999999992
2024,3502804,Municipal,74.22,68.1,70.33,Araçatuba,SP,Sudeste,Atingiu ou superou,6.1200000000000045
2024,3123205,Municipal,85.44,68.1,70.33,Dores do Indaiá,MG,Sudeste,Atingiu ou superou,17.340000000000003
2024,3304524,Municipal,68.67,68.13,70.35,Rio das Ostras,RJ,Sudeste,Atingiu ou superou,0.5400000000000063
2024,2108256,Municipal,57.92,68.13,70.35,Pedro do Rosário,MA,Nordeste,Abaixo da meta,-10.209999999999994
2024,4211702,Municipal,68.14,68.14,70.36,Orleans,SC,Sul,Atingiu ou superou,0.0
2024,2103703,Municipal,66.32,68.14,70.36,Cururupu,MA,Nordeste,Abaixo da meta,-1.8200000000000074
2024,4217006,Municipal,68.64,68.15,70.37,São Ludgero,SC,Sul,Atingiu ou superou,0.4899999999999949
2024,3205309,Municipal,73.2,68.18,70.39,Vitória,ES,Sudeste,Atingiu ou superou,5.019999999999996
2024,2509503,Municipal,82.33,68.18,70.39,Montadas,PB,Nordeste,Atingiu ou superou,14.149999999999991
2024,2207009,Municipal,72.5,68.21,70.42,Oeiras,PI,Nordeste,Atingiu ou superou,4.290000000000006
2024,4300802,Municipal,46.6,68.22,70.43,Antônio Prado,RS,Sul,Abaixo da meta,-21.619999999999997
2024,4312401,Municipal,39.8,68.22,70.43,Montenegro,RS,Sul,Abaixo da meta,-28.42
2024,4209102,Municipal,68.79,68.23,70.43,Joinville,SC,Sul,Atingiu ou superou,0.5600000000000023
2024,3105103,Municipal,80.48,68.24,70.44,Bambuí,MG,Sudeste,Atingiu ou superou,12.240000000000009
2024,4322509,Municipal,38.1,68.24,70.45,Vacaria,RS,Sul,Abaixo da meta,-30.139999999999993
2024,5213756,Municipal,78.69,68.25,70.45,Montividiu,GO,Centro-Oeste,Atingiu ou superou,10.439999999999998
2024,2513927,Municipal,60.02,68.26,70.46,São Bentinho,PB,Nordeste,Abaixo da meta,-8.240000000000002
2024,2207355,Municipal,64.0,68.29,70.48,Pajeú do Piauí,PI,Nordeste,Abaixo da meta,-4.290000000000006
2024,2102408,Municipal,64.0,68.3,70.49,Cajapió,MA,Nordeste,Abaixo da meta,-4.299999999999997
2024,4316709,Municipal,37.9,68.31,70.5,Santa Bárbara do Sul,RS,Sul,Abaixo da meta,-30.410000000000004
2024,2508000,Municipal,47.76,68.31,70.5,Juru,PB,Nordeste,Abaixo da meta,-20.550000000000004
2024,4201000,Municipal,77.33,68.32,70.5,Anita Garibaldi,SC,Sul,Atingiu ou superou,9.010000000000005
2024,4105003,Municipal,56.16,68.32,70.5,Catanduvas,PR,Sul,Abaixo da meta,-12.159999999999997
2024,3168309,Municipal,94.4,68.34,70.52,Taquaraçu de Minas,MG,Sudeste,Atingiu ou superou,26.060000000000002
2024,4312658,Municipal,58.2,68.38,70.55,Não-Me-Toque,RS,Sul,Abaixo da meta,-10.179999999999993
2024,2510105,Municipal,67.53,68.38,70.55,Nova Floresta,PB,Nordeste,Abaixo da meta,-0.8499999999999943
2024,3125952,Municipal,76.31,68.38,70.55,Fervedouro,MG,Sudeste,Atingiu ou superou,7.930000000000007
2024,3537404,Municipal,83.47,68.39,70.56,Pereira Barreto,SP,Sudeste,Atingiu ou superou,15.079999999999998
2024,2611101,Municipal,70.25,68.42,70.58,Petrolina,PE,Nordeste,Atingiu ou superou,1.8299999999999983
2024,3304151,Municipal,70.11,68.46,70.62,Quissamã,RJ,Sudeste,Atingiu ou superou,1.6500000000000057
2024,4311734,Municipal,55.2,68.47,70.62,Mampituba,RS,Sul,Abaixo da meta,-13.269999999999996
2024,1600154,Municipal,44.22,68.48,70.64,Pedra Branca do Amapari,AP,Norte,Abaixo da meta,-24.260000000000005
2024,3541703,Municipal,68.43,68.48,70.64,Quatá,SP,Sudeste,Abaixo da meta,-0.04999999999999716
2024,4320800,Municipal,61.9,68.48,70.64,Soledade,RS,Sul,Abaixo da meta,-6.580000000000005
2024,3150901,Municipal,78.97,68.5,70.65,Piranguçu,MG,Sudeste,Atingiu ou superou,10.469999999999999
2024,4306056,Municipal,78.4,68.53,70.67,Cristal,RS,Sul,Atingiu ou superou,9.870000000000005
2024,4101200,Municipal,63.75,68.53,70.68,Antonina,PR,Sul,Abaixo da meta,-4.780000000000001
2024,2207850,Municipal,90.0,68.54,70.68,Pavussu,PI,Nordeste,Atingiu ou superou,21.459999999999994
2024,3165701,Municipal,91.79,68.56,70.7,Senador Firmino,MG,Sudeste,Atingiu ou superou,23.230000000000004
2024,2606507,Municipal,82.26,68.56,70.7,Iati,PE,Nordeste,Atingiu ou superou,13.700000000000003
2024,5221403,Municipal,77.21,68.56,70.7,Trindade,GO,Centro-Oeste,Atingiu ou superou,8.649999999999991
2024,3304706,Municipal,73.82,68.58,70.72,Santo Antônio de Pádua,RJ,Sudeste,Atingiu ou superou,5.239999999999995
2024,4215505,Municipal,57.41,68.59,70.72,Santa Cecília,SC,Sul,Abaixo da meta,-11.180000000000007
2024,3127503,Municipal,82.31,68.63,70.75,Gonzaga,MG,Sudeste,Atingiu ou superou,13.680000000000007
2024,3501707,Municipal,71.18,68.63,70.76,Américo Brasiliense,SP,Sudeste,Atingiu ou superou,2.5500000000000114
2024,2103257,Municipal,86.24,68.64,70.76,Cidelândia,MA,Nordeste,Atingiu ou superou,17.599999999999994
2024,4322707,Municipal,41.9,68.66,70.78,Vera Cruz,RS,Sul,Abaixo da meta,-26.759999999999998
2024,3531605,Municipal,94.29,68.66,70.78,Monte Castelo,SP,Sudeste,Atingiu ou superou,25.63000000000001
2024,4203303,Municipal,59.82,68.68,70.79,Campo Alegre,SC,Sul,Abaixo da meta,-8.860000000000007
2024,3303856,Municipal,75.96,68.68,70.79,Paty do Alferes,RJ,Sudeste,Atingiu ou superou,7.279999999999987
2024,3124401,Municipal,66.53,68.68,70.8,Espírito Santo do Dourado,MG,Sudeste,Abaixo da meta,-2.1500000000000057
2024,2411502,Municipal,23.56,68.69,70.8,Santo Antônio,RN,Nordeste,Abaixo da meta,-45.129999999999995
2024,4213708,Municipal,60.13,68.69,70.8,Pouso Redondo,SC,Sul,Abaixo da meta,-8.559999999999995
2024,3532603,Municipal,67.47,68.69,70.8,Nhandeara,SP,Sudeste,Abaixo da meta,-1.2199999999999989
2024,5220108,Municipal,76.27,68.7,70.81,São Luís de Montes Belos,GO,Centro-Oeste,Atingiu ou superou,7.569999999999993
2024,3520442,Municipal,80.76,68.72,70.82,Ilha Solteira,SP,Sudeste,Atingiu ou superou,12.040000000000006
2024,3167707,Municipal,75.93,68.72,70.83,Sobrália,MG,Sudeste,Atingiu ou superou,7.210000000000008
2024,2508307,Municipal,46.71,68.72,70.83,Lagoa Seca,PB,Nordeste,Abaixo da meta,-22.009999999999998
2024,4205506,Municipal,77.72,68.73,70.84,Fraiburgo,SC,Sul,Atingiu ou superou,8.989999999999995
2024,5208707,Municipal,69.49,68.74,70.84,Goiânia,GO,Centro-Oeste,Atingiu ou superou,0.75
2024,2105104,Municipal,68.98,68.75,70.85,Icatu,MA,Nordeste,Atingiu ou superou,0.23000000000000398
2024,5213707,Municipal,75.02,68.75,70.85,Montes Claros de Goiás,GO,Centro-Oeste,Atingiu ou superou,6.269999999999996
2024,4111506,Municipal,72.39,68.76,70.86,Ivaiporã,PR,Sul,Atingiu ou superou,3.6299999999999955
2024,3546207,Municipal,73.36,68.76,70.86,Santa Cruz da Conceição,SP,Sudeste,Atingiu ou superou,4.599999999999994
2024,4310405,Municipal,57.7,68.77,70.86,Independência,RS,Sul,Abaixo da meta,-11.069999999999993
2024,2600104,Municipal,70.19,68.77,70.86,Afogados da Ingazeira,PE,Nordeste,Atingiu ou superou,1.4200000000000017
2024,3531704,Municipal,50.9,68.77,70.87,Monteiro Lobato,SP,Sudeste,Abaixo da meta,-17.869999999999997
2024,4219705,Municipal,59.5,68.78,70.88,Xaxim,SC,Sul,Abaixo da meta,-9.280000000000001
2024,4311809,Municipal,43.6,68.78,70.88,Marau,RS,Sul,Abaixo da meta,-25.18
2024,4219507,Municipal,72.14,68.79,70.88,Xanxerê,SC,Sul,Atingiu ou superou,3.3499999999999943
2024,5200555,Municipal,72.47,68.81,70.9,Alto Horizonte,GO,Centro-Oeste,Atingiu ou superou,3.6599999999999966
2024,3164803,Municipal,100.0,68.83,70.92,São Sebastião do Rio Preto,MG,Sudeste,Atingiu ou superou,31.17
2024,4202875,Municipal,68.75,68.83,70.92,Brunópolis,SC,Sul,Abaixo da meta,-0.0799999999999983
2024,3522703,Municipal,77.38,68.83,70.92,Itápolis,SP,Sudeste,Atingiu ou superou,8.549999999999997
2024,3533106,Municipal,83.33,68.83,70.92,Nova Guataporanga,SP,Sudeste,Atingiu ou superou,14.5
2024,3556958,Municipal,100.0,68.83,70.92,Vitória Brasil,SP,Sudeste,Atingiu ou superou,31.17
2024,5005103,Municipal,56.25,68.83,70.92,Jateí,MS,Centro-Oeste,Abaixo da meta,-12.579999999999998
2024,4320651,Municipal,35.7,68.83,70.92,Silveira Martins,RS,Sul,Abaixo da meta,-33.129999999999995
2024,5213053,Municipal,80.0,68.83,70.92,Mimoso de Goiás,GO,Centro-Oeste,Atingiu ou superou,11.170000000000002
2024,5206404,Municipal,78.62,68.88,70.96,Crixás,GO,Centro-Oeste,Atingiu ou superou,9.740000000000009
2024,2914109,Municipal,59.15,68.9,70.97,Ipupiara,BA,Nordeste,Abaixo da meta,-9.750000000000007
2024,2103752,Municipal,69.82,68.9,70.97,Davinópolis,MA,Nordeste,Atingiu ou superou,0.9199999999999875
2024,5207907,Municipal,65.41,68.9,70.97,Flores de Goiás,GO,Centro-Oeste,Abaixo da meta,-3.490000000000009
2024,4126504,Municipal,61.98,68.91,70.98,Sertanópolis,PR,Sul,Abaixo da meta,-6.93
2024,3525805,Municipal,55.26,68.91,70.98,Júlio Mesquita,SP,Sudeste,Abaixo da meta,-13.649999999999999
2024,4120804,Municipal,67.24,68.92,70.99,Quatro Barras,PR,Sul,Abaixo da meta,-1.6800000000000068
2024,3551801,Municipal,52.1,68.93,71.0,Sete Barras,SP,Sudeste,Abaixo da meta,-16.830000000000005
2024,3554300,Municipal,70.49,68.95,71.01,Teodoro Sampaio,SP,Sudeste,Atingiu ou superou,1.539999999999992
2024,4322004,Municipal,68.5,68.96,71.02,Triunfo,RS,Sul,Abaixo da meta,-0.45999999999999375
2024,3546900,Municipal,70.68,68.96,71.02,Santa Lúcia,SP,Sudeste,Atingiu ou superou,1.720000000000013
2024,3122702,Municipal,92.48,68.96,71.02,Dom Silvério,MG,Sudeste,Atingiu ou superou,23.52000000000001
2024,3516853,Municipal,73.65,68.99,71.04,Gavião Peixoto,SP,Sudeste,Atingiu ou superou,4.660000000000011
2024,3200201,Municipal,83.48,69.0,71.05,Alegre,ES,Sudeste,Atingiu ou superou,14.480000000000004
2024,3118403,Municipal,57.14,69.02,71.07,Conselheiro Pena,MG,Sudeste,Abaixo da meta,-11.879999999999995
2024,4321436,Municipal,60.3,69.02,71.07,Terra de Areia,RS,Sul,Abaixo da meta,-8.719999999999999
2024,3518107,Municipal,47.49,69.04,71.08,Guarantã,SP,Sudeste,Abaixo da meta,-21.550000000000004
2024,2206696,Municipal,65.17,69.05,71.09,Murici dos Portelas,PI,Nordeste,Abaixo da meta,-3.8799999999999955
2024,3126109,Municipal,86.89,69.05,71.09,Formiga,MG,Sudeste,Atingiu ou superou,17.840000000000003
2024,3517604,Municipal,60.31,69.06,71.09,Guapiara,SP,Sudeste,Abaixo da meta,-8.75
2024,4311718,Municipal,42.4,69.08,71.11,Maçambará,RS,Sul,Abaixo da meta,-26.68
2024,3150604,Municipal,76.35,69.08,71.11,Piracema,MG,Sudeste,Atingiu ou superou,7.269999999999996
2024,3164407,Municipal,90.92,69.08,71.11,São Sebastião da Bela Vista,MG,Sudeste,Atingiu ou superou,21.840000000000003
2024,5218508,Municipal,80.29,69.08,71.11,Quirinópolis,GO,Centro-Oeste,Atingiu ou superou,11.210000000000008
2024,3502408,Municipal,57.39,69.09,71.12,Anhumas,SP,Sudeste,Abaixo da meta,-11.700000000000003
2024,3101300,Municipal,89.66,69.11,71.13,Alagoa,MG,Sudeste,Atingiu ou superou,20.549999999999997
2024,2602407,Municipal,86.18,69.12,71.15,Brejão,PE,Nordeste,Atingiu ou superou,17.060000000000002
2024,3164100,Municipal,90.0,69.13,71.15,São Pedro do Suaçuí,MG,Sudeste,Atingiu ou superou,20.870000000000005
2024,2303709,Municipal,69.01,69.14,71.16,Caucaia,CE,Nordeste,Abaixo da meta,-0.12999999999999545
2024,3154002,Municipal,84.96,69.16,71.17,Raul Soares,MG,Sudeste,Atingiu ou superou,15.799999999999997
2024,3531308,Municipal,59.0,69.16,71.18,Monte Alto,SP,Sudeste,Abaixo da meta,-10.159999999999997
2024,2504801,Municipal,48.71,69.16,71.18,Coremas,PB,Nordeste,Abaixo da meta,-20.449999999999996
2024,4314506,Municipal,50.2,69.19,71.2,Pinheiro Machado,RS,Sul,Abaixo da meta,-18.989999999999995
2024,3556107,Municipal,85.95,69.19,71.2,Valentim Gentil,SP,Sudeste,Atingiu ou superou,16.760000000000005
2024,3502606,Municipal,86.16,69.19,71.2,Aparecida d'Oeste,SP,Sudeste,Atingiu ou superou,16.97
2024,3104700,Municipal,66.4,69.2,71.21,Ataléia,MG,Sudeste,Abaixo da meta,-2.799999999999997
2024,4214201,Municipal,70.08,69.21,71.22,Quilombo,SC,Sul,Atingiu ou superou,0.8700000000000045
2024,3100906,Municipal,69.23,,71.23,Águas Formosas,MG,Sudeste,Sem dados para comparação,
2024,2506707,Municipal,39.64,69.22,71.23,Imaculada,PB,Nordeste,Abaixo da meta,-29.58
2024,3201100,Municipal,67.33,69.22,71.23,Bom Jesus do Norte,ES,Sudeste,Abaixo da meta,-1.8900000000000006
2024,4212056,Municipal,57.22,69.23,71.23,Palmeira,SC,Sul,Abaixo da meta,-12.010000000000005
2024,5209952,Municipal,82.75,69.23,71.23,Indiara,GO,Centro-Oeste,Atingiu ou superou,13.519999999999996
2024,2206605,Municipal,57.85,69.24,71.24,Monte Alegre do Piauí,PI,Nordeste,Abaixo da meta,-11.389999999999993
2024,5207501,Municipal,98.0,69.25,71.25,Estrela do Norte,GO,Centro-Oeste,Atingiu ou superou,28.75
2024,4125506,Municipal,64.3,69.26,71.26,São José dos Pinhais,PR,Sul,Abaixo da meta,-4.960000000000008
2024,3204906,Municipal,69.53,69.26,71.26,São Mateus,ES,Sudeste,Atingiu ou superou,0.269999999999996
2024,2708204,Municipal,70.72,69.26,71.26,São Brás,AL,Nordeste,Atingiu ou superou,1.4599999999999937
2024,3553104,Municipal,38.71,69.26,71.26,Taiaçu,SP,Sudeste,Abaixo da meta,-30.550000000000004
2024,3300233,Municipal,68.56,69.27,71.27,Armação dos Búzios,RJ,Sudeste,Abaixo da meta,-0.7099999999999937
2024,3205010,Municipal,70.81,69.28,71.27,Sooretama,ES,Sudeste,Atingiu ou superou,1.5300000000000011
2024,4107157,Municipal,74.32,69.28,71.27,Diamante D'Oeste,PR,Sul,Atingiu ou superou,5.039999999999992
2024,4310504,Municipal,59.4,69.28,71.27,Iraí,RS,Sul,Abaixo da meta,-9.880000000000003
2024,3114204,Municipal,72.37,69.28,71.27,Carmo do Cajuru,MG,Sudeste,Atingiu ou superou,3.0900000000000034
2024,3554409,Municipal,74.29,69.28,71.27,Terra Roxa,SP,Sudeste,Atingiu ou superou,5.010000000000005
2024,3510906,Municipal,75.0,69.29,71.28,Cássia dos Coqueiros,SP,Sudeste,Atingiu ou superou,5.709999999999994
2024,3536406,Municipal,75.86,69.3,71.29,Paulicéia,SP,Sudeste,Atingiu ou superou,6.560000000000002
2024,4307609,Municipal,44.4,69.31,71.3,Estância Velha,RS,Sul,Abaixo da meta,-24.910000000000004
2024,3138708,Municipal,97.5,69.32,71.31,Luminárias,MG,Sudeste,Atingiu ou superou,28.180000000000007
2024,3120201,Municipal,86.07,69.33,71.31,Cristais,MG,Sudeste,Atingiu ou superou,16.739999999999995
2024,3529609,Municipal,67.31,69.33,71.31,Meridiano,SP,Sudeste,Abaixo da meta,-2.019999999999996
2024,3108008,Municipal,83.73,69.34,71.32,Bom Sucesso,MG,Sudeste,Atingiu ou superou,14.39
2024,2100154,Municipal,63.75,69.35,71.33,Água Doce do Maranhão,MA,Nordeste,Abaixo da meta,-5.599999999999994
2024,4306379,Municipal,53.6,69.35,71.33,Dilermando de Aguiar,RS,Sul,Abaixo da meta,-15.749999999999993
2024,3201159,Municipal,87.96,69.4,71.37,Brejetuba,ES,Sudeste,Atingiu ou superou,18.559999999999988
2024,4109609,Municipal,66.9,69.4,71.37,Guaratuba,PR,Sul,Abaixo da meta,-2.5
2024,5217401,Municipal,80.88,69.4,71.37,Pires do Rio,GO,Centro-Oeste,Atingiu ou superou,11.47999999999999
2024,3115359,Municipal,71.35,69.4,71.37,Catas Altas,MG,Sudeste,Atingiu ou superou,1.9499999999999886
2024,3541604,Municipal,79.12,69.41,71.38,Promissão,SP,Sudeste,Atingiu ou superou,9.710000000000008
2024,3517703,Municipal,76.27,69.43,71.39,Guará,SP,Sudeste,Atingiu ou superou,6.839999999999989
2024,4304804,Municipal,64.9,69.44,71.4,Carlos Barbosa,RS,Sul,Abaixo da meta,-4.539999999999992
2024,4211454,Municipal,71.17,69.44,71.4,Nova Itaberaba,SC,Sul,Atingiu ou superou,1.730000000000004
2024,3202652,Municipal,81.49,69.44,71.41,Irupi,ES,Sudeste,Atingiu ou superou,12.049999999999997
2024,3500105,Municipal,66.06,69.44,71.41,Adamantina,SP,Sudeste,Abaixo da meta,-3.3799999999999955
2024,4218855,Municipal,65.0,69.44,71.41,União do Oeste,SC,Sul,Abaixo da meta,-4.439999999999998
2024,4307302,Municipal,50.4,69.44,71.41,Erval Seco,RS,Sul,Abaixo da meta,-19.04
2024,5208905,Municipal,87.52,69.49,71.44,Goiás,GO,Centro-Oeste,Atingiu ou superou,18.03
2024,4301057,Municipal,46.5,69.49,71.44,Arroio do Sal,RS,Sul,Abaixo da meta,-22.989999999999995
2024,4206900,Municipal,71.81,69.5,71.45,Ibirama,SC,Sul,Atingiu ou superou,2.3100000000000023
2024,2101004,Municipal,72.37,69.51,71.46,Arari,MA,Nordeste,Atingiu ou superou,2.8599999999999994
2024,2613602,Municipal,73.38,69.54,71.48,São José do Egito,PE,Nordeste,Atingiu ou superou,3.839999999999989
2024,3146503,Municipal,86.83,69.54,71.49,Pains,MG,Sudeste,Atingiu ou superou,17.289999999999992
2024,3122207,Municipal,87.1,69.54,71.49,Divinolândia de Minas,MG,Sudeste,Atingiu ou superou,17.559999999999988
2024,3111309,Municipal,76.54,69.55,71.49,Campo do Meio,MG,Sudeste,Atingiu ou superou,6.990000000000009
2024,3154507,Municipal,70.0,69.55,71.49,Riacho dos Machados,MG,Sudeste,Atingiu ou superou,0.45000000000000284
2024,2202711,Municipal,59.56,69.55,71.49,Cocal de Telha,PI,Nordeste,Abaixo da meta,-9.989999999999995
2024,4311627,Municipal,36.1,69.56,71.5,Lindolfo Collor,RS,Sul,Abaixo da meta,-33.46
2024,5100508,Municipal,52.43,69.57,71.51,Alto Paraguai,MT,Centro-Oeste,Abaixo da meta,-17.139999999999993
2024,3303005,Municipal,69.51,69.57,71.51,Miracema,RJ,Sudeste,Abaixo da meta,-0.05999999999998806
2024,3520707,Municipal,78.96,69.58,71.51,Indiaporã,SP,Sudeste,Atingiu ou superou,9.379999999999995
2024,3135407,Municipal,88.66,69.58,71.51,Jeceaba,MG,Sudeste,Atingiu ou superou,19.08
2024,3530300,Municipal,61.57,69.6,71.53,Mirassol,SP,Sudeste,Abaixo da meta,-8.029999999999994
2024,4307807,Municipal,49.4,69.6,71.53,Estrela,RS,Sul,Abaixo da meta,-20.199999999999996
2024,3535200,Municipal,83.91,69.6,71.53,Palmeira d'Oeste,SP,Sudeste,Atingiu ou superou,14.310000000000002
2024,4321402,Municipal,65.0,69.61,71.54,Tenente Portela,RS,Sul,Abaixo da meta,-4.609999999999999
2024,2508208,Municipal,42.8,69.61,71.54,Lagoa de Dentro,PB,Nordeste,Abaixo da meta,-26.810000000000002
2024,2918704,Municipal,56.52,69.64,71.57,Lafaiete Coutinho,BA,Nordeste,Abaixo da meta,-13.119999999999997
2024,4304689,Municipal,54.3,69.65,71.57,Capela de Santana,RS,Sul,Abaixo da meta,-15.350000000000009
2024,2207603,Municipal,47.35,69.66,71.58,Parnaguá,PI,Nordeste,Abaixo da meta,-22.309999999999995
2024,2101301,Municipal,57.55,69.66,71.58,Bacuri,MA,Nordeste,Abaixo da meta,-12.11
2024,4114500,Municipal,71.98,69.69,71.6,Manoel Ribas,PR,Sul,Atingiu ou superou,2.2900000000000063
2024,2612000,Municipal,81.01,69.69,71.61,Sairé,PE,Nordeste,Atingiu ou superou,11.320000000000007
2024,2707503,Municipal,83.74,69.69,71.61,Porto Real do Colégio,AL,Nordeste,Atingiu ou superou,14.049999999999997
2024,4314209,Municipal,22.3,69.69,71.61,Pedro Osório,RS,Sul,Abaixo da meta,-47.39
2024,3202504,Municipal,81.16,69.69,71.61,Ibiraçu,ES,Sudeste,Atingiu ou superou,11.469999999999999
2024,1100320,Municipal,69.13,69.73,71.63,São Miguel do Guaporé,RO,Norte,Abaixo da meta,-0.6000000000000085
2024,3127370,Municipal,91.43,69.73,71.64,Goiabeira,MG,Sudeste,Atingiu ou superou,21.700000000000003
2024,4311700,Municipal,64.3,69.73,71.64,Machadinho,RS,Sul,Abaixo da meta,-5.430000000000007
2024,4313508,Municipal,44.5,69.76,71.66,Osório,RS,Sul,Abaixo da meta,-25.260000000000005
2024,2112209,Municipal,75.74,69.77,71.67,Timon,MA,Nordeste,Atingiu ou superou,5.969999999999999
2024,4311791,Municipal,59.8,69.78,71.68,Maratá,RS,Sul,Abaixo da meta,-9.980000000000004
2024,2302008,Municipal,63.94,69.8,71.69,Barro,CE,Nordeste,Abaixo da meta,-5.859999999999999
2024,2933257,Municipal,35.85,69.8,71.69,Vereda,BA,Nordeste,Abaixo da meta,-33.949999999999996
2024,2100303,Municipal,45.37,69.85,71.73,Aldeias Altas,MA,Nordeste,Abaixo da meta,-24.479999999999997
2024,3149804,Municipal,83.41,69.85,71.73,Perdizes,MG,Sudeste,Atingiu ou superou,13.560000000000002
2024,5206206,Municipal,69.1,69.87,71.75,Cristalina,GO,Centro-Oeste,Abaixo da meta,-0.7700000000000102
2024,2313757,Municipal,82.27,69.88,71.75,Umirim,CE,Nordeste,Atingiu ou superou,12.39
2024,2501302,Municipal,44.46,69.89,71.77,Aroeiras,PB,Nordeste,Abaixo da meta,-25.43
2024,5217104,Municipal,71.69,69.9,71.77,Piracanjuba,GO,Centro-Oeste,Atingiu ou superou,1.789999999999992
2024,3544806,Municipal,68.37,69.91,71.78,Sales,SP,Sudeste,Abaixo da meta,-1.539999999999992
2024,5215702,Municipal,81.01,69.91,71.78,Palmeiras de Goiás,GO,Centro-Oeste,Atingiu ou superou,11.100000000000009
2024,2111789,Municipal,53.62,69.93,71.79,Serrano do Maranhão,MA,Nordeste,Abaixo da meta,-16.31000000000001
2024,4217105,Municipal,70.0,69.93,71.8,São Martinho,SC,Sul,Atingiu ou superou,0.06999999999999318
2024,5106752,Municipal,66.49,69.94,71.81,Pontes e Lacerda,MT,Centro-Oeste,Abaixo da meta,-3.450000000000003
2024,4214508,Municipal,74.29,69.94,71.81,Rio do Campo,SC,Sul,Atingiu ou superou,4.3500000000000085
2024,5108808,Municipal,67.3,69.95,71.81,Nova Guarita,MT,Centro-Oeste,Abaixo da meta,-2.6500000000000057
2024,4211207,Municipal,68.09,69.95,71.81,Morro da Fumaça,SC,Sul,Abaixo da meta,-1.8599999999999994
2024,4205191,Municipal,69.96,,71.82,Ermo,SC,Sul,Sem dados para comparação,
2024,2605806,Municipal,70.68,69.96,71.82,Frei Miguelinho,PE,Nordeste,Atingiu ou superou,0.7200000000000131
2024,3203403,Municipal,65.32,69.97,71.83,Mimoso do Sul,ES,Sudeste,Abaixo da meta,-4.650000000000006
2024,3145372,Municipal,92.71,69.97,71.83,Novorizonte,MG,Sudeste,Atingiu ou superou,22.739999999999995
2024,2900504,Municipal,37.21,69.97,71.83,Érico Cardoso,BA,Nordeste,Abaixo da meta,-32.76
2024,2109452,Municipal,48.35,69.98,71.84,Raposa,MA,Nordeste,Abaixo da meta,-21.630000000000003
2024,1504307,Municipal,47.51,69.99,71.85,Maracanã,PA,Norte,Abaixo da meta,-22.479999999999997
2024,5214507,Municipal,71.18,70.0,71.85,Nerópolis,GO,Centro-Oeste,Atingiu ou superou,1.1800000000000068
2024,3205200,Municipal,67.75,70.0,71.85,Vila Velha,ES,Sudeste,Abaixo da meta,-2.25
2024,3161056,Municipal,67.09,70.01,71.86,São Félix de Minas,MG,Sudeste,Abaixo da meta,-2.9200000000000017
2024,2108207,Municipal,64.51,70.02,71.87,Pedreiras,MA,Nordeste,Abaixo da meta,-5.509999999999991
2024,3553203,Municipal,57.37,70.03,71.88,Taiúva,SP,Sudeste,Abaixo da meta,-12.660000000000004
2024,4218608,Municipal,63.31,70.04,71.89,Trombudo Central,SC,Sul,Abaixo da meta,-6.730000000000004
2024,3165107,Municipal,82.09,70.04,71.89,São Tomás de Aquino,MG,Sudeste,Atingiu ou superou,12.049999999999997
2024,5221551,Municipal,86.88,70.07,71.9,Turvelândia,GO,Centro-Oeste,Atingiu ou superou,16.810000000000002
2024,2210607,Municipal,73.25,70.08,71.92,São Raimundo Nonato,PI,Nordeste,Atingiu ou superou,3.1700000000000017
2024,3121506,Municipal,96.43,70.08,71.92,Desterro do Melo,MG,Sudeste,Atingiu ou superou,26.35000000000001
2024,2203206,Municipal,81.77,70.09,71.92,Curimatá,PI,Nordeste,Atingiu ou superou,11.679999999999993
2024,5209101,Municipal,77.63,70.09,71.92,Goiatuba,GO,Centro-Oeste,Atingiu ou superou,7.539999999999992
2024,4306205,Municipal,35.2,70.11,71.94,Cruzeiro do Sul,RS,Sul,Abaixo da meta,-34.91
2024,5218607,Municipal,97.03,70.11,71.94,Rialma,GO,Centro-Oeste,Atingiu ou superou,26.92
2024,4322152,Municipal,41.1,70.11,71.94,Tunas,RS,Sul,Abaixo da meta,-29.009999999999998
2024,3534500,Municipal,88.17,70.12,71.95,Oscar Bressane,SP,Sudeste,Atingiu ou superou,18.049999999999997
2024,3145455,Municipal,90.16,70.12,71.95,Olhos-d'Água,MG,Sudeste,Atingiu ou superou,20.039999999999992
2024,2512762,Municipal,75.0,70.13,71.96,Riachão do Poço,PB,Nordeste,Atingiu ou superou,4.8700000000000045
2024,2603009,Municipal,61.21,70.14,71.96,Cabrobó,PE,Nordeste,Abaixo da meta,-8.93
2024,2615102,Municipal,76.08,70.15,71.97,Terezinha,PE,Nordeste,Atingiu ou superou,5.929999999999993
2024,5209804,Municipal,72.5,70.15,71.97,Hidrolina,GO,Centro-Oeste,Atingiu ou superou,2.3499999999999943
2024,4204004,Municipal,72.43,70.18,72.0,Catanduvas,SC,Sul,Atingiu ou superou,2.25
2024,3106655,Municipal,83.33,70.18,72.0,Berizal,MG,Sudeste,Atingiu ou superou,13.149999999999991
2024,2612802,Municipal,79.68,70.19,72.0,Santa Terezinha,PE,Nordeste,Atingiu ou superou,9.490000000000009
2024,3506300,Municipal,47.5,70.21,72.02,Bernardino de Campos,SP,Sudeste,Abaixo da meta,-22.709999999999994
2024,3169356,Municipal,83.86,70.22,72.02,Três Marias,MG,Sudeste,Atingiu ou superou,13.64
2024,3204302,Municipal,69.85,70.22,72.03,Presidente Kennedy,ES,Sudeste,Abaixo da meta,-0.37000000000000455
2024,2200459,Municipal,41.74,70.23,72.04,Alvorada do Gurguéia,PI,Nordeste,Abaixo da meta,-28.490000000000002
2024,2607208,Municipal,64.15,70.24,72.04,Ipojuca,PE,Nordeste,Abaixo da meta,-6.089999999999989
2024,3160900,Municipal,81.31,70.24,72.04,São Brás do Suaçuí,MG,Sudeste,Atingiu ou superou,11.070000000000007
2024,5205208,Municipal,87.17,70.26,72.06,Caturaí,GO,Centro-Oeste,Atingiu ou superou,16.909999999999997
2024,4122602,Municipal,41.63,70.28,72.08,Rondon,PR,Sul,Abaixo da meta,-28.65
2024,3164902,Municipal,91.3,70.28,72.08,São Sebastião do Rio Verde,MG,Sudeste,Atingiu ou superou,21.019999999999996
2024,4116208,Municipal,59.7,70.28,72.08,Morretes,PR,Sul,Abaixo da meta,-10.579999999999998
2024,3502705,Municipal,88.38,70.29,72.08,Apiaí,SP,Sudeste,Atingiu ou superou,18.08999999999999
2024,2508802,Municipal,48.74,70.29,72.08,Malta,PB,Nordeste,Abaixo da meta,-21.550000000000004
2024,2210904,Municipal,30.86,70.3,72.09,Socorro do Piauí,PI,Nordeste,Abaixo da meta,-39.44
2024,4217808,Municipal,70.32,,72.11,Taió,SC,Sul,Sem dados para comparação,
2024,3170057,Municipal,70.42,70.32,72.11,Ubaporanga,MG,Sudeste,Atingiu ou superou,0.10000000000000853
2024,4117503,Municipal,62.96,70.33,72.12,Paiçandu,PR,Sul,Abaixo da meta,-7.369999999999997
2024,4311122,Municipal,25.6,70.35,72.13,Jaquirana,RS,Sul,Abaixo da meta,-44.74999999999999
2024,2613305,Municipal,72.13,70.35,72.13,São Joaquim do Monte,PE,Nordeste,Atingiu ou superou,1.7800000000000011
2024,3501004,Municipal,67.78,70.36,72.14,Altinópolis,SP,Sudeste,Abaixo da meta,-2.5799999999999983
2024,2210706,Municipal,86.03,70.36,72.14,Simões,PI,Nordeste,Atingiu ou superou,15.670000000000002
2024,5106109,Municipal,82.05,70.38,72.16,Nossa Senhora do Livramento,MT,Centro-Oeste,Atingiu ou superou,11.670000000000002
2024,3162906,Municipal,69.83,70.39,72.16,São João Nepomuceno,MG,Sudeste,Abaixo da meta,-0.5600000000000023
2024,4127403,Municipal,76.19,70.39,72.16,Terra Roxa,PR,Sul,Atingiu ou superou,5.799999999999997
2024,3166303,Municipal,84.85,70.39,72.16,Sericita,MG,Sudeste,Atingiu ou superou,14.459999999999994
2024,3130903,Municipal,84.81,70.4,72.17,Inhapim,MG,Sudeste,Atingiu ou superou,14.409999999999997
2024,3520004,Municipal,77.29,70.4,72.17,Igaraçu do Tietê,SP,Sudeste,Atingiu ou superou,6.890000000000001
2024,2502151,Municipal,49.49,70.41,72.18,Boa Vista,PB,Nordeste,Abaixo da meta,-20.919999999999995
2024,3533254,Municipal,63.99,70.41,72.18,Novais,SP,Sudeste,Abaixo da meta,-6.419999999999995
2024,2615805,Municipal,68.38,70.41,72.18,Tupanatinga,PE,Nordeste,Abaixo da meta,-2.030000000000001
2024,4218350,Municipal,56.3,70.42,72.19,Treviso,SC,Sul,Abaixo da meta,-14.120000000000005
2024,4211009,Municipal,56.85,70.43,72.2,Mondaí,SC,Sul,Abaixo da meta,-13.580000000000005
2024,3139508,Municipal,68.84,70.43,72.2,Manhumirim,MG,Sudeste,Abaixo da meta,-1.5900000000000034
2024,3504206,Municipal,77.87,70.43,72.2,Auriflama,SP,Sudeste,Atingiu ou superou,7.439999999999998
2024,4301909,Municipal,43.6,70.43,72.2,Barra do Ribeiro,RS,Sul,Abaixo da meta,-26.830000000000005
2024,3157252,Municipal,70.45,,72.21,Santa Bárbara do Leste,MG,Sudeste,Sem dados para comparação,
2024,3304201,Municipal,72.48,70.45,72.21,Resende,RJ,Sudeste,Atingiu ou superou,2.030000000000001
2024,4217204,Municipal,75.64,70.46,72.22,São Miguel do Oeste,SC,Sul,Atingiu ou superou,5.180000000000007
2024,3302205,Municipal,65.26,70.46,72.22,Itaperuna,RJ,Sudeste,Abaixo da meta,-5.199999999999989
2024,4202909,Municipal,67.18,70.5,72.25,Brusque,SC,Sul,Abaixo da meta,-3.319999999999993
2024,2205516,Municipal,71.43,70.51,72.26,Juazeiro do Piauí,PI,Nordeste,Atingiu ou superou,0.9200000000000017
2024,4108320,Municipal,80.22,70.52,72.27,Francisco Alves,PR,Sul,Atingiu ou superou,9.700000000000003
2024,3118205,Municipal,65.5,70.54,72.28,Conquista,MG,Sudeste,Abaixo da meta,-5.040000000000006
2024,2500205,Municipal,61.96,70.54,72.28,Aguiar,PB,Nordeste,Abaixo da meta,-8.580000000000005
2024,2600906,Municipal,55.29,70.55,72.29,Amaraji,PE,Nordeste,Abaixo da meta,-15.259999999999998
2024,3115201,Municipal,70.43,70.55,72.3,Conceição da Barra de Minas,MG,Sudeste,Abaixo da meta,-0.11999999999999034
2024,3114907,Municipal,94.12,70.55,72.3,Casa Grande,MG,Sudeste,Atingiu ou superou,23.570000000000007
2024,4300661,Municipal,33.3,70.55,72.3,André da Rocha,RS,Sul,Abaixo da meta,-37.25
2024,2210953,Municipal,65.11,70.55,72.3,Tamboril do Piauí,PI,Nordeste,Abaixo da meta,-5.439999999999998
2024,3106804,Municipal,100.0,70.55,72.3,Bias Fortes,MG,Sudeste,Atingiu ou superou,29.450000000000003
2024,4312617,Municipal,29.4,70.55,72.3,Muitos Capões,RS,Sul,Abaixo da meta,-41.15
2024,4301958,Municipal,53.9,70.55,72.3,Barra Funda,RS,Sul,Abaixo da meta,-16.65
2024,3104007,Municipal,75.35,70.59,72.32,Araxá,MG,Sudeste,Atingiu ou superou,4.759999999999991
2024,2704609,Municipal,74.38,70.6,72.33,Maravilha,AL,Nordeste,Atingiu ou superou,3.780000000000001
2024,4106001,Municipal,41.19,70.6,72.33,Congonhinhas,PR,Sul,Abaixo da meta,-29.409999999999997
2024,4309951,Municipal,70.6,,72.34,Ibirapuitã,RS,Sul,Sem dados para comparação,
2024,1100288,Municipal,75.19,70.6,72.34,Rolim de Moura,RO,Norte,Atingiu ou superou,4.590000000000003
2024,3107307,Municipal,68.42,70.61,72.34,Bocaiúva,MG,Sudeste,Abaixo da meta,-2.1899999999999977
2024,3200805,Municipal,74.59,70.62,72.35,Baixo Guandu,ES,Sudeste,Atingiu ou superou,3.969999999999999
2024,4107652,Municipal,64.69,70.65,72.37,Fazenda Rio Grande,PR,Sul,Abaixo da meta,-5.960000000000008
2024,4219002,Municipal,71.86,70.65,72.37,Urussanga,SC,Sul,Atingiu ou superou,1.2099999999999937
2024,4315354,Municipal,85.1,70.67,72.39,Quinze de Novembro,RS,Sul,Atingiu ou superou,14.429999999999993
2024,3130200,Municipal,79.48,70.67,72.39,Igaratinga,MG,Sudeste,Atingiu ou superou,8.810000000000002
2024,2509057,Municipal,24.23,70.7,72.42,Marcação,PB,Nordeste,Abaixo da meta,-46.47
2024,3101508,Municipal,55.1,70.71,72.42,Além Paraíba,MG,Sudeste,Abaixo da meta,-15.609999999999992
2024,3510708,Municipal,59.86,70.71,72.42,Cardoso,SP,Sudeste,Abaixo da meta,-10.849999999999994
2024,2504108,Municipal,91.67,70.72,72.43,Carrapateira,PB,Nordeste,Atingiu ou superou,20.950000000000003
2024,5209705,Municipal,65.56,70.74,72.44,Hidrolândia,GO,Centro-Oeste,Abaixo da meta,-5.179999999999993
2024,2921807,Municipal,60.0,70.74,72.44,Mortugaba,BA,Nordeste,Abaixo da meta,-10.739999999999995
2024,2206902,Municipal,89.56,70.76,72.46,Novo Oriente do Piauí,PI,Nordeste,Atingiu ou superou,18.799999999999997
2024,3300902,Municipal,64.38,70.76,72.46,Cambuci,RJ,Sudeste,Abaixo da meta,-6.38000000000001
2024,4127304,Municipal,81.46,70.78,72.48,Terra Rica,PR,Sul,Atingiu ou superou,10.679999999999993
2024,3141009,Municipal,61.37,70.78,72.48,Mato Verde,MG,Sudeste,Abaixo da meta,-9.410000000000004
2024,5203906,Municipal,64.95,70.78,72.48,Buriti Alegre,GO,Centro-Oeste,Abaixo da meta,-5.829999999999998
2024,4117909,Municipal,74.33,70.79,72.48,Palotina,PR,Sul,Atingiu ou superou,3.539999999999992
2024,5004502,Municipal,57.29,70.79,72.48,Itaporã,MS,Centro-Oeste,Abaixo da meta,-13.500000000000007
2024,3161007,Municipal,84.25,70.8,72.5,São Domingos do Prata,MG,Sudeste,Atingiu ou superou,13.450000000000003
2024,4208005,Municipal,77.62,70.81,72.5,Itá,SC,Sul,Atingiu ou superou,6.810000000000002
2024,4210308,Municipal,74.01,70.82,72.51,Major Vieira,SC,Sul,Atingiu ou superou,3.190000000000012
2024,1100031,Municipal,75.88,70.85,72.53,Cabixi,RO,Norte,Atingiu ou superou,5.030000000000001
2024,5208806,Municipal,81.01,70.86,72.54,Goianira,GO,Centro-Oeste,Atingiu ou superou,10.150000000000006
2024,2104651,Municipal,78.08,70.87,72.55,Governador Newton Bello,MA,Nordeste,Atingiu ou superou,7.209999999999994
2024,3148004,Municipal,76.9,70.88,72.56,Patos de Minas,MG,Sudeste,Atingiu ou superou,6.02000000000001
2024,4211405,Municipal,72.86,70.89,72.56,Nova Erechim,SC,Sul,Atingiu ou superou,1.9699999999999989
2024,4305108,Municipal,43.2,70.89,72.56,Caxias do Sul,RS,Sul,Abaixo da meta,-27.689999999999998
2024,2512804,Municipal,44.22,70.92,72.59,Riacho dos Cavalos,PB,Nordeste,Abaixo da meta,-26.700000000000003
2024,2609204,Municipal,58.48,70.93,72.6,Maraial,PE,Nordeste,Abaixo da meta,-12.45000000000001
2024,3202108,Municipal,94.7,70.94,72.6,Ecoporanga,ES,Sudeste,Atingiu ou superou,23.760000000000005
2024,3550506,Municipal,71.42,70.94,72.6,São Pedro do Turvo,SP,Sudeste,Atingiu ou superou,0.480000000000004
2024,3525904,Municipal,70.49,70.94,72.61,Jundiaí,SP,Sudeste,Abaixo da meta,-0.45000000000000284
2024,1712157,Municipal,58.81,70.95,72.62,Lavandeira,TO,Norte,Abaixo da meta,-12.14
2024,3161601,Municipal,70.0,70.95,72.62,São Geraldo da Piedade,MG,Sudeste,Abaixo da meta,-0.9500000000000028
2024,2512606,Municipal,45.45,70.95,72.62,Quixabá,PB,Nordeste,Abaixo da meta,-25.5
2024,2612455,Municipal,69.1,70.98,72.64,Santa Cruz,PE,Nordeste,Abaixo da meta,-1.8800000000000097
2024,4215455,Municipal,68.6,70.98,72.64,Sangão,SC,Sul,Abaixo da meta,-2.3800000000000097
2024,3108107,Municipal,85.95,70.99,72.64,Bonfim,MG,Sudeste,Atingiu ou superou,14.960000000000008
2024,3204054,Municipal,80.91,70.99,72.65,Pedro Canário,ES,Sudeste,Atingiu ou superou,9.920000000000002
2024,3118908,Municipal,79.85,70.99,72.65,Cordisburgo,MG,Sudeste,Atingiu ou superou,8.86
2024,3168002,Municipal,86.34,70.99,72.65,Taiobeiras,MG,Sudeste,Atingiu ou superou,15.350000000000009
2024,3110707,Municipal,85.08,71.0,72.66,Cambuquira,MG,Sudeste,Atingiu ou superou,14.079999999999998
2024,3145109,Municipal,86.57,71.01,72.66,Nova Resende,MG,Sudeste,Atingiu ou superou,15.559999999999988
2024,5221601,Municipal,76.87,71.02,72.67,Uruaçu,GO,Centro-Oeste,Atingiu ou superou,5.8500000000000085
2024,2909000,Municipal,52.46,71.03,72.68,Cordeiros,BA,Nordeste,Abaixo da meta,-18.57
2024,4202701,Municipal,65.2,71.04,72.68,Botuverá,SC,Sul,Abaixo da meta,-5.840000000000003
2024,3151008,Municipal,85.01,71.05,72.7,Piranguinho,MG,Sudeste,Atingiu ou superou,13.960000000000008
2024,3134608,Municipal,75.36,71.06,72.7,Jaboticatubas,MG,Sudeste,Atingiu ou superou,4.299999999999997
2024,4100806,Municipal,72.48,71.09,72.72,Alvorada do Sul,PR,Sul,Atingiu ou superou,1.3900000000000006
2024,4126801,Municipal,61.07,71.09,72.72,Tapejara,PR,Sul,Abaixo da meta,-10.020000000000003
2024,2103901,Municipal,81.51,71.09,72.72,Duque Bacelar,MA,Nordeste,Atingiu ou superou,10.420000000000002
2024,4107124,Municipal,83.28,71.09,72.73,Diamante do Sul,PR,Sul,Atingiu ou superou,12.189999999999998
2024,4122651,Municipal,77.0,71.09,72.73,Rosário do Ivaí,PR,Sul,Atingiu ou superou,5.909999999999997
2024,3512506,Municipal,72.95,71.12,72.75,Coroados,SP,Sudeste,Atingiu ou superou,1.8299999999999983
2024,3533601,Municipal,64.88,71.14,72.76,Nuporanga,SP,Sudeste,Abaixo da meta,-6.260000000000005
2024,3139102,Municipal,71.05,71.14,72.76,Madre de Deus de Minas,MG,Sudeste,Abaixo da meta,-0.09000000000000341
2024,1718402,Municipal,57.83,71.14,72.77,Presidente Kennedy,TO,Norte,Abaixo da meta,-13.310000000000002
2024,4118808,Municipal,74.24,71.16,72.78,Peabiru,PR,Sul,Atingiu ou superou,3.0799999999999983
2024,3556404,Municipal,61.51,71.16,72.78,Vargem Grande do Sul,SP,Sudeste,Abaixo da meta,-9.649999999999999
2024,3111200,Municipal,85.57,71.17,72.79,Campo Belo,MG,Sudeste,Atingiu ou superou,14.399999999999991
2024,1100379,Municipal,79.54,71.19,72.81,Alto Alegre dos Parecis,RO,Norte,Atingiu ou superou,8.350000000000009
2024,4101804,Municipal,69.02,71.19,72.81,Araucária,PR,Sul,Abaixo da meta,-2.1700000000000017
2024,4204103,Municipal,60.13,71.21,72.82,Caxambu do Sul,SC,Sul,Abaixo da meta,-11.079999999999991
2024,3119955,Municipal,96.07,71.22,72.83,Córrego Fundo,MG,Sudeste,Atingiu ou superou,24.849999999999994
2024,3510104,Municipal,92.31,71.23,72.84,Cândido Rodrigues,SP,Sudeste,Atingiu ou superou,21.08
2024,5200209,Municipal,78.26,71.23,72.84,Água Limpa,GO,Centro-Oeste,Atingiu ou superou,7.030000000000001
2024,3101409,Municipal,92.62,71.23,72.84,Albertina,MG,Sudeste,Atingiu ou superou,21.39
2024,4211603,Municipal,79.48,71.23,72.84,Nova Veneza,SC,Sul,Atingiu ou superou,8.25
2024,3521507,Municipal,76.62,71.24,72.85,Irapuã,SP,Sudeste,Atingiu ou superou,5.38000000000001
2024,3154457,Municipal,72.81,71.24,72.85,Riachinho,MG,Sudeste,Atingiu ou superou,1.5700000000000074
2024,5221007,Municipal,75.0,71.25,72.86,Taquaral de Goiás,GO,Centro-Oeste,Atingiu ou superou,3.75
2024,5212808,Municipal,87.78,71.26,72.86,Mara Rosa,GO,Centro-Oeste,Atingiu ou superou,16.519999999999996
2024,4320677,Municipal,36.3,71.29,72.89,Sinimbu,RS,Sul,Abaixo da meta,-34.99000000000001
2024,5204003,Municipal,93.81,71.31,72.9,Cabeceiras,GO,Centro-Oeste,Atingiu ou superou,22.5
2024,5106653,Municipal,51.2,71.32,72.91,Pontal do Araguaia,MT,Centro-Oeste,Abaixo da meta,-20.11999999999999
2024,2106409,Municipal,76.86,71.33,72.92,Mata Roma,MA,Nordeste,Atingiu ou superou,5.530000000000001
2024,3537156,Municipal,67.92,71.34,72.93,Pedrinhas Paulista,SP,Sudeste,Abaixo da meta,-3.4200000000000017
2024,4320909,Municipal,46.2,71.34,72.93,Tapejara,RS,Sul,Abaixo da meta,-25.14
2024,3518602,Municipal,78.67,71.35,72.94,Guariba,SP,Sudeste,Atingiu ou superou,7.320000000000007
2024,1100189,Municipal,81.06,71.37,72.95,Pimenta Bueno,RO,Norte,Atingiu ou superou,9.689999999999998
2024,4122172,Municipal,73.84,71.38,72.96,Rio Branco do Ivaí,PR,Sul,Atingiu ou superou,2.460000000000008
2024,4207007,Municipal,69.72,71.39,72.97,Içara,SC,Sul,Abaixo da meta,-1.6700000000000017
2024,5107875,Municipal,84.38,71.39,72.97,Sapezal,MT,Centro-Oeste,Atingiu ou superou,12.989999999999995
2024,5211503,Municipal,74.44,71.41,72.98,Itumbiara,GO,Centro-Oeste,Atingiu ou superou,3.030000000000001
2024,3158953,Municipal,69.95,71.41,72.98,Santana do Paraíso,MG,Sudeste,Abaixo da meta,-1.4599999999999937
2024,4120101,Municipal,76.84,71.41,72.98,Porto Amazonas,PR,Sul,Atingiu ou superou,5.430000000000007
2024,3133808,Municipal,88.76,71.43,73.0,Itaúna,MG,Sudeste,Atingiu ou superou,17.33
2024,2103109,Municipal,66.85,71.43,73.0,Cedral,MA,Nordeste,Abaixo da meta,-4.5800000000000125
2024,4218202,Municipal,77.99,71.48,73.04,Timbó,SC,Sul,Atingiu ou superou,6.509999999999991
2024,3507100,Municipal,53.92,71.48,73.04,Bom Jesus dos Perdões,SP,Sudeste,Abaixo da meta,-17.560000000000002
2024,5008305,Municipal,82.99,71.48,73.04,Três Lagoas,MS,Centro-Oeste,Atingiu ou superou,11.509999999999991
2024,4203006,Municipal,65.51,71.48,73.04,Caçador,SC,Sul,Abaixo da meta,-5.969999999999999
2024,3540507,Municipal,60.38,71.51,73.06,Porangaba,SP,Sudeste,Abaixo da meta,-11.130000000000003
2024,3157203,Municipal,66.55,71.52,73.07,Santa Bárbara,MG,Sudeste,Abaixo da meta,-4.969999999999999
2024,3529500,Municipal,77.56,71.55,73.1,Mendonça,SP,Sudeste,Atingiu ou superou,6.010000000000005
2024,4300034,Municipal,52.5,71.55,73.1,Aceguá,RS,Sul,Abaixo da meta,-19.049999999999997
2024,1713601,Municipal,19.71,71.56,73.1,Monte do Carmo,TO,Norte,Abaixo da meta,-51.85
2024,3111002,Municipal,81.73,71.58,73.12,Campestre,MG,Sudeste,Atingiu ou superou,10.150000000000006
2024,3168408,Municipal,77.47,71.59,73.13,Tarumirim,MG,Sudeste,Atingiu ou superou,5.8799999999999955
2024,2508703,Municipal,63.64,71.59,73.13,Mãe d'Água,PB,Nordeste,Abaixo da meta,-7.950000000000003
2024,5001102,Municipal,58.42,71.59,73.13,Aquidauana,MS,Centro-Oeste,Abaixo da meta,-13.170000000000002
2024,4209201,Municipal,75.0,71.59,73.13,Lacerdópolis,SC,Sul,Atingiu ou superou,3.4099999999999966
2024,3113107,Municipal,83.33,71.59,73.13,Caranaíba,MG,Sudeste,Atingiu ou superou,11.739999999999995
2024,3116506,Municipal,68.63,71.63,73.16,Claro dos Poções,MG,Sudeste,Abaixo da meta,-3.0
2024,3139706,Municipal,76.79,71.64,73.17,Maravilhas,MG,Sudeste,Atingiu ou superou,5.150000000000006
2024,4202081,Municipal,56.89,71.69,73.21,Bandeirante,SC,Sul,Abaixo da meta,-14.799999999999997
2024,4109500,Municipal,57.18,71.7,73.22,Guaraqueçaba,PR,Sul,Abaixo da meta,-14.520000000000003
2024,3203106,Municipal,77.2,71.71,73.22,Jerônimo Monteiro,ES,Sudeste,Atingiu ou superou,5.490000000000009
2024,3205101,Municipal,68.8,71.71,73.22,Viana,ES,Sudeste,Abaixo da meta,-2.9099999999999966
2024,1100908,Municipal,65.42,71.71,73.22,Castanheiras,RO,Norte,Abaixo da meta,-6.289999999999992
2024,3141801,Municipal,78.82,71.72,73.23,Minas Novas,MG,Sudeste,Atingiu ou superou,7.099999999999994
2024,2203305,Municipal,73.33,71.72,73.23,Demerval Lobão,PI,Nordeste,Atingiu ou superou,1.6099999999999994
2024,4206306,Municipal,73.93,71.73,73.24,Guabiruba,SC,Sul,Atingiu ou superou,2.200000000000003
2024,3144409,Municipal,86.3,71.74,73.25,Natércia,MG,Sudeste,Atingiu ou superou,14.560000000000002
2024,5000203,Municipal,77.03,71.75,73.26,Água Clara,MS,Centro-Oeste,Atingiu ou superou,5.280000000000001
2024,4309654,Municipal,42.8,71.75,73.26,Hulha Negra,RS,Sul,Abaixo da meta,-28.950000000000003
2024,3165578,Municipal,76.97,71.75,73.26,Senador Amaral,MG,Sudeste,Atingiu ou superou,5.219999999999999
2024,2100436,Municipal,51.5,71.78,73.29,Alto Alegre do Maranhão,MA,Nordeste,Abaixo da meta,-20.28
2024,3508702,Municipal,75.94,71.78,73.29,Caconde,SP,Sudeste,Atingiu ou superou,4.159999999999997
2024,3170008,Municipal,58.55,71.8,73.3,Ubaí,MG,Sudeste,Abaixo da meta,-13.25
2024,3141405,Municipal,65.7,71.82,73.31,Medina,MG,Sudeste,Abaixo da meta,-6.11999999999999
2024,3109006,Municipal,87.73,71.82,73.32,Brumadinho,MG,Sudeste,Atingiu ou superou,15.91000000000001
2024,3542701,Municipal,55.18,71.82,73.32,Restinga,SP,Sudeste,Abaixo da meta,-16.639999999999993
2024,3544707,Municipal,91.33,71.82,73.32,Sagres,SP,Sudeste,Atingiu ou superou,19.510000000000005
2024,3104908,Municipal,77.43,71.83,73.33,Baependi,MG,Sudeste,Atingiu ou superou,5.6000000000000085
2024,2305266,Municipal,60.53,71.84,73.33,Ibaretama,CE,Nordeste,Abaixo da meta,-11.310000000000002
2024,4218707,Municipal,68.26,71.86,73.35,Tubarão,SC,Sul,Abaixo da meta,-3.5999999999999943
2024,4309803,Municipal,61.8,71.87,73.35,Ibiaçá,RS,Sul,Abaixo da meta,-10.070000000000007
2024,4206504,Municipal,64.09,71.87,73.35,Guaramirim,SC,Sul,Abaixo da meta,-7.780000000000001
2024,2608503,Municipal,79.42,71.87,73.36,Lagoa de Itaenga,PE,Nordeste,Atingiu ou superou,7.549999999999997
2024,3140159,Municipal,74.09,71.88,73.37,Mário Campos,MG,Sudeste,Atingiu ou superou,2.210000000000008
2024,2920304,Municipal,70.27,71.89,73.37,Malhada de Pedras,BA,Nordeste,Abaixo da meta,-1.6200000000000045
2024,4115903,Municipal,56.0,71.89,73.37,Mirador,PR,Sul,Abaixo da meta,-15.89
2024,3114600,Municipal,89.76,71.89,73.37,Carrancas,MG,Sudeste,Atingiu ou superou,17.870000000000005
2024,3148400,Municipal,90.14,71.9,73.38,Paulistas,MG,Sudeste,Atingiu ou superou,18.239999999999995
2024,4309506,Municipal,67.5,71.9,73.38,Guarani das Missões,RS,Sul,Abaixo da meta,-4.400000000000006
2024,4115705,Municipal,63.15,71.91,73.39,Matinhos,PR,Sul,Abaixo da meta,-8.759999999999998
2024,4100509,Municipal,78.17,71.92,73.4,Altônia,PR,Sul,Atingiu ou superou,6.25
2024,4106902,Municipal,65.96,71.93,73.41,Curitiba,PR,Sul,Abaixo da meta,-5.970000000000013
2024,3114303,Municipal,86.19,71.94,73.41,Carmo do Paranaíba,MG,Sudeste,Atingiu ou superou,14.25
2024,4104006,Municipal,66.84,71.94,73.41,Campina Grande do Sul,PR,Sul,Abaixo da meta,-5.099999999999994
2024,5204656,Municipal,81.73,71.97,73.43,Campinaçu,GO,Centro-Oeste,Atingiu ou superou,9.760000000000005
2024,2601805,Municipal,76.97,71.97,73.43,Betânia,PE,Nordeste,Atingiu ou superou,5.0
2024,3162708,Municipal,87.33,71.98,73.45,São João do Paraíso,MG,Sudeste,Atingiu ou superou,15.349999999999994
2024,4108601,Municipal,63.77,72.0,73.46,Goioerê,PR,Sul,Abaixo da meta,-8.229999999999997
2024,4213609,Municipal,59.53,72.02,73.47,Porto União,SC,Sul,Abaixo da meta,-12.489999999999995
2024,4201505,Municipal,79.08,72.02,73.47,Armazém,SC,Sul,Atingiu ou superou,7.060000000000002
2024,4212205,Municipal,64.15,72.03,73.49,Papanduva,SC,Sul,Abaixo da meta,-7.8799999999999955
2024,2310001,Municipal,74.59,72.04,73.49,Palhano,CE,Nordeste,Atingiu ou superou,2.549999999999997
2024,5206701,Municipal,83.93,72.05,73.5,Damianópolis,GO,Centro-Oeste,Atingiu ou superou,11.88000000000001
2024,3504107,Municipal,65.46,72.05,73.5,Atibaia,SP,Sudeste,Abaixo da meta,-6.590000000000003
2024,4300638,Municipal,57.2,72.06,73.51,Amaral Ferrador,RS,Sul,Abaixo da meta,-14.86
2024,2606101,Municipal,66.22,72.07,73.52,Glória do Goitá,PE,Nordeste,Abaixo da meta,-5.849999999999994
2024,3543238,Municipal,91.67,72.08,73.53,Ribeirão dos Índios,SP,Sudeste,Atingiu ou superou,19.590000000000003
2024,4205704,Municipal,75.75,72.08,73.53,Garopaba,SC,Sul,Atingiu ou superou,3.6700000000000017
2024,1301951,Municipal,82.23,72.11,73.55,Itamarati,AM,Norte,Atingiu ou superou,10.120000000000005
2024,3517109,Municipal,86.84,72.12,73.56,Glicério,SP,Sudeste,Atingiu ou superou,14.719999999999999
2024,3115102,Municipal,76.99,72.14,73.57,Cássia,MG,Sudeste,Atingiu ou superou,4.849999999999994
2024,4127957,Municipal,79.06,72.18,73.61,Tupãssi,PR,Sul,Atingiu ou superou,6.8799999999999955
2024,1507979,Municipal,65.58,72.19,73.61,Terra Santa,PA,Norte,Abaixo da meta,-6.609999999999999
2024,5200902,Municipal,80.65,72.21,73.63,Amorinópolis,GO,Centro-Oeste,Atingiu ou superou,8.440000000000012
2024,3104304,Municipal,88.09,72.21,73.63,Areado,MG,Sudeste,Atingiu ou superou,15.88000000000001
2024,3159803,Municipal,59.6,72.24,73.65,Santa Vitória,MG,Sudeste,Abaixo da meta,-12.639999999999993
2024,5208103,Municipal,86.67,72.26,73.67,Formoso,GO,Centro-Oeste,Atingiu ou superou,14.409999999999997
2024,4211876,Municipal,54.55,72.28,73.69,Paial,SC,Sul,Abaixo da meta,-17.730000000000004
2024,2207405,Municipal,72.22,72.28,73.69,Palmeira do Piauí,PI,Nordeste,Abaixo da meta,-0.060000000000002274
2024,4311239,Municipal,54.2,72.28,73.69,Lagoa Bonita do Sul,RS,Sul,Abaixo da meta,-18.08
2024,4121604,Municipal,82.55,72.28,73.69,Renascença,PR,Sul,Atingiu ou superou,10.269999999999996
2024,1508050,Municipal,62.19,72.29,73.69,Trairão,PA,Norte,Abaixo da meta,-10.100000000000009
2024,3134806,Municipal,85.13,72.3,73.7,Jacuí,MG,Sudeste,Atingiu ou superou,12.829999999999998
2024,3117108,Municipal,78.53,72.31,73.71,Conceição da Aparecida,MG,Sudeste,Atingiu ou superou,6.219999999999999
2024,3504404,Municipal,77.37,72.36,73.75,Avanhandava,SP,Sudeste,Atingiu ou superou,5.010000000000005
2024,1101708,Municipal,61.28,72.36,73.75,Urupá,RO,Norte,Abaixo da meta,-11.079999999999998
2024,3200607,Municipal,74.36,72.36,73.75,Aracruz,ES,Sudeste,Atingiu ou superou,2.0
2024,3205036,Municipal,72.05,72.36,73.75,Vargem Alta,ES,Sudeste,Abaixo da meta,-0.3100000000000023
2024,2608701,Municipal,86.35,72.37,73.76,Lagoa dos Gatos,PE,Nordeste,Atingiu ou superou,13.97999999999999
2024,4210605,Municipal,77.07,72.41,73.79,Massaranduba,SC,Sul,Atingiu ou superou,4.659999999999997
2024,4309753,Municipal,41.4,72.44,73.81,Ibarama,RS,Sul,Abaixo da meta,-31.04
2024,2111607,Municipal,84.5,72.44,73.81,São Raimundo das Mangabeiras,MA,Nordeste,Atingiu ou superou,12.060000000000002
2024,3135308,Municipal,78.49,72.45,73.82,Japaraíba,MG,Sudeste,Atingiu ou superou,6.039999999999992
2024,4305447,Municipal,69.0,72.46,73.83,Chuvisca,RS,Sul,Abaixo da meta,-3.4599999999999937
2024,2924504,Municipal,38.33,72.46,73.83,Pindaí,BA,Nordeste,Abaixo da meta,-34.129999999999995
2024,3506508,Municipal,78.13,72.5,73.86,Birigui,SP,Sudeste,Atingiu ou superou,5.6299999999999955
2024,4201802,Municipal,64.79,72.52,73.88,Atalanta,SC,Sul,Abaixo da meta,-7.72999999999999
2024,3507308,Municipal,66.62,72.55,73.9,Boracéia,SP,Sudeste,Abaixo da meta,-5.929999999999993
2024,3519402,Municipal,61.64,72.56,73.91,Ibirá,SP,Sudeste,Abaixo da meta,-10.920000000000002
2024,3155900,Municipal,62.04,72.56,73.91,Rio Preto,MG,Sudeste,Abaixo da meta,-10.520000000000003
2024,3161650,Municipal,76.32,72.56,73.91,São Geraldo do Baixio,MG,Sudeste,Atingiu ou superou,3.759999999999991
2024,3164308,Municipal,77.02,72.56,73.91,São Roque de Minas,MG,Sudeste,Atingiu ou superou,4.459999999999994
2024,4119954,Municipal,61.28,72.58,73.93,Pontal do Paraná,PR,Sul,Abaixo da meta,-11.299999999999997
2024,4323358,Municipal,52.9,72.6,73.94,Vila Lângaro,RS,Sul,Abaixo da meta,-19.699999999999996
2024,4309605,Municipal,57.2,72.61,73.96,Horizontina,RS,Sul,Abaixo da meta,-15.409999999999997
2024,5106315,Municipal,58.27,72.61,73.96,Novo Santo Antônio,MT,Centro-Oeste,Abaixo da meta,-14.339999999999996
2024,2601508,Municipal,79.67,72.62,73.96,Belém de Maria,PE,Nordeste,Atingiu ou superou,7.049999999999997
2024,3155306,Municipal,98.05,72.62,73.96,Rio Manso,MG,Sudeste,Atingiu ou superou,25.429999999999993
2024,3149903,Municipal,79.12,72.62,73.96,Perdões,MG,Sudeste,Atingiu ou superou,6.5
2024,3115706,Municipal,72.79,72.65,73.98,Central de Minas,MG,Sudeste,Atingiu ou superou,0.14000000000000057
2024,4218103,Municipal,80.2,72.66,74.0,Timbé do Sul,SC,Sul,Atingiu ou superou,7.540000000000006
2024,4302238,Municipal,26.6,72.67,74.0,Boa Vista do Incra,RS,Sul,Abaixo da meta,-46.07
2024,3118700,Municipal,82.47,72.67,74.0,Coqueiral,MG,Sudeste,Atingiu ou superou,9.799999999999997
2024,2107001,Municipal,55.27,72.68,74.01,Montes Altos,MA,Nordeste,Abaixo da meta,-17.410000000000004
2024,4128708,Municipal,70.19,72.74,74.06,Vitorino,PR,Sul,Abaixo da meta,-2.549999999999997
2024,4216909,Municipal,71.25,72.76,74.08,São Lourenço do Oeste,SC,Sul,Abaixo da meta,-1.5100000000000051
2024,3305158,Municipal,76.78,72.76,74.08,São José do Vale do Rio Preto,RJ,Sudeste,Atingiu ou superou,4.019999999999996
2024,4302220,Municipal,66.7,72.77,74.08,Boa Vista do Cadeado,RS,Sul,Abaixo da meta,-6.069999999999993
2024,3528700,Municipal,48.33,72.78,74.09,Marabá Paulista,SP,Sudeste,Abaixo da meta,-24.450000000000003
2024,4211256,Municipal,81.82,72.78,74.09,Morro Grande,SC,Sul,Atingiu ou superou,9.039999999999992
2024,3539707,Municipal,84.61,72.78,74.09,Platina,SP,Sudeste,Atingiu ou superou,11.829999999999998
2024,4106704,Municipal,71.42,72.78,74.09,Cruzeiro do Sul,PR,Sul,Abaixo da meta,-1.3599999999999994
2024,4313441,Municipal,47.4,72.78,74.09,Novo Tiradentes,RS,Sul,Abaixo da meta,-25.380000000000003
2024,4319737,Municipal,46.2,72.78,74.09,São Valério do Sul,RS,Sul,Abaixo da meta,-26.58
2024,3145703,Municipal,83.33,72.78,74.09,Oliveira Fortes,MG,Sudeste,Atingiu ou superou,10.549999999999997
2024,3540309,Municipal,74.25,72.78,74.09,Pontes Gestal,SP,Sudeste,Atingiu ou superou,1.4699999999999989
2024,5202809,Municipal,100.0,72.79,74.1,Avelinópolis,GO,Centro-Oeste,Atingiu ou superou,27.209999999999994
2024,5205901,Municipal,82.63,72.79,74.1,Corumbaíba,GO,Centro-Oeste,Atingiu ou superou,9.83999999999999
2024,2602506,Municipal,79.05,72.8,74.1,Brejinho,PE,Nordeste,Atingiu ou superou,6.25
2024,4127908,Municipal,68.12,72.81,74.11,Tuneiras do Oeste,PR,Sul,Abaixo da meta,-4.689999999999998
2024,3548104,Municipal,72.45,72.81,74.11,Santo Antônio do Jardim,SP,Sudeste,Abaixo da meta,-0.35999999999999943
2024,4320107,Municipal,47.7,72.81,74.12,Sarandi,RS,Sul,Abaixo da meta,-25.11
2024,3164605,Municipal,76.46,72.84,74.14,São Sebastião do Oeste,MG,Sudeste,Atingiu ou superou,3.6199999999999903
2024,5107248,Municipal,93.91,72.84,74.14,Santa Carmem,MT,Centro-Oeste,Atingiu ou superou,21.069999999999993
2024,3514304,Municipal,71.85,72.84,74.14,Dourado,SP,Sudeste,Abaixo da meta,-0.9900000000000091
2024,3154309,Municipal,61.12,72.87,74.16,Resplendor,MG,Sudeste,Abaixo da meta,-11.750000000000007
2024,3127800,Municipal,86.04,72.9,74.18,Grão Mogol,MG,Sudeste,Atingiu ou superou,13.14
2024,4219606,Municipal,80.95,72.9,74.19,Xavantina,SC,Sul,Atingiu ou superou,8.049999999999997
2024,4208401,Municipal,78.16,72.9,74.19,Itapiranga,SC,Sul,Atingiu ou superou,5.259999999999991
2024,3500758,Municipal,61.45,72.91,74.2,Alambari,SP,Sudeste,Abaixo da meta,-11.459999999999994
2024,3527900,Municipal,78.67,72.92,74.2,Lutécia,SP,Sudeste,Atingiu ou superou,5.75
2024,5106257,Municipal,45.12,72.93,74.21,Nova Xavantina,MT,Centro-Oeste,Abaixo da meta,-27.81000000000001
2024,2413607,Municipal,47.88,72.95,74.22,Severiano Melo,RN,Nordeste,Abaixo da meta,-25.07
2024,3124203,Municipal,61.52,72.95,74.22,Espera Feliz,MG,Sudeste,Abaixo da meta,-11.43
2024,4117701,Municipal,65.93,72.95,74.23,Palmeira,PR,Sul,Abaixo da meta,-7.019999999999996
2024,1715150,Municipal,70.33,72.98,74.25,Novo Alegre,TO,Norte,Abaixo da meta,-2.6500000000000057
2024,5218102,Municipal,76.08,72.99,74.26,Portelândia,GO,Centro-Oeste,Atingiu ou superou,3.0900000000000034
2024,4120903,Municipal,62.11,73.0,74.27,Quedas do Iguaçu,PR,Sul,Abaixo da meta,-10.89
2024,2600302,Municipal,64.09,73.01,74.28,Agrestina,PE,Nordeste,Abaixo da meta,-8.920000000000002
2024,2507101,Municipal,84.21,73.05,74.3,Itapororoca,PB,Nordeste,Atingiu ou superou,11.159999999999997
2024,4121208,Municipal,75.8,73.05,74.31,Quitandinha,PR,Sul,Atingiu ou superou,2.75
2024,4315107,Municipal,52.9,73.05,74.31,Porto Xavier,RS,Sul,Abaixo da meta,-20.15
2024,3509403,Municipal,54.99,73.07,74.32,Cajuru,SP,Sudeste,Abaixo da meta,-18.07999999999999
2024,3113206,Municipal,80.43,73.09,74.34,Carandaí,MG,Sudeste,Atingiu ou superou,7.340000000000003
2024,4207908,Municipal,79.25,73.1,74.35,Irineópolis,SC,Sul,Atingiu ou superou,6.150000000000006
2024,3202405,Municipal,75.99,73.1,74.35,Guarapari,ES,Sudeste,Atingiu ou superou,2.8900000000000006
2024,2505006,Municipal,97.47,73.11,74.36,Cubati,PB,Nordeste,Atingiu ou superou,24.36
2024,3203130,Municipal,77.28,73.12,74.37,João Neiva,ES,Sudeste,Atingiu ou superou,4.159999999999997
2024,3525508,Municipal,57.3,73.15,74.39,Joanópolis,SP,Sudeste,Abaixo da meta,-15.850000000000009
2024,4305132,Municipal,66.7,73.15,74.39,Cerro Branco,RS,Sul,Abaixo da meta,-6.450000000000003
2024,4218400,Municipal,62.38,73.15,74.39,Treze de Maio,SC,Sul,Abaixo da meta,-10.770000000000003
2024,4100905,Municipal,76.71,73.16,74.4,Amaporã,PR,Sul,Atingiu ou superou,3.549999999999997
2024,3543105,Municipal,74.51,73.16,74.4,Ribeirão Corrente,SP,Sudeste,Atingiu ou superou,1.3500000000000085
2024,4322202,Municipal,44.4,73.19,74.42,Tupanciretã,RS,Sul,Abaixo da meta,-28.79
2024,4110078,Municipal,70.26,73.19,74.42,Imbaú,PR,Sul,Abaixo da meta,-2.9299999999999926
2024,3203007,Municipal,67.97,73.2,74.43,Iúna,ES,Sudeste,Abaixo da meta,-5.230000000000004
2024,4125902,Municipal,75.0,73.2,74.43,São Pedro do Paraná,PR,Sul,Atingiu ou superou,1.7999999999999972
2024,4107546,Municipal,81.78,73.21,74.44,Espigão Alto do Iguaçu,PR,Sul,Atingiu ou superou,8.570000000000007
2024,3150406,Municipal,83.86,73.21,74.44,Piedade dos Gerais,MG,Sudeste,Atingiu ou superou,10.650000000000006
2024,1101559,Municipal,65.3,73.21,74.44,Teixeirópolis,RO,Norte,Abaixo da meta,-7.909999999999997
2024,2308708,Municipal,76.09,73.22,74.45,Morada Nova,CE,Nordeste,Atingiu ou superou,2.8700000000000045
2024,3125200,Municipal,86.96,73.24,74.46,Fama,MG,Sudeste,Atingiu ou superou,13.719999999999999
2024,3157906,Municipal,60.93,73.24,74.46,Santa Margarida,MG,Sudeste,Abaixo da meta,-12.309999999999995
2024,3109501,Municipal,86.58,73.25,74.47,Cabo Verde,MG,Sudeste,Atingiu ou superou,13.329999999999998
2024,2607307,Municipal,70.08,73.25,74.47,Ipubi,PE,Nordeste,Abaixo da meta,-3.1700000000000017
2024,3101631,Municipal,78.08,73.26,74.48,Alfredo Vasconcelos,MG,Sudeste,Atingiu ou superou,4.819999999999993
2024,5204557,Municipal,60.87,73.27,74.49,Caldazinha,GO,Centro-Oeste,Abaixo da meta,-12.399999999999999
2024,3137700,Municipal,69.27,73.28,74.49,Lajinha,MG,Sudeste,Abaixo da meta,-4.010000000000005
2024,4200051,Municipal,77.08,73.3,74.51,Abdon Batista,SC,Sul,Atingiu ou superou,3.780000000000001
2024,4313060,Municipal,45.3,73.32,74.53,Nova Hartz,RS,Sul,Abaixo da meta,-28.019999999999996
2024,4114906,Municipal,84.99,73.34,74.54,Marilândia do Sul,PR,Sul,Atingiu ou superou,11.649999999999991
2024,5205802,Municipal,80.7,73.34,74.54,Corumbá de Goiás,GO,Centro-Oeste,Atingiu ou superou,7.359999999999999
2024,3120409,Municipal,89.96,73.35,74.55,Cristiano Otoni,MG,Sudeste,Atingiu ou superou,16.61
2024,2100105,Municipal,93.1,73.36,74.56,Afonso Cunha,MA,Nordeste,Atingiu ou superou,19.739999999999995
2024,4113304,Municipal,68.0,73.37,74.57,Laranjeiras do Sul,PR,Sul,Abaixo da meta,-5.3700000000000045
2024,3154101,Municipal,64.51,73.4,74.59,Recreio,MG,Sudeste,Abaixo da meta,-8.89
2024,1101401,Municipal,69.92,73.41,74.6,Monte Negro,RO,Norte,Abaixo da meta,-3.489999999999995
2024,3203056,Municipal,80.31,73.41,74.6,Jaguaré,ES,Sudeste,Atingiu ou superou,6.900000000000006
2024,5201108,Municipal,73.22,73.43,74.61,Anápolis,GO,Centro-Oeste,Abaixo da meta,-0.21000000000000796
2024,3201407,Municipal,82.7,73.43,74.61,Castelo,ES,Sudeste,Atingiu ou superou,9.269999999999996
2024,4114401,Municipal,66.1,73.44,74.62,Mangueirinha,PR,Sul,Abaixo da meta,-7.340000000000003
2024,4317558,Municipal,34.6,73.44,74.62,Santo Antônio do Palma,RS,Sul,Abaixo da meta,-38.839999999999996
2024,2608909,Municipal,67.03,73.45,74.63,Limoeiro,PE,Nordeste,Abaixo da meta,-6.420000000000002
2024,3108800,Municipal,63.3,73.45,74.63,Braúnas,MG,Sudeste,Abaixo da meta,-10.150000000000006
2024,3546801,Municipal,67.17,73.45,74.63,Santa Isabel,SP,Sudeste,Abaixo da meta,-6.280000000000001
2024,3170438,Municipal,72.68,73.46,74.64,União de Minas,MG,Sudeste,Abaixo da meta,-0.7799999999999869
2024,4200507,Municipal,75.76,73.48,74.65,Águas de Chapecó,SC,Sul,Atingiu ou superou,2.280000000000001
2024,4113007,Municipal,66.03,73.48,74.65,Jussara,PR,Sul,Abaixo da meta,-7.450000000000003
2024,4323101,Municipal,70.1,73.49,74.66,Vicente Dutra,RS,Sul,Abaixo da meta,-3.3900000000000006
2024,4203907,Municipal,69.54,73.49,74.66,Capinzal,SC,Sul,Abaixo da meta,-3.9499999999999886
2024,5100607,Municipal,70.01,73.52,74.69,Alto Taquari,MT,Centro-Oeste,Abaixo da meta,-3.509999999999991
2024,3503604,Municipal,75.02,73.52,74.69,Areiópolis,SP,Sudeste,Atingiu ou superou,1.5
2024,2106607,Municipal,34.52,73.54,74.7,Matões,MA,Nordeste,Abaixo da meta,-39.02
2024,3145000,Municipal,78.86,73.54,74.7,Nova Ponte,MG,Sudeste,Atingiu ou superou,5.319999999999993
2024,3133501,Municipal,84.46,73.56,74.72,Itapecerica,MG,Sudeste,Atingiu ou superou,10.899999999999991
2024,3514924,Municipal,85.34,73.56,74.72,Elisiário,SP,Sudeste,Atingiu ou superou,11.780000000000001
2024,3133709,Municipal,80.42,73.57,74.73,Itatiaiuçu,MG,Sudeste,Atingiu ou superou,6.8500000000000085
2024,4103057,Municipal,53.35,73.58,74.74,Boa Vista da Aparecida,PR,Sul,Abaixo da meta,-20.229999999999997
2024,1100155,Municipal,66.4,73.58,74.74,Ouro Preto do Oeste,RO,Norte,Abaixo da meta,-7.179999999999993
2024,4113502,Municipal,73.8,73.6,74.76,Loanda,PR,Sul,Atingiu ou superou,0.20000000000000284
2024,4317202,Municipal,58.8,73.6,74.76,Santa Rosa,RS,Sul,Abaixo da meta,-14.799999999999997
2024,3124500,Municipal,91.03,73.63,74.78,Estiva,MG,Sudeste,Atingiu ou superou,17.400000000000006
2024,3204708,Municipal,80.69,73.64,74.78,São Gabriel da Palha,ES,Sudeste,Atingiu ou superou,7.049999999999997
2024,4218756,Municipal,73.65,,74.79,Tunápolis,SC,Sul,Sem dados para comparação,
2024,4314704,Municipal,54.1,73.65,74.79,Planalto,RS,Sul,Abaixo da meta,-19.550000000000004
2024,3119708,Municipal,92.31,73.66,74.8,Coronel Xavier Chaves,MG,Sudeste,Atingiu ou superou,18.650000000000006
2024,1101203,Municipal,69.17,73.67,74.81,Ministro Andreazza,RO,Norte,Abaixo da meta,-4.5
2024,5204250,Municipal,79.19,73.68,74.82,Cachoeira Dourada,GO,Centro-Oeste,Atingiu ou superou,5.509999999999991
2024,1505908,Municipal,81.16,73.69,74.82,Porto de Moz,PA,Norte,Atingiu ou superou,7.469999999999999
2024,3163003,Municipal,52.73,73.69,74.82,São José da Safira,MG,Sudeste,Abaixo da meta,-20.96
2024,4313953,Municipal,25.7,73.69,74.82,Pantano Grande,RS,Sul,Abaixo da meta,-47.989999999999995
2024,1100502,Municipal,70.67,73.7,74.83,Novo Horizonte do Oeste,RO,Norte,Abaixo da meta,-3.030000000000001
2024,4108908,Municipal,80.71,73.72,74.85,Guairaçá,PR,Sul,Atingiu ou superou,6.989999999999995
2024,3137205,Municipal,79.9,73.73,74.86,Lagoa da Prata,MG,Sudeste,Atingiu ou superou,6.170000000000002
2024,4102604,Municipal,73.99,73.73,74.86,Barracão,PR,Sul,Atingiu ou superou,0.2599999999999909
2024,4211801,Municipal,82.18,73.74,74.86,Ouro,SC,Sul,Atingiu ou superou,8.440000000000012
2024,5221502,Municipal,80.7,73.74,74.86,Turvânia,GO,Centro-Oeste,Atingiu ou superou,6.960000000000008
2024,4302303,Municipal,40.2,73.75,74.87,Bom Jesus,RS,Sul,Abaixo da meta,-33.55
2024,5219209,Municipal,85.78,73.75,74.87,Santa Cruz de Goiás,GO,Centro-Oeste,Atingiu ou superou,12.030000000000001
2024,2606903,Municipal,83.67,73.75,74.87,Iguaraci,PE,Nordeste,Atingiu ou superou,9.920000000000002
2024,5209291,Municipal,95.32,73.75,74.87,Guaraíta,GO,Centro-Oeste,Atingiu ou superou,21.569999999999993
2024,2609006,Municipal,81.95,73.76,74.88,Macaparana,PE,Nordeste,Atingiu ou superou,8.189999999999998
2024,3503406,Municipal,79.38,73.77,74.89,Arealva,SP,Sudeste,Atingiu ou superou,5.609999999999999
2024,2608602,Municipal,85.39,73.78,74.9,Lagoa do Ouro,PE,Nordeste,Atingiu ou superou,11.61
2024,3152170,Municipal,67.71,73.78,74.9,Ponto dos Volantes,MG,Sudeste,Abaixo da meta,-6.070000000000007
2024,3148202,Municipal,80.53,73.79,74.9,Patrocínio do Muriaé,MG,Sudeste,Atingiu ou superou,6.739999999999995
2024,4300570,Municipal,58.3,73.84,74.95,Alto Feliz,RS,Sul,Abaixo da meta,-15.540000000000006
2024,4214300,Municipal,80.38,73.86,74.97,Rancho Queimado,SC,Sul,Atingiu ou superou,6.519999999999996
2024,2513000,Municipal,83.93,73.86,74.97,Salgadinho,PB,Nordeste,Atingiu ou superou,10.070000000000007
2024,3510005,Municipal,65.51,73.87,74.97,Cândido Mota,SP,Sudeste,Abaixo da meta,-8.36
2024,2304954,Municipal,79.83,73.87,74.97,Guaiúba,CE,Nordeste,Atingiu ou superou,5.959999999999994
2024,4109203,Municipal,72.67,73.88,74.98,Guaraci,PR,Sul,Abaixo da meta,-1.2099999999999937
2024,4319901,Municipal,41.1,73.9,74.99,Sapiranga,RS,Sul,Abaixo da meta,-32.800000000000004
2024,4308102,Municipal,51.1,73.9,75.0,Feliz,RS,Sul,Abaixo da meta,-22.800000000000004
2024,2104701,Municipal,75.68,73.9,75.0,Graça Aranha,MA,Nordeste,Atingiu ou superou,1.7800000000000011
2024,5220405,Municipal,82.29,73.9,75.0,São Simão,GO,Centro-Oeste,Atingiu ou superou,8.39
2024,4208906,Municipal,75.11,73.91,75.01,Jaraguá do Sul,SC,Sul,Atingiu ou superou,1.2000000000000028
2024,3130408,Municipal,82.9,73.92,75.01,Ijaci,MG,Sudeste,Atingiu ou superou,8.980000000000004
2024,2100709,Municipal,41.33,73.92,75.01,Anajatuba,MA,Nordeste,Abaixo da meta,-32.59
2024,3150505,Municipal,94.39,73.93,75.02,Pimenta,MG,Sudeste,Atingiu ou superou,20.459999999999994
2024,2105450,Municipal,68.34,73.93,75.02,Jatobá,MA,Nordeste,Abaixo da meta,-5.590000000000003
2024,4317400,Municipal,61.2,73.95,75.04,Santiago,RS,Sul,Abaixo da meta,-12.75
2024,5214606,Municipal,80.22,73.95,75.04,Niquelândia,GO,Centro-Oeste,Atingiu ou superou,6.269999999999996
2024,4109757,Municipal,70.35,73.95,75.04,Ibema,PR,Sul,Abaixo da meta,-3.6000000000000085
2024,2301703,Municipal,73.84,73.96,75.05,Aurora,CE,Nordeste,Abaixo da meta,-0.11999999999999034
2024,2516706,Municipal,81.85,73.96,75.05,Teixeira,PB,Nordeste,Atingiu ou superou,7.890000000000001
2024,4121703,Municipal,81.08,73.98,75.06,Reserva,PR,Sul,Atingiu ou superou,7.099999999999994
2024,4104055,Municipal,78.31,73.98,75.06,Campo Bonito,PR,Sul,Atingiu ou superou,4.329999999999998
2024,4109708,Municipal,71.64,73.99,75.07,Ibaiti,PR,Sul,Abaixo da meta,-2.3499999999999943
2024,5107404,Municipal,76.26,74.0,75.07,São Pedro da Cipa,MT,Centro-Oeste,Atingiu ou superou,2.260000000000005
2024,4202156,Municipal,80.41,74.01,75.08,Belmonte,SC,Sul,Atingiu ou superou,6.3999999999999915
2024,5217302,Municipal,64.06,74.01,75.09,Pirenópolis,GO,Centro-Oeste,Abaixo da meta,-9.950000000000003
2024,3531506,Municipal,55.38,74.01,75.09,Monte Azul Paulista,SP,Sudeste,Abaixo da meta,-18.630000000000003
2024,4210035,Municipal,79.74,74.01,75.09,Luzerna,SC,Sul,Atingiu ou superou,5.72999999999999
2024,3511300,Municipal,55.73,74.02,75.09,Cedral,SP,Sudeste,Abaixo da meta,-18.29
2024,2614600,Municipal,69.1,74.03,75.1,Tabira,PE,Nordeste,Abaixo da meta,-4.930000000000007
2024,4312450,Municipal,47.4,74.06,75.12,Morro Redondo,RS,Sul,Abaixo da meta,-26.660000000000004
2024,4104600,Municipal,78.04,74.06,75.13,Capitão Leônidas Marques,PR,Sul,Atingiu ou superou,3.980000000000004
2024,3159704,Municipal,79.88,74.06,75.13,Santa Rosa da Serra,MG,Sudeste,Atingiu ou superou,5.819999999999993
2024,4210100,Municipal,77.41,74.07,75.13,Mafra,SC,Sul,Atingiu ou superou,3.3400000000000034
2024,3515301,Municipal,89.26,74.08,75.14,Estrela do Norte,SP,Sudeste,Atingiu ou superou,15.180000000000007
2024,4119608,Municipal,73.42,74.08,75.14,Pitanga,PR,Sul,Abaixo da meta,-0.6599999999999966
2024,4119400,Municipal,74.06,74.08,75.14,Piraí do Sul,PR,Sul,Abaixo da meta,-0.01999999999999602
2024,4107108,Municipal,78.26,74.08,75.14,Diamante do Norte,PR,Sul,Atingiu ou superou,4.180000000000007
2024,3157005,Municipal,77.08,74.1,75.15,Salinas,MG,Sudeste,Atingiu ou superou,2.980000000000004
2024,4314035,Municipal,54.0,74.1,75.15,Pareci Novo,RS,Sul,Abaixo da meta,-20.099999999999994
2024,4108304,Municipal,72.01,74.1,75.15,Foz do Iguaçu,PR,Sul,Abaixo da meta,-2.089999999999989
2024,3116308,Municipal,92.31,74.17,75.22,Cipotânea,MG,Sudeste,Atingiu ou superou,18.14
2024,4215802,Municipal,76.73,74.17,75.22,São Bento do Sul,SC,Sul,Atingiu ou superou,2.5600000000000023
2024,4105706,Municipal,74.84,74.18,75.22,Clevelândia,PR,Sul,Atingiu ou superou,0.6599999999999966
2024,3167806,Municipal,88.35,74.19,75.23,Soledade de Minas,MG,Sudeste,Atingiu ou superou,14.159999999999997
2024,2202703,Municipal,83.93,74.22,75.26,Cocal,PI,Nordeste,Atingiu ou superou,9.710000000000008
2024,5107305,Municipal,60.28,74.23,75.26,São José do Rio Claro,MT,Centro-Oeste,Abaixo da meta,-13.950000000000003
2024,4306007,Municipal,57.4,74.23,75.26,Crissiumal,RS,Sul,Abaixo da meta,-16.830000000000005
2024,5204102,Municipal,78.35,74.25,75.28,Cachoeira Alta,GO,Centro-Oeste,Atingiu ou superou,4.099999999999994
2024,3152709,Municipal,93.22,74.26,75.29,Prados,MG,Sudeste,Atingiu ou superou,18.959999999999994
2024,2509404,Municipal,60.61,74.26,75.29,Mogeiro,PB,Nordeste,Abaixo da meta,-13.650000000000006
2024,1501725,Municipal,87.6,74.26,75.29,Brasil Novo,PA,Norte,Atingiu ou superou,13.33999999999999
2024,5204300,Municipal,91.38,74.28,75.3,Caçu,GO,Centro-Oeste,Atingiu ou superou,17.099999999999994
2024,5106240,Municipal,58.41,74.28,75.3,Nova Ubiratã,MT,Centro-Oeste,Abaixo da meta,-15.870000000000005
2024,4311908,Municipal,77.7,74.28,75.3,Marcelino Ramos,RS,Sul,Atingiu ou superou,3.4200000000000017
2024,4114807,Municipal,73.09,74.29,75.31,Marialva,PR,Sul,Abaixo da meta,-1.2000000000000028
2024,4109906,Municipal,51.76,74.31,75.32,Icaraíma,PR,Sul,Abaixo da meta,-22.550000000000004
2024,4312252,Municipal,69.6,74.31,75.32,Minas do Leão,RS,Sul,Abaixo da meta,-4.710000000000008
2024,4219200,Municipal,83.76,74.32,75.34,Vidal Ramos,SC,Sul,Atingiu ou superou,9.440000000000012
2024,3203320,Municipal,69.4,74.32,75.34,Marataízes,ES,Sudeste,Abaixo da meta,-4.9199999999999875
2024,4311601,Municipal,73.9,74.33,75.34,Liberato Salzano,RS,Sul,Abaixo da meta,-0.4299999999999926
2024,5106158,Municipal,76.59,74.34,75.35,Nova Bandeirantes,MT,Centro-Oeste,Atingiu ou superou,2.25
2024,4124020,Municipal,77.75,74.35,75.36,Santa Tereza do Oeste,PR,Sul,Atingiu ou superou,3.4000000000000057
2024,2506509,Municipal,100.0,74.35,75.36,Gurjão,PB,Nordeste,Atingiu ou superou,25.650000000000006
2024,4202578,Municipal,95.99,74.35,75.36,Bom Jesus do Oeste,SC,Sul,Atingiu ou superou,21.64
2024,4126207,Municipal,83.01,74.36,75.36,Sapopema,PR,Sul,Atingiu ou superou,8.650000000000006
2024,4302253,Municipal,75.0,74.36,75.37,Boa Vista do Sul,RS,Sul,Atingiu ou superou,0.6400000000000006
2024,4306973,Municipal,38.5,74.36,75.37,Erebango,RS,Sul,Abaixo da meta,-35.86
2024,4301800,Municipal,56.4,74.37,75.38,Barracão,RS,Sul,Abaixo da meta,-17.970000000000006
2024,4104204,Municipal,69.19,74.37,75.38,Campo Largo,PR,Sul,Abaixo da meta,-5.180000000000007
2024,5004601,Municipal,79.41,74.38,75.39,Itaquiraí,MS,Centro-Oeste,Atingiu ou superou,5.030000000000001
2024,3519808,Municipal,81.32,74.38,75.39,Icém,SP,Sudeste,Atingiu ou superou,6.939999999999998
2024,4315701,Municipal,63.4,74.39,75.39,Rio Pardo,RS,Sul,Abaixo da meta,-10.990000000000002
2024,4109807,Municipal,64.9,74.39,75.39,Ibiporã,PR,Sul,Abaixo da meta,-9.489999999999995
2024,3155603,Municipal,85.31,74.39,75.39,Rio Pardo de Minas,MG,Sudeste,Atingiu ou superou,10.920000000000002
2024,4104428,Municipal,64.69,74.4,75.4,Candói,PR,Sul,Abaixo da meta,-9.710000000000008
2024,3554201,Municipal,59.38,74.41,75.41,Tejupá,SP,Sudeste,Abaixo da meta,-15.029999999999994
2024,5217708,Municipal,86.03,74.41,75.41,Pontalina,GO,Centro-Oeste,Atingiu ou superou,11.620000000000005
2024,4122404,Municipal,71.84,74.42,75.42,Rolândia,PR,Sul,Abaixo da meta,-2.5799999999999983
2024,2511509,Municipal,38.07,74.43,75.43,Pilar,PB,Nordeste,Abaixo da meta,-36.36000000000001
2024,3105301,Municipal,94.51,74.43,75.43,Bandeira do Sul,MG,Sudeste,Atingiu ou superou,20.08
2024,3550001,Municipal,59.66,74.44,75.43,São Luís do Paraitinga,SP,Sudeste,Abaixo da meta,-14.780000000000001
2024,4112405,Municipal,80.87,74.44,75.43,Japurá,PR,Sul,Atingiu ou superou,6.430000000000007
2024,2209500,Municipal,85.37,74.44,75.43,Santo Inácio do Piauí,PI,Nordeste,Atingiu ou superou,10.930000000000007
2024,1600238,Municipal,74.96,74.45,75.44,Ferreira Gomes,AP,Norte,Atingiu ou superou,0.5099999999999909
2024,4110201,Municipal,70.03,74.45,75.44,Inácio Martins,PR,Sul,Abaixo da meta,-4.420000000000002
2024,4307559,Municipal,45.4,74.46,75.45,Estação,RS,Sul,Abaixo da meta,-29.059999999999995
2024,3117900,Municipal,83.44,74.47,75.46,Congonhal,MG,Sudeste,Atingiu ou superou,8.969999999999999
2024,2100204,Municipal,70.97,74.47,75.46,Alcântara,MA,Nordeste,Abaixo da meta,-3.5
2024,4317707,Municipal,53.0,74.48,75.47,Santo Antônio das Missões,RS,Sul,Abaixo da meta,-21.480000000000004
2024,3110004,Municipal,70.95,74.49,75.47,Caeté,MG,Sudeste,Abaixo da meta,-3.539999999999992
2024,4115606,Municipal,71.4,74.52,75.5,Matelândia,PR,Sul,Abaixo da meta,-3.1199999999999903
2024,4308904,Municipal,52.3,74.54,75.51,Getúlio Vargas,RS,Sul,Abaixo da meta,-22.24000000000001
2024,3531407,Municipal,65.44,74.54,75.51,Monte Aprazível,SP,Sudeste,Abaixo da meta,-9.100000000000009
2024,3171154,Municipal,81.82,74.55,75.52,Vermelho Novo,MG,Sudeste,Atingiu ou superou,7.269999999999996
2024,4125704,Municipal,77.84,74.57,75.54,São Miguel do Iguaçu,PR,Sul,Atingiu ou superou,3.2700000000000102
2024,2701001,Municipal,88.19,74.59,75.55,Boca da Mata,AL,Nordeste,Atingiu ou superou,13.599999999999994
2024,5207535,Municipal,70.81,74.61,75.57,Faina,GO,Centro-Oeste,Abaixo da meta,-3.799999999999997
2024,3540606,Municipal,70.08,74.61,75.58,Porto Feliz,SP,Sudeste,Abaixo da meta,-4.530000000000001
2024,3128303,Municipal,65.21,74.61,75.58,Guaranésia,MG,Sudeste,Abaixo da meta,-9.400000000000006
2024,2301505,Municipal,76.0,74.62,75.58,Arneiroz,CE,Nordeste,Atingiu ou superou,1.3799999999999955
2024,4123907,Municipal,83.73,74.63,75.59,Santa Mariana,PR,Sul,Atingiu ou superou,9.100000000000009
2024,4204459,Municipal,90.43,74.66,75.61,Coronel Martins,SC,Sul,Atingiu ou superou,15.77000000000001
2024,4215695,Municipal,81.82,74.66,75.61,Santiago do Sul,SC,Sul,Atingiu ou superou,7.159999999999997
2024,4104709,Municipal,66.18,74.67,75.62,Carlópolis,PR,Sul,Abaixo da meta,-8.489999999999995
2024,3201605,Municipal,68.12,74.67,75.62,Conceição da Barra,ES,Sudeste,Abaixo da meta,-6.549999999999997
2024,3105905,Municipal,83.24,74.67,75.62,Barroso,MG,Sudeste,Atingiu ou superou,8.569999999999993
2024,4302352,Municipal,55.3,74.68,75.63,Bom Princípio,RS,Sul,Abaixo da meta,-19.38000000000001
2024,4110300,Municipal,69.71,74.7,75.64,Inajá,PR,Sul,Abaixo da meta,-4.990000000000009
2024,3201506,Municipal,77.5,74.72,75.66,Colatina,ES,Sudeste,Atingiu ou superou,2.780000000000001
2024,5204706,Municipal,81.71,74.74,75.68,Campinorte,GO,Centro-Oeste,Atingiu ou superou,6.969999999999999
2024,3119906,Municipal,100.0,74.76,75.69,Córrego do Bom Jesus,MG,Sudeste,Atingiu ou superou,25.239999999999995
2024,4320354,Municipal,23.5,74.77,75.7,Sentinela do Sul,RS,Sul,Abaixo da meta,-51.269999999999996
2024,3517901,Municipal,73.02,74.77,75.7,Guaraci,SP,Sudeste,Abaixo da meta,-1.75
2024,2109056,Municipal,34.42,74.78,75.71,Porto Rico do Maranhão,MA,Nordeste,Abaixo da meta,-40.36
2024,4128807,Municipal,55.19,74.79,75.72,Xambrê,PR,Sul,Abaixo da meta,-19.60000000000001
2024,2205276,Municipal,95.24,74.79,75.72,Jatobá do Piauí,PI,Nordeste,Atingiu ou superou,20.44999999999999
2024,5100300,Municipal,75.59,74.79,75.72,Alto Araguaia,MT,Centro-Oeste,Atingiu ou superou,0.7999999999999972
2024,4126678,Municipal,65.46,74.8,75.72,Tamarana,PR,Sul,Abaixo da meta,-9.340000000000003
2024,2208551,Municipal,64.29,74.81,75.73,Porto Alegre do Piauí,PI,Nordeste,Abaixo da meta,-10.519999999999996
2024,3145851,Municipal,82.24,74.81,75.73,Oratórios,MG,Sudeste,Atingiu ou superou,7.429999999999993
2024,3548401,Municipal,77.36,74.82,75.74,Santópolis do Aguapeí,SP,Sudeste,Atingiu ou superou,2.5400000000000063
2024,4113700,Municipal,72.99,74.82,75.74,Londrina,PR,Sul,Abaixo da meta,-1.8299999999999983
2024,4208609,Municipal,77.67,74.82,75.75,Jaborá,SC,Sul,Atingiu ou superou,2.8500000000000085
2024,5213509,Municipal,81.87,74.82,75.75,Monte Alegre de Goiás,GO,Centro-Oeste,Atingiu ou superou,7.050000000000011
2024,4207809,Municipal,71.4,74.83,75.75,Irani,SC,Sul,Abaixo da meta,-3.4299999999999926
2024,5001243,Municipal,73.43,74.85,75.77,Aral Moreira,MS,Centro-Oeste,Abaixo da meta,-1.4199999999999875
2024,3202553,Municipal,79.56,74.85,75.77,Ibitirama,ES,Sudeste,Atingiu ou superou,4.710000000000008
2024,3523701,Municipal,82.38,74.86,75.77,Itirapuã,SP,Sudeste,Atingiu ou superou,7.519999999999996
2024,4203808,Municipal,71.93,74.87,75.78,Canoinhas,SC,Sul,Abaixo da meta,-2.9399999999999977
2024,3202702,Municipal,87.99,74.88,75.79,Itaguaçu,ES,Sudeste,Atingiu ou superou,13.11
2024,4119202,Municipal,76.88,74.89,75.8,Pinhalão,PR,Sul,Atingiu ou superou,1.9899999999999949
2024,4217253,Municipal,59.93,74.91,75.81,São Pedro de Alcântara,SC,Sul,Abaixo da meta,-14.979999999999997
2024,4115457,Municipal,82.18,74.92,75.82,Marquinho,PR,Sul,Atingiu ou superou,7.260000000000005
2024,4305959,Municipal,44.2,74.92,75.82,Cotiporã,RS,Sul,Abaixo da meta,-30.72
2024,3103900,Municipal,88.5,74.92,75.83,Araújos,MG,Sudeste,Atingiu ou superou,13.579999999999998
2024,3527256,Municipal,72.22,74.94,75.84,Lourdes,SP,Sudeste,Abaixo da meta,-2.719999999999999
2024,2304400,Municipal,74.81,74.95,75.85,Fortaleza,CE,Nordeste,Abaixo da meta,-0.14000000000000057
2024,3202306,Municipal,76.71,74.96,75.85,Guaçuí,ES,Sudeste,Atingiu ou superou,1.75
2024,4106605,Municipal,73.47,74.97,75.87,Cruzeiro do Oeste,PR,Sul,Abaixo da meta,-1.5
2024,3128204,Municipal,75.0,,75.89,Guaraciaba,MG,Sudeste,Sem dados para comparação,
2024,4305116,Municipal,75.0,,75.89,Centenário,RS,Sul,Sem dados para comparação,
2024,4128534,Municipal,77.17,75.01,75.89,Ventania,PR,Sul,Atingiu ou superou,2.1599999999999966
2024,2615300,Municipal,77.57,75.02,75.9,Timbaúba,PE,Nordeste,Atingiu ou superou,2.549999999999997
2024,4116901,Municipal,74.65,75.03,75.92,Nova Esperança,PR,Sul,Abaixo da meta,-0.37999999999999545
2024,3543204,Municipal,58.93,75.04,75.92,Ribeirão do Sul,SP,Sudeste,Abaixo da meta,-16.110000000000007
2024,2610301,Municipal,66.67,75.04,75.92,Paranatama,PE,Nordeste,Abaixo da meta,-8.370000000000005
2024,4314464,Municipal,35.3,75.04,75.92,Pinhal da Serra,RS,Sul,Abaixo da meta,-39.74000000000001
2024,2205003,Municipal,73.67,75.05,75.93,Itainópolis,PI,Nordeste,Abaixo da meta,-1.3799999999999955
2024,2108009,Municipal,64.01,75.06,75.94,Pastos Bons,MA,Nordeste,Abaixo da meta,-11.049999999999997
2024,3162658,Municipal,86.4,75.08,75.95,São João do Pacuí,MG,Sudeste,Atingiu ou superou,11.320000000000007
2024,3127602,Municipal,91.11,75.13,75.99,Gouveia,MG,Sudeste,Atingiu ou superou,15.980000000000004
2024,3540903,Municipal,62.53,75.13,75.99,Pradópolis,SP,Sudeste,Abaixo da meta,-12.599999999999994
2024,3105004,Municipal,89.89,75.13,76.0,Baldim,MG,Sudeste,Atingiu ou superou,14.760000000000005
2024,3527108,Municipal,92.23,75.13,76.0,Lins,SP,Sudeste,Atingiu ou superou,17.10000000000001
2024,4104907,Municipal,74.56,75.14,76.0,Castro,PR,Sul,Abaixo da meta,-0.5799999999999983
2024,4323705,Municipal,100.0,75.14,76.0,Vista Gaúcha,RS,Sul,Atingiu ou superou,24.86
2024,2605608,Municipal,68.28,75.14,76.0,Flores,PE,Nordeste,Abaixo da meta,-6.859999999999999
2024,4117800,Municipal,69.5,75.15,76.01,Palmital,PR,Sul,Abaixo da meta,-5.650000000000006
2024,4204400,Municipal,86.74,75.16,76.02,Coronel Freitas,SC,Sul,Atingiu ou superou,11.579999999999998
2024,3501509,Municipal,91.84,75.18,76.03,Alvinlândia,SP,Sudeste,Atingiu ou superou,16.659999999999997
2024,5200852,Municipal,78.87,75.18,76.03,Americano do Brasil,GO,Centro-Oeste,Atingiu ou superou,3.6899999999999977
2024,4103370,Municipal,77.7,75.19,76.04,Brasilândia do Sul,PR,Sul,Atingiu ou superou,2.510000000000005
2024,3133758,Municipal,89.46,75.2,76.05,Itaú de Minas,MG,Sudeste,Atingiu ou superou,14.259999999999991
2024,4125357,Municipal,90.23,75.2,76.05,São Jorge do Patrocínio,PR,Sul,Atingiu ou superou,15.030000000000001
2024,4218509,Municipal,71.92,75.2,76.05,Treze Tílias,SC,Sul,Abaixo da meta,-3.280000000000001
2024,3113909,Municipal,78.88,75.21,76.06,Carmo da Cachoeira,MG,Sudeste,Atingiu ou superou,3.6700000000000017
2024,4120002,Municipal,87.25,75.21,76.06,Porecatu,PR,Sul,Atingiu ou superou,12.040000000000006
2024,3547601,Municipal,75.32,75.23,76.07,Santa Rosa de Viterbo,SP,Sudeste,Atingiu ou superou,0.0899999999999892
2024,2307205,Municipal,77.45,75.23,76.08,Jati,CE,Nordeste,Atingiu ou superou,2.219999999999999
2024,4308607,Municipal,54.4,75.26,76.1,Garibaldi,RS,Sul,Abaixo da meta,-20.860000000000007
2024,5208400,Municipal,68.02,75.26,76.1,Goianápolis,GO,Centro-Oeste,Abaixo da meta,-7.240000000000009
2024,4109401,Municipal,67.0,75.27,76.11,Guarapuava,PR,Sul,Abaixo da meta,-8.269999999999996
2024,2603405,Municipal,86.03,75.27,76.11,Calumbi,PE,Nordeste,Atingiu ou superou,10.760000000000005
2024,4316600,Municipal,43.2,75.28,76.11,Sananduva,RS,Sul,Abaixo da meta,-32.08
2024,3512407,Municipal,69.6,75.28,76.12,Cordeirópolis,SP,Sudeste,Abaixo da meta,-5.680000000000007
2024,2110609,Municipal,67.87,75.28,76.12,São Bernardo,MA,Nordeste,Abaixo da meta,-7.409999999999997
2024,5222302,Municipal,79.46,75.29,76.13,Vila Propício,GO,Centro-Oeste,Atingiu ou superou,4.1699999999999875
2024,3556354,Municipal,65.34,75.3,76.13,Vargem,SP,Sudeste,Abaixo da meta,-9.959999999999994
2024,4207577,Municipal,97.09,75.31,76.14,Iomerê,SC,Sul,Atingiu ou superou,21.78
2024,4201208,Municipal,74.89,75.32,76.15,Antônio Carlos,SC,Sul,Abaixo da meta,-0.4299999999999926
2024,3200300,Municipal,87.55,75.35,76.17,Alfredo Chaves,ES,Sudeste,Atingiu ou superou,12.200000000000003
2024,3539608,Municipal,83.68,75.35,76.17,Planalto,SP,Sudeste,Atingiu ou superou,8.330000000000013
2024,3204807,Municipal,62.35,75.36,76.18,São José do Calçado,ES,Sudeste,Abaixo da meta,-13.009999999999998
2024,3204955,Municipal,89.65,75.39,76.21,São Roque do Canaã,ES,Sudeste,Atingiu ou superou,14.260000000000005
2024,3200706,Municipal,77.52,75.4,76.22,Atilio Vivacqua,ES,Sudeste,Atingiu ou superou,2.1199999999999903
2024,4121802,Municipal,85.68,75.41,76.22,Ribeirão Claro,PR,Sul,Atingiu ou superou,10.27000000000001
2024,3205150,Municipal,61.4,75.41,76.22,Vila Pavão,ES,Sudeste,Abaixo da meta,-14.009999999999998
2024,3305703,Municipal,75.43,,76.25,Sumidouro,RJ,Sudeste,Sem dados para comparação,
2024,3204351,Municipal,83.06,75.44,76.25,Rio Bananal,ES,Sudeste,Atingiu ou superou,7.6200000000000045
2024,4106308,Municipal,85.26,75.44,76.25,Corbélia,PR,Sul,Atingiu ou superou,9.820000000000007
2024,2614402,Municipal,93.99,75.45,76.26,Solidão,PE,Nordeste,Atingiu ou superou,18.539999999999992
2024,4311403,Municipal,47.5,75.49,76.28,Lajeado,RS,Sul,Abaixo da meta,-27.989999999999995
2024,4125753,Municipal,80.66,75.54,76.32,São Pedro do Iguaçu,PR,Sul,Atingiu ou superou,5.11999999999999
2024,4100707,Municipal,64.66,75.54,76.32,Alto Piquiri,PR,Sul,Abaixo da meta,-10.88000000000001
2024,3151305,Municipal,87.11,75.54,76.33,Piraúba,MG,Sudeste,Atingiu ou superou,11.569999999999993
2024,3122504,Municipal,73.35,75.54,76.33,Dom Cavati,MG,Sudeste,Abaixo da meta,-2.190000000000012
2024,2308401,Municipal,82.37,75.55,76.34,Missão Velha,CE,Nordeste,Atingiu ou superou,6.820000000000007
2024,4320552,Municipal,46.2,75.57,76.35,Sertão Santana,RS,Sul,Abaixo da meta,-29.36999999999999
2024,4103040,Municipal,60.49,75.58,76.36,Boa Ventura de São Roque,PR,Sul,Abaixo da meta,-15.089999999999996
2024,3142809,Municipal,56.72,75.58,76.36,Monte Alegre de Minas,MG,Sudeste,Abaixo da meta,-18.86
2024,1100148,Municipal,75.61,75.6,76.38,Nova Brasilândia D'Oeste,RO,Norte,Atingiu ou superou,0.010000000000005116
2024,2111409,Municipal,70.44,75.6,76.38,São Luís Gonzaga do Maranhão,MA,Nordeste,Abaixo da meta,-5.159999999999997
2024,3527504,Municipal,75.0,75.65,76.41,Lucianópolis,SP,Sudeste,Abaixo da meta,-0.6500000000000057
2024,3163805,Municipal,78.02,75.65,76.42,São Miguel do Anta,MG,Sudeste,Atingiu ou superou,2.3699999999999903
2024,3104601,Municipal,88.29,75.66,76.43,Astolfo Dutra,MG,Sudeste,Atingiu ou superou,12.63000000000001
2024,2610509,Municipal,76.23,75.67,76.43,Passira,PE,Nordeste,Atingiu ou superou,0.5600000000000023
2024,4118006,Municipal,67.76,75.67,76.43,Paraíso do Norte,PR,Sul,Abaixo da meta,-7.909999999999997
2024,4300505,Municipal,66.5,75.71,76.47,Alpestre,RS,Sul,Abaixo da meta,-9.209999999999994
2024,4128203,Municipal,73.17,75.71,76.47,União da Vitória,PR,Sul,Abaixo da meta,-2.539999999999992
2024,3135357,Municipal,60.75,75.72,76.48,Japonvar,MG,Sudeste,Abaixo da meta,-14.969999999999999
2024,2702009,Municipal,77.24,75.74,76.49,Coité do Nóia,AL,Nordeste,Atingiu ou superou,1.5
2024,3116407,Municipal,84.7,75.74,76.49,Claraval,MG,Sudeste,Atingiu ou superou,8.960000000000008
2024,3103603,Municipal,57.09,75.76,76.51,Arantina,MG,Sudeste,Abaixo da meta,-18.67
2024,3553658,Municipal,27.27,75.76,76.51,Taquaral,SP,Sudeste,Abaixo da meta,-48.49000000000001
2024,2504850,Municipal,93.33,75.76,76.51,Coxixola,PB,Nordeste,Atingiu ou superou,17.569999999999993
2024,2919405,Municipal,65.48,75.76,76.51,Licínio de Almeida,BA,Nordeste,Abaixo da meta,-10.280000000000001
2024,4316733,Municipal,40.9,75.76,76.51,Santa Cecília do Sul,RS,Sul,Abaixo da meta,-34.86000000000001
2024,4320263,Municipal,84.9,75.76,76.51,Segredo,RS,Sul,Atingiu ou superou,9.14
2024,4103024,Municipal,93.1,75.76,76.51,Boa Esperança do Iguaçu,PR,Sul,Atingiu ou superou,17.33999999999999
2024,3127388,Municipal,80.51,75.76,76.51,Goianá,MG,Sudeste,Atingiu ou superou,4.75
2024,4209805,Municipal,62.5,75.76,76.51,Leoberto Leal,SC,Sul,Abaixo da meta,-13.260000000000005
2024,3108602,Municipal,76.32,75.81,76.55,Brasília de Minas,MG,Sudeste,Atingiu ou superou,0.5099999999999909
2024,4305124,Municipal,39.8,75.82,76.56,Cerrito,RS,Sul,Abaixo da meta,-36.019999999999996
2024,4305207,Municipal,54.0,75.82,76.56,Cerro Largo,RS,Sul,Abaixo da meta,-21.819999999999993
2024,3539202,Municipal,69.44,75.83,76.56,Pirapozinho,SP,Sudeste,Abaixo da meta,-6.390000000000001
2024,4104659,Municipal,69.2,75.84,76.57,Carambeí,PR,Sul,Abaixo da meta,-6.640000000000001
2024,2202604,Municipal,82.63,75.84,76.57,Castelo do Piauí,PI,Nordeste,Atingiu ou superou,6.789999999999992
2024,3305133,Municipal,80.39,75.86,76.59,São José de Ubá,RJ,Sudeste,Atingiu ou superou,4.530000000000001
2024,2300408,Municipal,75.83,75.88,76.61,Aiuaba,CE,Nordeste,Abaixo da meta,-0.04999999999999716
2024,3131406,Municipal,76.42,75.9,76.62,Ipiaçu,MG,Sudeste,Atingiu ou superou,0.519999999999996
2024,4210555,Municipal,75.96,,76.69,Marema,SC,Sul,Sem dados para comparação,
2024,2516607,Municipal,67.47,75.99,76.69,Tavares,PB,Nordeste,Abaixo da meta,-8.519999999999996
2024,4313904,Municipal,51.2,76.0,76.7,Panambi,RS,Sul,Abaixo da meta,-24.799999999999997
2024,2308302,Municipal,79.33,76.0,76.7,Milagres,CE,Nordeste,Atingiu ou superou,3.3299999999999983
2024,4114609,Municipal,76.44,76.01,76.71,Marechal Cândido Rondon,PR,Sul,Atingiu ou superou,0.4299999999999926
2024,2303907,Municipal,91.5,76.01,76.71,Chaval,CE,Nordeste,Atingiu ou superou,15.489999999999995
2024,4316105,Municipal,53.7,76.01,76.71,Ronda Alta,RS,Sul,Abaixo da meta,-22.310000000000002
2024,4305306,Municipal,47.5,76.02,76.72,Chapada,RS,Sul,Abaixo da meta,-28.519999999999996
2024,5216007,Municipal,84.18,76.04,76.74,Panamá,GO,Centro-Oeste,Atingiu ou superou,8.14
2024,4304200,Municipal,53.2,76.07,76.76,Candelária,RS,Sul,Abaixo da meta,-22.86999999999999
2024,5220157,Municipal,85.76,76.07,76.76,São Luíz do Norte,GO,Centro-Oeste,Atingiu ou superou,9.690000000000012
2024,2311900,Municipal,81.55,76.08,76.77,Saboeiro,CE,Nordeste,Atingiu ou superou,5.469999999999999
2024,2612471,Municipal,87.09,76.08,76.77,Santa Cruz da Baixa Verde,PE,Nordeste,Atingiu ou superou,11.010000000000005
2024,2307502,Municipal,74.29,76.08,76.77,Lavras da Mangabeira,CE,Nordeste,Abaixo da meta,-1.789999999999992
2024,2111953,Municipal,80.65,76.09,76.78,Sucupira do Riachão,MA,Nordeste,Atingiu ou superou,4.560000000000002
2024,5003751,Municipal,56.45,76.1,76.78,Eldorado,MS,Centro-Oeste,Abaixo da meta,-19.64999999999999
2024,3165909,Municipal,90.34,76.11,76.79,Senador Modestino Gonçalves,MG,Sudeste,Atingiu ou superou,14.230000000000004
2024,4102406,Municipal,72.78,76.11,76.79,Bandeirantes,PR,Sul,Abaixo da meta,-3.3299999999999983
2024,4101606,Municipal,67.63,76.12,76.8,Arapoti,PR,Sul,Abaixo da meta,-8.490000000000009
2024,2109239,Municipal,74.73,76.15,76.82,Presidente Médici,MA,Nordeste,Abaixo da meta,-1.4200000000000017
2024,4203105,Municipal,27.3,76.16,76.83,Caibi,SC,Sul,Abaixo da meta,-48.86
2024,4111209,Municipal,75.37,76.17,76.84,Itapejara d'Oeste,PR,Sul,Abaixo da meta,-0.7999999999999972
2024,2301307,Municipal,77.22,76.18,76.85,Araripe,CE,Nordeste,Atingiu ou superou,1.039999999999992
2024,3168507,Municipal,75.97,76.18,76.85,Teixeiras,MG,Sudeste,Abaixo da meta,-0.21000000000000796
2024,4304309,Municipal,48.4,76.2,76.87,Cândido Godói,RS,Sul,Abaixo da meta,-27.800000000000004
2024,2109403,Municipal,68.97,76.22,76.88,Primeira Cruz,MA,Nordeste,Abaixo da meta,-7.25
2024,2512408,Municipal,62.11,76.24,76.9,Puxinanã,PB,Nordeste,Abaixo da meta,-14.129999999999995
2024,3536000,Municipal,73.38,76.25,76.91,Parapuã,SP,Sudeste,Abaixo da meta,-2.8700000000000045
2024,5106802,Municipal,74.29,76.25,76.91,Porto dos Gaúchos,MT,Centro-Oeste,Abaixo da meta,-1.9599999999999937
2024,5221700,Municipal,97.73,76.25,76.91,Uruana,GO,Centro-Oeste,Atingiu ou superou,21.480000000000004
2024,3145307,Municipal,81.88,76.27,76.92,Novo Cruzeiro,MG,Sudeste,Atingiu ou superou,5.609999999999999
2024,4101853,Municipal,69.82,76.27,76.92,Ariranha do Ivaí,PR,Sul,Abaixo da meta,-6.450000000000003
2024,2511103,Municipal,83.68,76.28,76.93,Pedra Lavrada,PB,Nordeste,Atingiu ou superou,7.400000000000006
2024,4315800,Municipal,45.0,76.28,76.93,Roca Sales,RS,Sul,Abaixo da meta,-31.28
2024,2208304,Municipal,82.48,76.3,76.95,Piracuruca,PI,Nordeste,Atingiu ou superou,6.180000000000007
2024,5213087,Municipal,81.44,76.32,76.96,Minaçu,GO,Centro-Oeste,Atingiu ou superou,5.1200000000000045
2024,4206801,Municipal,54.41,76.34,76.98,Ibicaré,SC,Sul,Abaixo da meta,-21.930000000000007
2024,4300877,Municipal,43.5,76.34,76.98,Araricá,RS,Sul,Abaixo da meta,-32.84
2024,4112306,Municipal,64.46,76.34,76.98,Japira,PR,Sul,Abaixo da meta,-11.88000000000001
2024,4201653,Municipal,77.94,76.36,77.0,Arvoredo,SC,Sul,Atingiu ou superou,1.5799999999999983
2024,4316303,Municipal,76.0,76.36,77.0,Roque Gonzales,RS,Sul,Abaixo da meta,-0.35999999999999943
2024,3153301,Municipal,79.86,76.39,77.02,Presidente Kubitschek,MG,Sudeste,Atingiu ou superou,3.469999999999999
2024,5203500,Municipal,81.51,76.39,77.02,Bom Jesus de Goiás,GO,Centro-Oeste,Atingiu ou superou,5.1200000000000045
2024,4119905,Municipal,75.9,76.43,77.05,Ponta Grossa,PR,Sul,Abaixo da meta,-0.5300000000000011
2024,4102307,Municipal,75.18,76.46,77.08,Balsa Nova,PR,Sul,Abaixo da meta,-1.279999999999987
2024,4100301,Municipal,87.51,76.47,77.09,Agudos do Sul,PR,Sul,Atingiu ou superou,11.040000000000006
2024,4312054,Municipal,47.8,76.49,77.11,Marques de Souza,RS,Sul,Abaixo da meta,-28.689999999999998
2024,1303205,Municipal,57.09,76.5,77.11,Novo Airão,AM,Norte,Abaixo da meta,-19.409999999999997
2024,2612208,Municipal,75.13,76.55,77.15,Salgueiro,PE,Nordeste,Abaixo da meta,-1.4200000000000017
2024,2511905,Municipal,51.59,76.57,77.17,Pitimbu,PB,Nordeste,Abaixo da meta,-24.97999999999999
2024,3111408,Municipal,52.14,76.57,77.17,Campo Florido,MG,Sudeste,Abaixo da meta,-24.429999999999993
2024,4107553,Municipal,96.3,76.57,77.17,Farol,PR,Sul,Atingiu ou superou,19.730000000000004
2024,3515350,Municipal,69.86,76.58,77.18,Euclides da Cunha Paulista,SP,Sudeste,Abaixo da meta,-6.719999999999999
2024,3111705,Municipal,87.5,76.58,77.18,Canaã,MG,Sudeste,Atingiu ou superou,10.920000000000002
2024,5202601,Municipal,93.75,76.59,77.18,Aurilândia,GO,Centro-Oeste,Atingiu ou superou,17.159999999999997
2024,4101507,Municipal,70.97,76.59,77.18,Arapongas,PR,Sul,Abaixo da meta,-5.6200000000000045
2024,1300102,Municipal,77.45,76.6,77.19,Anori,AM,Norte,Atingiu ou superou,0.8500000000000085
2024,2210102,Municipal,75.0,76.6,77.2,São José do Peixe,PI,Nordeste,Abaixo da meta,-1.5999999999999943
2024,4315750,Municipal,42.1,76.61,77.2,Riozinho,RS,Sul,Abaixo da meta,-34.51
2024,4317905,Municipal,60.5,76.62,77.21,Santo Cristo,RS,Sul,Abaixo da meta,-16.120000000000005
2024,2309706,Municipal,78.36,76.63,77.22,Pacatuba,CE,Nordeste,Atingiu ou superou,1.730000000000004
2024,4101705,Municipal,77.54,76.65,77.23,Araruna,PR,Sul,Atingiu ou superou,0.8900000000000006
2024,4216404,Municipal,76.69,,77.27,São João do Sul,SC,Sul,Sem dados para comparação,
2024,1100296,Municipal,83.36,76.7,77.27,Santa Luzia D'Oeste,RO,Norte,Atingiu ou superou,6.659999999999997
2024,2613909,Municipal,77.92,76.71,77.29,Serra Talhada,PE,Nordeste,Atingiu ou superou,1.210000000000008
2024,2608057,Municipal,68.05,76.72,77.29,Jatobá,PE,Nordeste,Abaixo da meta,-8.670000000000002
2024,5218300,Municipal,80.95,76.74,77.31,Posse,GO,Centro-Oeste,Atingiu ou superou,4.210000000000008
2024,5206602,Municipal,72.73,76.76,77.33,Cumari,GO,Centro-Oeste,Abaixo da meta,-4.030000000000001
2024,4217758,Municipal,73.21,76.76,77.33,Sul Brasil,SC,Sul,Abaixo da meta,-3.5500000000000114
2024,5209937,Municipal,87.01,76.77,77.33,Inaciolândia,GO,Centro-Oeste,Atingiu ou superou,10.240000000000009
2024,2104677,Municipal,60.92,76.8,77.35,Governador Nunes Freire,MA,Nordeste,Abaixo da meta,-15.879999999999995
2024,4120408,Municipal,62.98,76.81,77.36,Presidente Castelo Branco,PR,Sul,Abaixo da meta,-13.830000000000005
2024,2100956,Municipal,74.44,76.81,77.37,Arame,MA,Nordeste,Abaixo da meta,-2.3700000000000045
2024,4111902,Municipal,62.26,76.81,77.37,Jaguapitã,PR,Sul,Abaixo da meta,-14.550000000000004
2024,4123857,Municipal,70.26,76.81,77.37,Santa Maria do Oeste,PR,Sul,Abaixo da meta,-6.549999999999997
2024,5107156,Municipal,83.86,76.82,77.38,Reserva do Cabaçal,MT,Centro-Oeste,Atingiu ou superou,7.040000000000006
2024,2108108,Municipal,90.57,76.82,77.38,Paulo Ramos,MA,Nordeste,Atingiu ou superou,13.75
2024,3158805,Municipal,86.67,76.82,77.38,Santana do Jacaré,MG,Sudeste,Atingiu ou superou,9.850000000000009
2024,3162005,Municipal,76.14,76.83,77.38,São Gonçalo do Sapucaí,MG,Sudeste,Abaixo da meta,-0.6899999999999977
2024,5200308,Municipal,75.79,76.84,77.39,Alexânia,GO,Centro-Oeste,Abaixo da meta,-1.0499999999999972
2024,4309001,Municipal,46.3,76.85,77.4,Giruá,RS,Sul,Abaixo da meta,-30.549999999999997
2024,4319158,Municipal,47.5,76.86,77.4,São Miguel das Missões,RS,Sul,Abaixo da meta,-29.36
2024,4322541,Municipal,35.0,76.86,77.4,Vale Real,RS,Sul,Abaixo da meta,-41.86
2024,4128633,Municipal,69.45,76.87,77.42,Doutor Ulysses,PR,Sul,Abaixo da meta,-7.420000000000002
2024,3202603,Municipal,75.87,76.89,77.43,Iconha,ES,Sudeste,Abaixo da meta,-1.019999999999996
2024,4216701,Municipal,82.26,76.92,77.46,São José do Cedro,SC,Sul,Atingiu ou superou,5.340000000000003
2024,5006275,Municipal,78.5,76.92,77.46,Paraíso das Águas,MS,Centro-Oeste,Atingiu ou superou,1.5799999999999983
2024,3115508,Municipal,78.2,76.93,77.47,Caxambu,MG,Sudeste,Atingiu ou superou,1.269999999999996
2024,3525854,Municipal,50.81,76.93,77.47,Jumirim,SP,Sudeste,Abaixo da meta,-26.120000000000005
2024,4107900,Municipal,74.01,76.93,77.47,Floresta,PR,Sul,Abaixo da meta,-2.9200000000000017
2024,4115309,Municipal,66.98,76.94,77.47,Mariópolis,PR,Sul,Abaixo da meta,-9.959999999999994
2024,4204301,Municipal,75.26,76.94,77.47,Concórdia,SC,Sul,Abaixo da meta,-1.6799999999999926
2024,2106375,Municipal,97.62,76.95,77.48,Maranhãozinho,MA,Nordeste,Atingiu ou superou,20.67
2024,3133907,Municipal,76.97,,77.49,Itaverava,MG,Sudeste,Sem dados para comparação,
2024,2604908,Municipal,95.06,76.97,77.49,Cumaru,PE,Nordeste,Atingiu ou superou,18.090000000000003
2024,2701100,Municipal,79.89,76.97,77.5,Branquinha,AL,Nordeste,Atingiu ou superou,2.9200000000000017
2024,4216800,Municipal,65.03,77.0,77.52,São José do Cerrito,SC,Sul,Abaixo da meta,-11.969999999999999
2024,4319125,Municipal,46.2,77.0,77.52,São Martinho da Serra,RS,Sul,Abaixo da meta,-30.799999999999997
2024,2209757,Municipal,60.71,77.0,77.52,São Gonçalo do Gurguéia,PI,Nordeste,Abaixo da meta,-16.29
2024,3165560,Municipal,84.62,77.0,77.52,Sem-Peixe,MG,Sudeste,Atingiu ou superou,7.6200000000000045
2024,4310207,Municipal,61.9,77.0,77.52,Ijuí,RS,Sul,Abaixo da meta,-15.100000000000001
2024,3168200,Municipal,100.0,77.0,77.52,Tapiraí,MG,Sudeste,Atingiu ou superou,23.0
2024,4312138,Municipal,38.7,77.01,77.53,Mato Castelhano,RS,Sul,Abaixo da meta,-38.31
2024,4318424,Municipal,70.3,77.05,77.56,São João da Urtiga,RS,Sul,Abaixo da meta,-6.75
2024,3140530,Municipal,83.69,77.07,77.58,Martins Soares,MG,Sudeste,Atingiu ou superou,6.6200000000000045
2024,4128401,Municipal,66.07,77.07,77.58,Uraí,PR,Sul,Abaixo da meta,-11.0
2024,3161304,Municipal,73.5,77.07,77.58,São Francisco de Sales,MG,Sudeste,Abaixo da meta,-3.569999999999993
2024,5218706,Municipal,100.0,77.08,77.58,Rianápolis,GO,Centro-Oeste,Atingiu ou superou,22.92
2024,3171105,Municipal,77.09,,77.6,Veríssimo,MG,Sudeste,Sem dados para comparação,
2024,5204409,Municipal,84.82,77.1,77.6,Caiapônia,GO,Centro-Oeste,Atingiu ou superou,7.719999999999999
2024,3514205,Municipal,65.38,77.13,77.62,Dolcinópolis,SP,Sudeste,Abaixo da meta,-11.75
2024,4120333,Municipal,73.85,77.14,77.64,Prado Ferreira,PR,Sul,Abaixo da meta,-3.2900000000000063
2024,5207352,Municipal,90.91,77.15,77.65,Edealina,GO,Centro-Oeste,Atingiu ou superou,13.759999999999991
2024,4318440,Municipal,66.7,77.17,77.66,São Jorge,RS,Sul,Abaixo da meta,-10.469999999999999
2024,3201001,Municipal,84.92,77.19,77.67,Boa Esperança,ES,Sudeste,Atingiu ou superou,7.730000000000004
2024,3123304,Municipal,95.99,77.19,77.68,Dores do Turvo,MG,Sudeste,Atingiu ou superou,18.799999999999997
2024,5000252,Municipal,63.77,77.19,77.68,Alcinópolis,MS,Centro-Oeste,Abaixo da meta,-13.419999999999995
2024,5211305,Municipal,83.26,77.21,77.69,Itarumã,GO,Centro-Oeste,Atingiu ou superou,6.050000000000011
2024,3162559,Municipal,71.72,77.22,77.7,São João do Manhuaçu,MG,Sudeste,Abaixo da meta,-5.5
2024,3108552,Municipal,76.71,77.23,77.71,Brasilândia de Minas,MG,Sudeste,Abaixo da meta,-0.5200000000000102
2024,3536257,Municipal,90.72,77.23,77.71,Parisi,SP,Sudeste,Atingiu ou superou,13.489999999999995
2024,4121109,Municipal,74.15,77.24,77.71,Quinta do Sol,PR,Sul,Abaixo da meta,-3.089999999999989
2024,2112605,Municipal,38.63,77.24,77.72,Urbano Santos,MA,Nordeste,Abaixo da meta,-38.60999999999999
2024,2107902,Municipal,58.43,77.24,77.72,Passagem Franca,MA,Nordeste,Abaixo da meta,-18.809999999999995
2024,3514601,Municipal,64.5,77.25,77.73,Dumont,SP,Sudeste,Abaixo da meta,-12.75
2024,5106703,Municipal,96.88,77.25,77.73,Ponte Branca,MT,Centro-Oeste,Atingiu ou superou,19.629999999999995
2024,4106407,Municipal,73.21,77.26,77.74,Cornélio Procópio,PR,Sul,Abaixo da meta,-4.050000000000011
2024,3140407,Municipal,84.57,77.3,77.76,Marmelópolis,MG,Sudeste,Atingiu ou superou,7.269999999999996
2024,2610202,Municipal,94.53,77.3,77.76,Panelas,PE,Nordeste,Atingiu ou superou,17.230000000000004
2024,5207808,Municipal,70.8,77.31,77.78,Firminópolis,GO,Centro-Oeste,Abaixo da meta,-6.510000000000005
2024,3535705,Municipal,87.14,77.31,77.78,Paraíso,SP,Sudeste,Atingiu ou superou,9.829999999999998
2024,4102752,Municipal,88.13,77.31,77.78,Bela Vista da Caroba,PR,Sul,Atingiu ou superou,10.819999999999993
2024,4306734,Municipal,63.3,77.35,77.8,Doutor Maurício Cardoso,RS,Sul,Abaixo da meta,-14.049999999999997
2024,5219258,Municipal,92.78,77.35,77.81,Santa Fé de Goiás,GO,Centro-Oeste,Atingiu ou superou,15.430000000000007
2024,3147956,Municipal,97.25,77.38,77.83,Patis,MG,Sudeste,Atingiu ou superou,19.870000000000005
2024,4306924,Municipal,41.2,77.38,77.83,Engenho Velho,RS,Sul,Abaixo da meta,-36.17999999999999
2024,3116704,Municipal,83.5,77.38,77.83,Coimbra,MG,Sudeste,Atingiu ou superou,6.1200000000000045
2024,3114501,Municipal,81.68,77.39,77.84,Carmópolis de Minas,MG,Sudeste,Atingiu ou superou,4.290000000000006
2024,3129103,Municipal,86.09,77.39,77.84,Gurinhatã,MG,Sudeste,Atingiu ou superou,8.700000000000003
2024,2106201,Municipal,84.97,77.39,77.84,Luís Domingues,MA,Nordeste,Atingiu ou superou,7.579999999999998
2024,3526001,Municipal,80.44,77.4,77.85,Junqueirópolis,SP,Sudeste,Atingiu ou superou,3.039999999999992
2024,3114709,Municipal,100.0,77.41,77.86,Carvalhópolis,MG,Sudeste,Atingiu ou superou,22.590000000000003
2024,3163904,Municipal,97.05,77.42,77.87,São Pedro da União,MG,Sudeste,Atingiu ou superou,19.629999999999995
2024,4112108,Municipal,68.64,77.44,77.88,Jandaia do Sul,PR,Sul,Abaixo da meta,-8.799999999999997
2024,3155702,Municipal,76.96,77.46,77.9,Rio Piracicaba,MG,Sudeste,Abaixo da meta,-0.5
2024,4121307,Municipal,86.02,77.46,77.9,Rancho Alegre,PR,Sul,Atingiu ou superou,8.560000000000002
2024,4116000,Municipal,51.38,77.49,77.92,Miraselva,PR,Sul,Abaixo da meta,-26.109999999999992
2024,3521309,Municipal,63.8,77.52,77.95,Ipuã,SP,Sudeste,Abaixo da meta,-13.719999999999999
2024,2615904,Municipal,82.52,77.54,77.96,Tuparetama,PE,Nordeste,Atingiu ou superou,4.97999999999999
2024,3527009,Municipal,61.13,77.54,77.96,Lindóia,SP,Sudeste,Abaixo da meta,-16.410000000000004
2024,2203404,Municipal,76.45,77.56,77.98,Dom Expedito Lopes,PI,Nordeste,Abaixo da meta,-1.1099999999999994
2024,4317756,Municipal,77.2,77.57,77.99,Santo Antônio do Planalto,RS,Sul,Abaixo da meta,-0.36999999999999034
2024,4322806,Municipal,57.0,77.57,77.99,Veranópolis,RS,Sul,Abaixo da meta,-20.569999999999993
2024,4319406,Municipal,61.6,77.57,77.99,São Pedro do Sul,RS,Sul,Abaixo da meta,-15.969999999999992
2024,5108956,Municipal,92.37,77.58,78.0,Nova Monte Verde,MT,Centro-Oeste,Atingiu ou superou,14.790000000000006
2024,5211701,Municipal,80.25,77.61,78.02,Jandaia,GO,Centro-Oeste,Atingiu ou superou,2.6400000000000006
2024,3139201,Municipal,77.47,77.62,78.03,Malacacheta,MG,Sudeste,Abaixo da meta,-0.15000000000000568
2024,3305901,Municipal,79.23,77.65,78.06,Trajano de Moraes,RJ,Sudeste,Atingiu ou superou,1.5799999999999983
2024,3111101,Municipal,75.03,77.67,78.07,Campina Verde,MG,Sudeste,Abaixo da meta,-2.6400000000000006
2024,5201603,Municipal,93.21,77.68,78.08,Araçu,GO,Centro-Oeste,Atingiu ou superou,15.529999999999987
2024,3204104,Municipal,82.38,77.69,78.09,Pinheiros,ES,Sudeste,Atingiu ou superou,4.689999999999998
2024,1302108,Municipal,91.93,77.7,78.1,Japurá,AM,Norte,Atingiu ou superou,14.230000000000004
2024,4127007,Municipal,88.2,77.71,78.1,Teixeira Soares,PR,Sul,Atingiu ou superou,10.490000000000009
2024,4313003,Municipal,94.4,77.71,78.1,Nova Bréscia,RS,Sul,Atingiu ou superou,16.690000000000012
2024,4317608,Municipal,61.7,77.72,78.11,Santo Antônio da Patrulha,RS,Sul,Abaixo da meta,-16.019999999999996
2024,4319802,Municipal,45.7,77.73,78.12,São Vicente do Sul,RS,Sul,Abaixo da meta,-32.03
2024,4303905,Municipal,45.4,77.73,78.12,Campo Bom,RS,Sul,Abaixo da meta,-32.330000000000005
2024,4107801,Municipal,85.2,77.73,78.12,Floraí,PR,Sul,Atingiu ou superou,7.469999999999999
2024,4204152,Municipal,75.67,77.74,78.13,Celso Ramos,SC,Sul,Abaixo da meta,-2.069999999999993
2024,3200169,Municipal,81.68,77.74,78.13,Água Doce do Norte,ES,Sudeste,Atingiu ou superou,3.940000000000012
2024,3163201,Municipal,86.26,77.75,78.14,São José do Alegre,MG,Sudeste,Atingiu ou superou,8.510000000000005
2024,3153400,Municipal,78.27,77.76,78.15,Presidente Olegário,MG,Sudeste,Atingiu ou superou,0.5099999999999909
2024,4111308,Municipal,40.32,77.77,78.15,Itaúna do Sul,PR,Sul,Abaixo da meta,-37.449999999999996
2024,4302105,Municipal,50.8,77.77,78.15,Bento Gonçalves,RS,Sul,Abaixo da meta,-26.97
2024,4310801,Municipal,56.9,77.79,78.17,Ivoti,RS,Sul,Abaixo da meta,-20.890000000000008
2024,5205703,Municipal,100.0,77.79,78.17,Córrego do Ouro,GO,Centro-Oeste,Atingiu ou superou,22.209999999999994
2024,2107308,Municipal,51.24,77.81,78.19,Nova Iorque,MA,Nordeste,Abaixo da meta,-26.57
2024,3201704,Municipal,84.19,77.84,78.21,Conceição do Castelo,ES,Sudeste,Atingiu ou superou,6.349999999999994
2024,1100940,Municipal,67.6,77.84,78.22,Cujubim,RO,Norte,Abaixo da meta,-10.240000000000009
2024,4117057,Municipal,68.33,77.85,78.22,Nova Laranjeiras,PR,Sul,Abaixo da meta,-9.519999999999996
2024,4200804,Municipal,91.81,77.89,78.25,Anchieta,SC,Sul,Atingiu ou superou,13.920000000000002
2024,3116209,Municipal,76.01,77.9,78.26,Chiador,MG,Sudeste,Abaixo da meta,-1.8900000000000006
2024,2611408,Municipal,50.41,77.9,78.26,Primavera,PE,Nordeste,Abaixo da meta,-27.49000000000001
2024,5218904,Municipal,87.69,77.9,78.26,Rubiataba,GO,Centro-Oeste,Atingiu ou superou,9.789999999999992
2024,3112505,Municipal,77.92,,78.27,Capim Branco,MG,Sudeste,Sem dados para comparação,
2024,4118600,Municipal,74.56,77.91,78.27,Paula Freitas,PR,Sul,Abaixo da meta,-3.3499999999999943
2024,2201606,Municipal,68.49,77.94,78.29,Beneditinos,PI,Nordeste,Abaixo da meta,-9.450000000000003
2024,1720853,Municipal,58.97,77.95,78.3,Sucupira,TO,Norte,Abaixo da meta,-18.980000000000004
2024,4104303,Municipal,76.77,77.95,78.3,Campo Mourão,PR,Sul,Abaixo da meta,-1.1800000000000068
2024,5216452,Municipal,77.78,77.97,78.32,Perolândia,GO,Centro-Oeste,Abaixo da meta,-0.18999999999999773
2024,2302909,Municipal,87.35,77.99,78.33,Capistrano,CE,Nordeste,Atingiu ou superou,9.36
2024,2206720,Municipal,52.15,78.0,78.34,Nazária,PI,Nordeste,Abaixo da meta,-25.85
2024,5212303,Municipal,75.41,78.01,78.35,Leopoldo de Bulhões,GO,Centro-Oeste,Abaixo da meta,-2.6000000000000085
2024,4117107,Municipal,74.05,78.01,78.35,Nova Londrina,PR,Sul,Abaixo da meta,-3.960000000000008
2024,2607752,Municipal,82.95,78.03,78.37,Itapissuma,PE,Nordeste,Atingiu ou superou,4.920000000000002
2024,2310605,Municipal,63.67,78.04,78.38,Penaforte,CE,Nordeste,Abaixo da meta,-14.370000000000005
2024,4317806,Municipal,69.9,78.05,78.38,Santo Augusto,RS,Sul,Abaixo da meta,-8.149999999999991
2024,3542404,Municipal,61.09,78.07,78.4,Regente Feijó,SP,Sudeste,Abaixo da meta,-16.97999999999999
2024,4319307,Municipal,61.1,78.07,78.4,São Paulo das Missões,RS,Sul,Abaixo da meta,-16.96999999999999
2024,4127502,Municipal,77.79,78.09,78.42,Tibagi,PR,Sul,Abaixo da meta,-0.29999999999999716
2024,4306130,Municipal,64.3,78.11,78.43,Cruzaltense,RS,Sul,Abaixo da meta,-13.810000000000002
2024,3132800,Municipal,83.33,78.11,78.43,Itambé do Mato Dentro,MG,Sudeste,Atingiu ou superou,5.219999999999999
2024,4117222,Municipal,72.16,78.12,78.45,Nova Santa Rosa,PR,Sul,Abaixo da meta,-5.960000000000008
2024,2504405,Municipal,96.17,78.15,78.47,Conceição,PB,Nordeste,Atingiu ou superou,18.019999999999996
2024,2512903,Municipal,60.02,78.16,78.47,Rio Tinto,PB,Nordeste,Abaixo da meta,-18.139999999999993
2024,2302107,Municipal,86.78,78.18,78.49,Baturité,CE,Nordeste,Atingiu ou superou,8.599999999999994
2024,3514700,Municipal,95.07,78.18,78.49,Echaporã,SP,Sudeste,Atingiu ou superou,16.889999999999986
2024,2307106,Municipal,70.8,78.19,78.5,Jardim,CE,Nordeste,Abaixo da meta,-7.390000000000001
2024,3142304,Municipal,90.58,78.2,78.51,Moeda,MG,Sudeste,Atingiu ou superou,12.379999999999995
2024,4121752,Municipal,83.13,78.22,78.52,Reserva do Iguaçu,PR,Sul,Atingiu ou superou,4.909999999999997
2024,3540408,Municipal,79.69,78.22,78.52,Populina,SP,Sudeste,Atingiu ou superou,1.4699999999999989
2024,4312906,Municipal,51.8,78.22,78.52,Nova Bassano,RS,Sul,Abaixo da meta,-26.42
2024,3533304,Municipal,73.33,78.23,78.53,Nova Luzitânia,SP,Sudeste,Abaixo da meta,-4.900000000000006
2024,3143807,Municipal,82.36,78.23,78.54,Munhoz,MG,Sudeste,Atingiu ou superou,4.1299999999999955
2024,2204006,Municipal,84.21,78.27,78.56,Francinópolis,PI,Nordeste,Atingiu ou superou,5.939999999999998
2024,2605004,Municipal,88.96,78.27,78.56,Cupira,PE,Nordeste,Atingiu ou superou,10.689999999999998
2024,4215307,Municipal,68.23,78.29,78.59,Salete,SC,Sul,Abaixo da meta,-10.060000000000002
2024,3102902,Municipal,71.37,78.32,78.61,Antônio Carlos,MG,Sudeste,Abaixo da meta,-6.949999999999989
2024,3202900,Municipal,82.15,78.33,78.61,Itarana,ES,Sudeste,Atingiu ou superou,3.8200000000000074
2024,3204401,Municipal,77.38,78.33,78.61,Rio Novo do Sul,ES,Sudeste,Abaixo da meta,-0.9500000000000028
2024,4121356,Municipal,56.92,78.33,78.61,Rancho Alegre D'Oeste,PR,Sul,Abaixo da meta,-21.409999999999997
2024,5219001,Municipal,91.82,78.37,78.65,Sanclerlândia,GO,Centro-Oeste,Atingiu ou superou,13.449999999999989
2024,5217203,Municipal,68.65,78.38,78.66,Piranhas,GO,Centro-Oeste,Abaixo da meta,-9.72999999999999
2024,5221809,Municipal,66.86,78.38,78.66,Urutaí,GO,Centro-Oeste,Abaixo da meta,-11.519999999999996
2024,2302206,Municipal,81.6,78.39,78.66,Beberibe,CE,Nordeste,Atingiu ou superou,3.2099999999999937
2024,3160454,Municipal,65.69,78.39,78.66,Santo Antônio do Retiro,MG,Sudeste,Abaixo da meta,-12.700000000000003
2024,3538204,Municipal,78.79,78.39,78.66,Pinhalzinho,SP,Sudeste,Atingiu ou superou,0.4000000000000057
2024,3162302,Municipal,72.0,78.4,78.68,São João da Mata,MG,Sudeste,Abaixo da meta,-6.400000000000006
2024,2300150,Municipal,81.21,78.41,78.68,Acarape,CE,Nordeste,Atingiu ou superou,2.799999999999997
2024,4322608,Municipal,59.2,78.41,78.68,Venâncio Aires,RS,Sul,Abaixo da meta,-19.209999999999994
2024,2202737,Municipal,94.47,78.41,78.68,Coivaras,PI,Nordeste,Atingiu ou superou,16.060000000000002
2024,4308052,Municipal,51.9,78.45,78.71,Faxinalzinho,RS,Sul,Abaixo da meta,-26.550000000000004
2024,4302402,Municipal,64.6,78.46,78.72,Bom Retiro do Sul,RS,Sul,Abaixo da meta,-13.86
2024,3123528,Municipal,71.43,78.46,78.73,Durandé,MG,Sudeste,Abaixo da meta,-7.029999999999987
2024,3203346,Municipal,86.57,78.47,78.73,Marechal Floriano,ES,Sudeste,Atingiu ou superou,8.099999999999994
2024,5207253,Municipal,83.34,78.47,78.73,Doverlândia,GO,Centro-Oeste,Atingiu ou superou,4.8700000000000045
2024,4118501,Municipal,71.14,78.48,78.74,Pato Branco,PR,Sul,Abaixo da meta,-7.340000000000003
2024,4310363,Municipal,50.0,78.5,78.75,Imigrante,RS,Sul,Abaixo da meta,-28.5
2024,5222054,Municipal,84.21,78.5,78.75,Vicentinópolis,GO,Centro-Oeste,Atingiu ou superou,5.709999999999994
2024,4212908,Municipal,78.35,78.51,78.76,Pinhalzinho,SC,Sul,Abaixo da meta,-0.1600000000000108
2024,2506251,Municipal,70.71,78.52,78.77,Gado Bravo,PB,Nordeste,Abaixo da meta,-7.810000000000002
2024,4124004,Municipal,54.43,78.52,78.78,Santana do Itararé,PR,Sul,Abaixo da meta,-24.089999999999996
2024,5219100,Municipal,100.0,78.53,78.78,Santa Bárbara de Goiás,GO,Centro-Oeste,Atingiu ou superou,21.47
2024,4106456,Municipal,62.47,78.53,78.78,Coronel Domingos Soares,PR,Sul,Abaixo da meta,-16.060000000000002
2024,3115805,Municipal,89.95,78.54,78.79,Centralina,MG,Sudeste,Atingiu ou superou,11.409999999999997
2024,4124608,Municipal,73.36,78.54,78.79,São Carlos do Ivaí,PR,Sul,Abaixo da meta,-5.180000000000007
2024,4316956,Municipal,59.3,78.55,78.8,Santa Maria do Herval,RS,Sul,Abaixo da meta,-19.25
2024,4115408,Municipal,85.08,78.57,78.81,Marmeleiro,PR,Sul,Atingiu ou superou,6.510000000000005
2024,2516508,Municipal,90.59,78.57,78.82,Taperoá,PB,Nordeste,Atingiu ou superou,12.02000000000001
2024,4215554,Municipal,66.67,78.58,78.82,Santa Helena,SC,Sul,Abaixo da meta,-11.909999999999997
2024,4214904,Municipal,68.78,78.6,78.84,Rio Fortuna,SC,Sul,Abaixo da meta,-9.819999999999993
2024,5210208,Municipal,83.04,78.6,78.84,Iporá,GO,Centro-Oeste,Atingiu ou superou,4.440000000000012
2024,4106209,Municipal,77.37,78.62,78.85,Contenda,PR,Sul,Abaixo da meta,-1.25
2024,4118907,Municipal,62.28,78.63,78.87,Pérola,PR,Sul,Abaixo da meta,-16.349999999999994
2024,3169059,Municipal,93.75,78.63,78.87,Tocos do Moji,MG,Sudeste,Atingiu ou superou,15.120000000000005
2024,4315156,Municipal,64.8,78.65,78.88,Progresso,RS,Sul,Abaixo da meta,-13.850000000000009
2024,3121704,Municipal,76.25,78.65,78.88,Diogo de Vasconcelos,MG,Sudeste,Abaixo da meta,-2.4000000000000057
2024,3200904,Municipal,87.39,78.66,78.89,Barra de São Francisco,ES,Sudeste,Atingiu ou superou,8.730000000000004
2024,4318457,Municipal,60.4,78.67,78.89,São José das Missões,RS,Sul,Abaixo da meta,-18.270000000000003
2024,3152600,Municipal,79.55,78.67,78.89,Pouso Alto,MG,Sudeste,Atingiu ou superou,0.8799999999999955
2024,4216107,Municipal,76.94,78.68,78.9,São Domingos,SC,Sul,Abaixo da meta,-1.740000000000009
2024,4306403,Municipal,56.9,78.68,78.9,Dois Irmãos,RS,Sul,Abaixo da meta,-21.78000000000001
2024,5213004,Municipal,83.79,78.69,78.91,Maurilândia,GO,Centro-Oeste,Atingiu ou superou,5.1000000000000085
2024,4309902,Municipal,49.1,78.69,78.91,Ibiraiaras,RS,Sul,Abaixo da meta,-29.589999999999996
2024,4104501,Municipal,79.5,78.69,78.91,Capanema,PR,Sul,Atingiu ou superou,0.8100000000000023
2024,3553906,Municipal,67.98,78.69,78.91,Tarabai,SP,Sudeste,Abaixo da meta,-10.709999999999994
2024,3136900,Municipal,82.69,78.72,78.94,Juruaia,MG,Sudeste,Atingiu ou superou,3.969999999999999
2024,3203353,Municipal,78.31,78.73,78.94,Marilândia,ES,Sudeste,Abaixo da meta,-0.4200000000000017
2024,2516003,Municipal,45.73,78.77,78.98,Solânea,PB,Nordeste,Abaixo da meta,-33.04
2024,3103108,Municipal,86.67,78.78,78.99,Antônio Prado de Minas,MG,Sudeste,Atingiu ou superou,7.890000000000001
2024,2512788,Municipal,55.56,78.78,78.99,Riacho de Santo Antônio,PB,Nordeste,Abaixo da meta,-23.22
2024,4305405,Municipal,84.6,78.78,78.99,Chiapetta,RS,Sul,Atingiu ou superou,5.819999999999993
2024,4209458,Municipal,66.07,78.78,78.99,Lajeado Grande,SC,Sul,Abaixo da meta,-12.710000000000008
2024,4315008,Municipal,100.0,78.78,78.99,Porto Lucena,RS,Sul,Atingiu ou superou,21.22
2024,3132008,Municipal,100.0,78.78,78.99,Itacambira,MG,Sudeste,Atingiu ou superou,21.22
2024,2607109,Municipal,89.89,78.78,78.99,Ingazeira,PE,Nordeste,Atingiu ou superou,11.11
2024,4320578,Municipal,66.7,78.78,78.99,Sete de Setembro,RS,Sul,Abaixo da meta,-12.079999999999998
2024,4125100,Municipal,79.45,78.79,78.99,São João do Triunfo,PR,Sul,Atingiu ou superou,0.6599999999999966
2024,3501202,Municipal,72.05,78.82,79.02,Álvares Florence,SP,Sudeste,Abaixo da meta,-6.769999999999996
2024,3123858,Municipal,77.45,78.84,79.04,Entre Folhas,MG,Sudeste,Abaixo da meta,-1.3900000000000006
2024,3161205,Municipal,90.73,78.86,79.06,São Francisco de Paula,MG,Sudeste,Atingiu ou superou,11.870000000000005
2024,4123956,Municipal,80.22,78.86,79.06,Santa Mônica,PR,Sul,Atingiu ou superou,1.3599999999999994
2024,4304408,Municipal,42.2,78.87,79.06,Canela,RS,Sul,Abaixo da meta,-36.67
2024,4128658,Municipal,81.54,78.88,79.07,Virmond,PR,Sul,Atingiu ou superou,2.660000000000011
2024,3155504,Municipal,60.21,78.89,79.08,Rio Paranaíba,MG,Sudeste,Abaixo da meta,-18.68
2024,5103106,Municipal,52.39,78.9,79.08,Cocalinho,MT,Centro-Oeste,Abaixo da meta,-26.510000000000005
2024,5219407,Municipal,83.33,78.93,79.11,Santa Rita do Araguaia,GO,Centro-Oeste,Atingiu ou superou,4.3999999999999915
2024,4127601,Municipal,68.4,78.94,79.12,Tijucas do Sul,PR,Sul,Abaixo da meta,-10.539999999999992
2024,4318481,Municipal,43.8,78.94,79.12,São José do Hortêncio,RS,Sul,Abaixo da meta,-35.14
2024,4313300,Municipal,61.1,78.96,79.13,Nova Prata,RS,Sul,Abaixo da meta,-17.859999999999992
2024,4308706,Municipal,74.7,78.98,79.16,Gaurama,RS,Sul,Abaixo da meta,-4.280000000000001
2024,4316428,Municipal,43.8,78.98,79.16,Sagrada Família,RS,Sul,Abaixo da meta,-35.18000000000001
2024,4111605,Municipal,86.72,78.99,79.16,Ivatuba,PR,Sul,Atingiu ou superou,7.730000000000004
2024,3104205,Municipal,88.86,79.0,79.17,Arcos,MG,Sudeste,Atingiu ou superou,9.86
2024,5210901,Municipal,85.28,79.01,79.18,Itapaci,GO,Centro-Oeste,Atingiu ou superou,6.269999999999996
2024,5007976,Municipal,85.45,79.02,79.18,Taquarussu,MS,Centro-Oeste,Atingiu ou superou,6.430000000000007
2024,3131208,Municipal,77.67,79.02,79.18,Ipanema,MG,Sudeste,Abaixo da meta,-1.3499999999999943
2024,5205000,Municipal,85.78,79.02,79.18,Carmo do Rio Verde,GO,Centro-Oeste,Atingiu ou superou,6.760000000000005
2024,2107704,Municipal,74.65,79.02,79.18,Paraibano,MA,Nordeste,Abaixo da meta,-4.36999999999999
2024,3516606,Municipal,66.68,79.07,79.23,Gália,SP,Sudeste,Abaixo da meta,-12.389999999999986
2024,5004007,Municipal,73.2,79.07,79.23,Glória de Dourados,MS,Centro-Oeste,Abaixo da meta,-5.86999999999999
2024,4205159,Municipal,79.1,,79.25,Doutor Pedrinho,SC,Sul,Sem dados para comparação,
2024,3146404,Municipal,82.34,79.1,79.25,Paineiras,MG,Sudeste,Atingiu ou superou,3.240000000000009
2024,3532843,Municipal,72.22,79.1,79.25,Nova Canaã Paulista,SP,Sudeste,Abaixo da meta,-6.8799999999999955
2024,3551207,Municipal,79.97,79.11,79.26,Sarutaiá,SP,Sudeste,Atingiu ou superou,0.8599999999999994
2024,4313607,Municipal,53.1,79.11,79.26,Paim Filho,RS,Sul,Abaixo da meta,-26.009999999999998
2024,5210406,Municipal,81.22,79.11,79.26,Itaberaí,GO,Centro-Oeste,Atingiu ou superou,2.1099999999999994
2024,5200100,Municipal,79.39,79.11,79.26,Abadiânia,GO,Centro-Oeste,Atingiu ou superou,0.28000000000000114
2024,5003157,Municipal,60.75,79.13,79.28,Coronel Sapucaia,MS,Centro-Oeste,Abaixo da meta,-18.379999999999995
2024,4312302,Municipal,51.7,79.13,79.28,Miraguaí,RS,Sul,Abaixo da meta,-27.429999999999993
2024,2205201,Municipal,58.67,79.14,79.28,Jaicós,PI,Nordeste,Abaixo da meta,-20.47
2024,5214408,Municipal,83.94,79.15,79.29,Nazário,GO,Centro-Oeste,Atingiu ou superou,4.789999999999992
2024,4308201,Municipal,59.6,79.15,79.3,Flores da Cunha,RS,Sul,Abaixo da meta,-19.550000000000004
2024,4321808,Municipal,51.2,79.17,79.31,Três de Maio,RS,Sul,Abaixo da meta,-27.97
2024,3114006,Municipal,68.1,79.19,79.32,Carmo da Mata,MG,Sudeste,Abaixo da meta,-11.090000000000003
2024,4108502,Municipal,55.52,79.19,79.32,General Carneiro,PR,Sul,Abaixo da meta,-23.669999999999995
2024,3128600,Municipal,51.62,79.19,79.32,Guarda-Mor,MG,Sudeste,Abaixo da meta,-27.57
2024,4217956,Municipal,91.64,79.2,79.33,Tigrinhos,SC,Sul,Atingiu ou superou,12.439999999999998
2024,4100459,Municipal,74.47,79.21,79.35,Altamira do Paraná,PR,Sul,Abaixo da meta,-4.739999999999995
2024,5107925,Municipal,81.05,79.21,79.35,Sorriso,MT,Centro-Oeste,Atingiu ou superou,1.8400000000000034
2024,4309100,Municipal,55.3,79.21,79.35,Gramado,RS,Sul,Abaixo da meta,-23.909999999999997
2024,3136553,Municipal,77.36,79.22,79.35,José Raydan,MG,Sudeste,Abaixo da meta,-1.8599999999999994
2024,4318804,Municipal,58.7,79.22,79.35,São Lourenço do Sul,RS,Sul,Abaixo da meta,-20.519999999999996
2024,3545506,Municipal,89.83,79.23,79.36,Sandovalina,SP,Sudeste,Atingiu ou superou,10.599999999999994
2024,4103701,Municipal,76.35,79.24,79.37,Cambé,PR,Sul,Abaixo da meta,-2.8900000000000006
2024,4111001,Municipal,80.58,79.25,79.37,Itambaracá,PR,Sul,Atingiu ou superou,1.3299999999999983
2024,4107306,Municipal,60.84,79.25,79.37,Doutor Camargo,PR,Sul,Abaixo da meta,-18.409999999999997
2024,4308003,Municipal,66.7,79.26,79.38,Faxinal do Soturno,RS,Sul,Abaixo da meta,-12.560000000000002
2024,5203401,Municipal,73.26,79.26,79.39,Bom Jardim de Goiás,GO,Centro-Oeste,Abaixo da meta,-6.0
2024,4116406,Municipal,94.81,79.27,79.4,Nossa Senhora das Graças,PR,Sul,Atingiu ou superou,15.540000000000006
2024,4305900,Municipal,36.0,79.32,79.43,Coronel Bicaco,RS,Sul,Abaixo da meta,-43.31999999999999
2024,4123501,Municipal,79.37,79.32,79.44,Santa Helena,PR,Sul,Atingiu ou superou,0.05000000000001137
2024,4117206,Municipal,91.63,79.33,79.45,Nova Olímpia,PR,Sul,Atingiu ou superou,12.299999999999997
2024,2708303,Municipal,95.31,79.33,79.45,São José da Laje,AL,Nordeste,Atingiu ou superou,15.980000000000004
2024,4115804,Municipal,79.1,79.33,79.45,Medianeira,PR,Sul,Abaixo da meta,-0.23000000000000398
2024,5106190,Municipal,75.07,79.33,79.45,Nova Santa Helena,MT,Centro-Oeste,Abaixo da meta,-4.260000000000005
2024,3121209,Municipal,68.3,79.34,79.45,Delfinópolis,MG,Sudeste,Abaixo da meta,-11.040000000000006
2024,3542909,Municipal,53.4,79.35,79.46,Ribeirão Bonito,SP,Sudeste,Abaixo da meta,-25.949999999999996
2024,2303600,Municipal,81.25,79.35,79.46,Catarina,CE,Nordeste,Atingiu ou superou,1.9000000000000057
2024,3120870,Municipal,80.36,79.36,79.47,Curral de Dentro,MG,Sudeste,Atingiu ou superou,1.0
2024,5218789,Municipal,96.08,79.37,79.47,Rio Quente,GO,Centro-Oeste,Atingiu ou superou,16.709999999999994
2024,2509339,Municipal,72.67,79.38,79.49,Matinhas,PB,Nordeste,Abaixo da meta,-6.709999999999994
2024,3166006,Municipal,86.42,79.39,79.49,Senhora de Oliveira,MG,Sudeste,Atingiu ou superou,7.030000000000001
2024,2311355,Municipal,88.46,79.4,79.5,Quixelô,CE,Nordeste,Atingiu ou superou,9.059999999999988
2024,4116109,Municipal,78.01,79.43,79.52,Moreira Sales,PR,Sul,Abaixo da meta,-1.4200000000000017
2024,5204607,Municipal,93.62,79.44,79.54,Campestre de Goiás,GO,Centro-Oeste,Atingiu ou superou,14.180000000000007
2024,4127858,Municipal,75.42,79.46,79.55,Três Barras do Paraná,PR,Sul,Abaixo da meta,-4.039999999999992
2024,4114302,Municipal,64.48,79.47,79.56,Mandirituba,PR,Sul,Abaixo da meta,-14.989999999999995
2024,4201273,Municipal,96.31,79.48,79.57,Arabutã,SC,Sul,Atingiu ou superou,16.83
2024,3510153,Municipal,79.49,,79.58,Canitar,SP,Sudeste,Sem dados para comparação,
2024,3508306,Municipal,78.11,79.5,79.58,Cabrália Paulista,SP,Sudeste,Abaixo da meta,-1.3900000000000006
2024,5221304,Municipal,84.05,79.54,79.62,Três Ranchos,GO,Centro-Oeste,Atingiu ou superou,4.509999999999991
2024,2604155,Municipal,84.85,79.54,79.62,Casinhas,PE,Nordeste,Atingiu ou superou,5.309999999999988
2024,4306957,Municipal,60.0,79.55,79.63,Entre Rios do Sul,RS,Sul,Abaixo da meta,-19.549999999999997
2024,2503506,Municipal,63.3,79.56,79.64,Cacimba de Dentro,PB,Nordeste,Abaixo da meta,-16.260000000000005
2024,5219357,Municipal,77.97,79.56,79.64,Santa Isabel,GO,Centro-Oeste,Abaixo da meta,-1.5900000000000034
2024,4116802,Municipal,88.03,79.57,79.64,Nova Cantu,PR,Sul,Atingiu ou superou,8.460000000000008
2024,4123824,Municipal,85.71,79.57,79.64,Santa Lúcia,PR,Sul,Atingiu ou superou,6.140000000000001
2024,4124400,Municipal,81.43,79.58,79.65,Santo Antônio do Sudoeste,PR,Sul,Atingiu ou superou,1.8500000000000085
2024,2510709,Municipal,66.67,79.59,79.66,Passagem,PB,Nordeste,Abaixo da meta,-12.920000000000002
2024,4108957,Municipal,71.55,79.6,79.67,Guamiranga,PR,Sul,Abaixo da meta,-8.049999999999997
2024,5205513,Municipal,88.6,79.6,79.67,Cocalzinho de Goiás,GO,Centro-Oeste,Atingiu ou superou,9.0
2024,3144359,Municipal,64.96,79.61,79.67,Naque,MG,Sudeste,Abaixo da meta,-14.650000000000006
2024,5215652,Municipal,74.42,79.61,79.68,Palestina de Goiás,GO,Centro-Oeste,Abaixo da meta,-5.189999999999998
2024,4105508,Municipal,74.95,79.62,79.69,Cianorte,PR,Sul,Abaixo da meta,-4.670000000000002
2024,4102109,Municipal,75.21,79.63,79.69,Astorga,PR,Sul,Abaixo da meta,-4.420000000000002
2024,4213153,Municipal,90.38,79.63,79.69,Planalto Alegre,SC,Sul,Atingiu ou superou,10.75
2024,4127700,Municipal,81.69,79.64,79.7,Toledo,PR,Sul,Atingiu ou superou,2.049999999999997
2024,3141504,Municipal,60.0,79.7,79.75,Mendes Pimentel,MG,Sudeste,Abaixo da meta,-19.700000000000003
2024,4108403,Municipal,76.41,79.72,79.76,Francisco Beltrão,PR,Sul,Abaixo da meta,-3.3100000000000023
2024,4304507,Municipal,51.7,79.74,79.79,Canguçu,RS,Sul,Abaixo da meta,-28.039999999999992
2024,2307700,Municipal,81.66,79.79,79.83,Maranguape,CE,Nordeste,Atingiu ou superou,1.8699999999999903
2024,5208608,Municipal,82.28,79.82,79.85,Goianésia,GO,Centro-Oeste,Atingiu ou superou,2.460000000000008
2024,4119707,Municipal,80.42,79.82,79.85,Planaltina do Paraná,PR,Sul,Atingiu ou superou,0.6000000000000085
2024,2312502,Municipal,95.98,79.85,79.87,São João do Jaguaribe,CE,Nordeste,Atingiu ou superou,16.13000000000001
2024,5202502,Municipal,90.33,79.85,79.87,Aruanã,GO,Centro-Oeste,Atingiu ou superou,10.480000000000004
2024,4120655,Municipal,61.75,79.9,79.91,Quarto Centenário,PR,Sul,Abaixo da meta,-18.150000000000006
2024,1507755,Municipal,71.84,79.9,79.91,Sapucaia,PA,Norte,Abaixo da meta,-8.060000000000002
2024,3162575,Municipal,71.7,79.91,79.92,São João do Manteninha,MG,Sudeste,Abaixo da meta,-8.209999999999994
2024,5204805,Municipal,77.6,79.91,79.93,Campo Alegre de Goiás,GO,Centro-Oeste,Abaixo da meta,-2.3100000000000023
2024,5208301,Municipal,80.42,79.92,79.94,Divinópolis de Goiás,GO,Centro-Oeste,Atingiu ou superou,0.5
2024,2105427,Municipal,60.13,79.93,79.94,Itinga do Maranhão,MA,Nordeste,Abaixo da meta,-19.800000000000004
2024,2203008,Municipal,79.55,79.94,79.95,Cristalândia do Piauí,PI,Nordeste,Abaixo da meta,-0.39000000000000057
2024,3552908,Municipal,67.0,79.94,79.95,Taciba,SP,Sudeste,Abaixo da meta,-12.939999999999998
2024,3532058,Municipal,78.09,79.94,79.95,Motuca,SP,Sudeste,Abaixo da meta,-1.8499999999999943
2024,4219408,Municipal,77.27,79.97,79.97,Witmarsum,SC,Sul,Abaixo da meta,-2.700000000000003
2024,4315172,Municipal,75.0,79.98,79.99,Protásio Alves,RS,Sul,Abaixo da meta,-4.980000000000004
2024,3547700,Municipal,79.01,79.99,79.99,Santo Anastácio,SP,Sudeste,Abaixo da meta,-0.9799999999999898
2024,4216008,Municipal,80.35,,80.0,São Carlos,SC,Sul,Sem dados para comparação,
2024,3166600,Municipal,90.0,,80.0,Serra da Saudade,MG,Sudeste,Sem dados para comparação,
2024,3107703,Municipal,98.04,,80.0,Bom Jesus do Amparo,MG,Sudeste,Sem dados para comparação,
2024,3163409,Municipal,86.0,,80.0,São José do Goiabal,MG,Sudeste,Sem dados para comparação,
2024,3306156,Municipal,82.96,,80.0,Varre-Sai,RJ,Sudeste,Sem dados para comparação,
2024,4200903,Municipal,90.0,,80.0,Angelina,SC,Sul,Sem dados para comparação,
2024,3142502,Municipal,95.0,,80.0,Monjolos,MG,Sudeste,Sem dados para comparação,
2024,3147501,Municipal,90.91,,80.0,Passabém,MG,Sudeste,Sem dados para comparação,
2024,5213400,Municipal,84.62,,80.0,Moiporá,GO,Centro-Oeste,Sem dados para comparação,
2024,3149408,Municipal,100.0,,80.0,Pedro Teixeira,MG,Sudeste,Sem dados para comparação,
2024,5200506,Municipal,90.91,,80.0,Aloândia,GO,Centro-Oeste,Sem dados para comparação,
2024,3151909,Municipal,95.65,,80.0,Pocrane,MG,Sudeste,Sem dados para comparação,
2024,3145406,Municipal,89.13,,80.0,Olaria,MG,Sudeste,Sem dados para comparação,
2024,4306759,Municipal,80.0,,80.0,Doutor Ricardo,RS,Sul,Sem dados para comparação,
2024,2104073,Municipal,65.38,80.0,80.0,Feira Nova do Maranhão,MA,Nordeste,Abaixo da meta,-14.620000000000005
2024,2105658,Municipal,67.86,80.0,80.0,Junco do Maranhão,MA,Nordeste,Abaixo da meta,-12.14
2024,2303105,Municipal,98.77,80.0,80.0,Cariré,CE,Nordeste,Atingiu ou superou,18.769999999999996
2024,2304905,Municipal,96.95,80.0,80.0,Groaíras,CE,Nordeste,Atingiu ou superou,16.950000000000003
2024,2309607,Municipal,87.91,80.0,80.0,Pacajus,CE,Nordeste,Atingiu ou superou,7.909999999999997
2024,2500734,Municipal,41.89,80.0,80.0,Amparo,PB,Nordeste,Abaixo da meta,-38.11
2024,4103404,Municipal,63.42,80.0,80.0,Cafeara,PR,Sul,Abaixo da meta,-16.58
2024,4117453,Municipal,90.05,80.0,80.0,Ouro Verde do Oeste,PR,Sul,Atingiu ou superou,10.049999999999997
2024,4210050,Municipal,56.25,80.0,80.0,Macieira,SC,Sul,Abaixo da meta,-23.75
2024,4312807,Municipal,60.6,80.0,80.0,Nova Araçá,RS,Sul,Abaixo da meta,-19.4
2024,4314498,Municipal,76.9,80.0,80.0,Pinheirinho do Vale,RS,Sul,Abaixo da meta,-3.0999999999999943
2024,5219506,Municipal,100.0,80.0,80.0,Santa Rosa de Goiás,GO,Centro-Oeste,Atingiu ou superou,20.0
2024,5219605,Municipal,91.67,80.0,80.0,Santa Tereza de Goiás,GO,Centro-Oeste,Atingiu ou superou,11.670000000000002
2024,2110104,Municipal,80.19,80.0,80.0,Santa Quitéria do Maranhão,MA,Nordeste,Atingiu ou superou,0.18999999999999773
2024,2201903,Municipal,98.95,80.0,80.0,Bom Jesus,PI,Nordeste,Atingiu ou superou,18.950000000000003
2024,2210359,Municipal,73.08,80.0,80.0,São Lourenço do Piauí,PI,Nordeste,Abaixo da meta,-6.920000000000002
2024,2210805,Municipal,67.45,80.0,80.0,Simplício Mendes,PI,Nordeste,Abaixo da meta,-12.549999999999997
2024,3140902,Municipal,65.0,80.0,80.0,Matipó,MG,Sudeste,Abaixo da meta,-15.0
2024,4107751,Municipal,77.82,80.0,80.0,Figueira,PR,Sul,Abaixo da meta,-2.180000000000007
2024,4306452,Municipal,53.0,80.0,80.0,Dois Lajeados,RS,Sul,Abaixo da meta,-27.0
2024,4321451,Municipal,62.9,80.0,80.0,Teutônia,RS,Sul,Abaixo da meta,-17.1
2024,4321469,Municipal,69.1,80.0,80.0,Tio Hugo,RS,Sul,Abaixo da meta,-10.900000000000006
2024,4321857,Municipal,62.5,80.0,80.0,Três Palmeiras,RS,Sul,Abaixo da meta,-17.5
2024,5005251,Municipal,77.47,80.0,80.0,Laguna Carapã,MS,Centro-Oeste,Abaixo da meta,-2.530000000000001
2024,5218805,Municipal,89.88,80.0,80.0,Rio Verde,GO,Centro-Oeste,Atingiu ou superou,9.879999999999995
2024,5222005,Municipal,89.5,80.0,80.0,Vianópolis,GO,Centro-Oeste,Atingiu ou superou,9.5
2024,2300507,Municipal,99.05,80.0,80.0,Alcântaras,CE,Nordeste,Atingiu ou superou,19.049999999999997
2024,2307403,Municipal,90.28,80.0,80.0,Jucás,CE,Nordeste,Atingiu ou superou,10.280000000000001
2024,2308500,Municipal,93.51,80.0,80.0,Mombaça,CE,Nordeste,Atingiu ou superou,13.510000000000005
2024,2310100,Municipal,94.31,80.0,80.0,Palmácia,CE,Nordeste,Atingiu ou superou,14.310000000000002
2024,2702108,Municipal,73.25,80.0,80.0,Colônia Leopoldina,AL,Nordeste,Abaixo da meta,-6.75
2024,3158904,Municipal,77.24,80.0,80.0,Santana do Manhuaçu,MG,Sudeste,Abaixo da meta,-2.760000000000005
2024,3167905,Municipal,74.43,80.0,80.0,Tabuleiro,MG,Sudeste,Abaixo da meta,-5.569999999999993
2024,3546108,Municipal,100.0,80.0,80.0,Santa Clara d'Oeste,SP,Sudeste,Atingiu ou superou,20.0
2024,4101150,Municipal,86.15,80.0,80.0,Ângulo,PR,Sul,Atingiu ou superou,6.150000000000006
2024,4122800,Municipal,93.11,80.0,80.0,Salgado Filho,PR,Sul,Atingiu ou superou,13.11
2024,4124707,Municipal,71.33,80.0,80.0,São Jerônimo da Serra,PR,Sul,Abaixo da meta,-8.670000000000002
2024,4300208,Municipal,81.9,80.0,80.0,Ajuricaba,RS,Sul,Atingiu ou superou,1.9000000000000057
2024,4305871,Municipal,67.8,80.0,80.0,Coronel Barros,RS,Sul,Abaixo da meta,-12.200000000000003
2024,4306700,Municipal,26.7,80.0,80.0,Dona Francisca,RS,Sul,Abaixo da meta,-53.3
2024,5215207,Municipal,54.84,80.0,80.0,Novo Brasil,GO,Centro-Oeste,Abaixo da meta,-25.159999999999997
2024,5215900,Municipal,82.81,80.0,80.0,Palminópolis,GO,Centro-Oeste,Atingiu ou superou,2.8100000000000023
2024,2207777,Municipal,63.04,80.0,80.0,Patos do Piauí,PI,Nordeste,Abaixo da meta,-16.96
2024,2209104,Municipal,98.15,80.0,80.0,Santa Cruz do Piauí,PI,Nordeste,Atingiu ou superou,18.150000000000006
2024,2304269,Municipal,98.82,80.0,80.0,Deputado Irapuan Pinheiro,CE,Nordeste,Atingiu ou superou,18.819999999999993
2024,2304350,Municipal,100.0,80.0,80.0,Forquilha,CE,Nordeste,Atingiu ou superou,20.0
2024,2305332,Municipal,96.67,80.0,80.0,Ibicuitinga,CE,Nordeste,Atingiu ou superou,16.67
2024,2306306,Municipal,89.55,80.0,80.0,Itapagé,CE,Nordeste,Atingiu ou superou,9.549999999999997
2024,3141603,Municipal,84.85,80.0,80.0,Mercês,MG,Sudeste,Atingiu ou superou,4.849999999999994
2024,3515608,Municipal,85.99,80.0,80.0,Fernando Prestes,SP,Sudeste,Atingiu ou superou,5.989999999999995
2024,3542107,Municipal,70.8,80.0,80.0,Rafard,SP,Sudeste,Abaixo da meta,-9.200000000000003
2024,4113403,Municipal,89.7,80.0,80.0,Leópolis,PR,Sul,Atingiu ou superou,9.700000000000003
2024,4114351,Municipal,70.91,80.0,80.0,Manfrinópolis,PR,Sul,Abaixo da meta,-9.090000000000003
2024,4122156,Municipal,80.25,80.0,80.0,Rio Bonito do Iguaçu,PR,Sul,Atingiu ou superou,0.25
2024,4215406,Municipal,72.08,80.0,80.0,Salto Veloso,SC,Sul,Abaixo da meta,-7.920000000000002
2024,4215604,Municipal,86.49,80.0,80.0,Santa Rosa de Lima,SC,Sul,Atingiu ou superou,6.489999999999995
2024,4312443,Municipal,75.0,80.0,80.0,Morrinhos do Sul,RS,Sul,Abaixo da meta,-5.0
2024,5103809,Municipal,58.78,80.0,80.0,Figueirópolis D'Oeste,MT,Centro-Oeste,Abaixo da meta,-21.22
2024,5207402,Municipal,72.29,80.0,80.0,Edéia,GO,Centro-Oeste,Abaixo da meta,-7.709999999999994
2024,2107258,Municipal,77.14,80.0,80.0,Nova Colinas,MA,Nordeste,Abaixo da meta,-2.8599999999999994
2024,2210201,Municipal,97.06,80.0,80.0,São José do Piauí,PI,Nordeste,Atingiu ou superou,17.060000000000002
2024,2509156,Municipal,98.16,80.0,80.0,Marizópolis,PB,Nordeste,Atingiu ou superou,18.159999999999997
2024,2514552,Municipal,81.82,80.0,80.0,São José de Princesa,PB,Nordeste,Atingiu ou superou,1.8199999999999932
2024,2605400,Municipal,83.27,80.0,80.0,Feira Nova,PE,Nordeste,Atingiu ou superou,3.269999999999996
2024,3143500,Municipal,64.5,80.0,80.0,Morada Nova de Minas,MG,Sudeste,Abaixo da meta,-15.5
2024,3162807,Municipal,70.27,80.0,80.0,São João Evangelista,MG,Sudeste,Abaixo da meta,-9.730000000000004
2024,3167301,Municipal,86.36,80.0,80.0,Silveirânia,MG,Sudeste,Atingiu ou superou,6.359999999999999
2024,3530201,Municipal,87.52,80.0,80.0,Mirante do Paranapanema,SP,Sudeste,Atingiu ou superou,7.519999999999996
2024,4114203,Municipal,81.53,80.0,80.0,Mandaguari,PR,Sul,Atingiu ou superou,1.5300000000000011
2024,4127965,Municipal,84.81,80.0,80.0,Turvo,PR,Sul,Atingiu ou superou,4.810000000000002
2024,4208955,Municipal,77.08,80.0,80.0,Jardinópolis,SC,Sul,Abaixo da meta,-2.9200000000000017
2024,4215075,Municipal,72.07,80.0,80.0,Riqueza,SC,Sul,Abaixo da meta,-7.930000000000007
2024,4312385,Municipal,76.9,80.0,80.0,Monte Belo do Sul,RS,Sul,Abaixo da meta,-3.0999999999999943
2024,4319711,Municipal,73.3,80.0,80.0,São Valentim do Sul,RS,Sul,Abaixo da meta,-6.700000000000003
2024,4322558,Municipal,69.2,80.0,80.0,Vanini,RS,Sul,Abaixo da meta,-10.799999999999997
2024,5214705,Municipal,95.24,80.0,80.0,Nova América,GO,Centro-Oeste,Atingiu ou superou,15.239999999999995
2024,5219704,Municipal,96.08,80.0,80.0,Santa Terezinha de Goiás,GO,Centro-Oeste,Atingiu ou superou,16.08
2024,2114007,Municipal,72.3,80.0,80.0,Zé Doca,MA,Nordeste,Abaixo da meta,-7.700000000000003
2024,2201919,Municipal,75.94,80.0,80.0,Bom Princípio do Piauí,PI,Nordeste,Abaixo da meta,-4.060000000000002
2024,2206506,Municipal,97.7,80.0,80.0,Monsenhor Hipólito,PI,Nordeste,Atingiu ou superou,17.700000000000003
2024,2208700,Municipal,80.52,80.0,80.0,Redenção do Gurguéia,PI,Nordeste,Atingiu ou superou,0.519999999999996
2024,2301950,Municipal,91.15,80.0,80.0,Barreira,CE,Nordeste,Atingiu ou superou,11.150000000000006
2024,2304277,Municipal,95.0,80.0,80.0,Ererê,CE,Nordeste,Atingiu ou superou,15.0
2024,2307809,Municipal,96.66,80.0,80.0,Marco,CE,Nordeste,Atingiu ou superou,16.659999999999997
2024,2516904,Municipal,44.45,80.0,80.0,Uiraúna,PB,Nordeste,Abaixo da meta,-35.55
2024,3121001,Municipal,90.32,80.0,80.0,Datas,MG,Sudeste,Atingiu ou superou,10.319999999999993
2024,3204252,Municipal,80.01,80.0,80.0,Ponto Belo,ES,Sudeste,Atingiu ou superou,0.010000000000005116
2024,3534757,Municipal,89.21,80.0,80.0,Ouroeste,SP,Sudeste,Atingiu ou superou,9.209999999999994
2024,4103354,Municipal,85.11,80.0,80.0,Braganey,PR,Sul,Atingiu ou superou,5.109999999999999
2024,4107736,Municipal,79.81,80.0,80.0,Fernandes Pinheiro,PR,Sul,Abaixo da meta,-0.18999999999999773
2024,4123600,Municipal,100.0,80.0,80.0,Santa Inês,PR,Sul,Atingiu ou superou,20.0
2024,4124301,Municipal,81.17,80.0,80.0,Santo Antônio do Paraíso,PR,Sul,Atingiu ou superou,1.1700000000000017
2024,4128005,Municipal,77.6,80.0,80.0,Ubiratã,PR,Sul,Abaixo da meta,-2.4000000000000057
2024,4312351,Municipal,75.0,80.0,80.0,Montauri,RS,Sul,Abaixo da meta,-5.0
2024,4316451,Municipal,50.9,80.0,80.0,Salto do Jacuí,RS,Sul,Abaixo da meta,-29.1
2024,4316477,Municipal,44.4,80.0,80.0,Salvador das Missões,RS,Sul,Abaixo da meta,-35.6
2024,4319752,Municipal,25.0,80.0,80.0,São Vendelino,RS,Sul,Abaixo da meta,-55.0
2024,2202729,Municipal,87.68,80.0,80.0,Cocal dos Alves,PI,Nordeste,Atingiu ou superou,7.680000000000007
2024,2306553,Municipal,92.49,80.0,80.0,Itarema,CE,Nordeste,Atingiu ou superou,12.489999999999995
2024,2309409,Municipal,100.0,80.0,80.0,Novo Oriente,CE,Nordeste,Atingiu ou superou,20.0
2024,2310506,Municipal,99.7,80.0,80.0,Pedra Branca,CE,Nordeste,Atingiu ou superou,19.700000000000003
2024,2314102,Municipal,90.22,80.0,80.0,Viçosa do Ceará,CE,Nordeste,Atingiu ou superou,10.219999999999999
2024,2512309,Municipal,86.29,80.0,80.0,Princesa Isabel,PB,Nordeste,Atingiu ou superou,6.290000000000006
2024,3119807,Municipal,75.27,80.0,80.0,Córrego Danta,MG,Sudeste,Abaixo da meta,-4.730000000000004
2024,3142908,Municipal,66.67,80.0,80.0,Monte Azul,MG,Sudeste,Abaixo da meta,-13.329999999999998
2024,3144508,Municipal,85.36,80.0,80.0,Nazareno,MG,Sudeste,Atingiu ou superou,5.359999999999999
2024,3520608,Municipal,70.59,80.0,80.0,Indiana,SP,Sudeste,Abaixo da meta,-9.409999999999997
2024,3532504,Municipal,74.47,80.0,80.0,Neves Paulista,SP,Sudeste,Abaixo da meta,-5.530000000000001
2024,3543501,Municipal,64.17,80.0,80.0,Riversul,SP,Sudeste,Abaixo da meta,-15.829999999999998
2024,3548302,Municipal,100.0,80.0,80.0,Santo Expedito,SP,Sudeste,Atingiu ou superou,20.0
2024,4117008,Municipal,79.65,80.0,80.0,Nova Fátima,PR,Sul,Abaixo da meta,-0.3499999999999943
2024,4320206,Municipal,68.0,80.0,80.0,Seberi,RS,Sul,Abaixo da meta,-12.0
2024,4322343,Municipal,55.6,80.0,80.0,Ubiretama,RS,Sul,Abaixo da meta,-24.4
2024,4323606,Municipal,85.7,80.0,80.0,Vista Alegre do Prata,RS,Sul,Atingiu ou superou,5.700000000000003
2024,5107297,Municipal,74.75,80.0,80.0,São José do Povo,MT,Centro-Oeste,Abaixo da meta,-5.25
2024,5204854,Municipal,84.62,80.0,80.0,Campo Limpo de Goiás,GO,Centro-Oeste,Atingiu ou superou,4.6200000000000045
2024,5211206,Municipal,85.1,80.0,80.0,Itapuranga,GO,Centro-Oeste,Atingiu ou superou,5.099999999999994
2024,2301851,Municipal,76.25,80.0,80.0,Banabuiú,CE,Nordeste,Abaixo da meta,-3.75
2024,2307007,Municipal,88.24,80.0,80.0,Jaguaruana,CE,Nordeste,Atingiu ou superou,8.239999999999995
2024,2307650,Municipal,84.92,80.0,80.0,Maracanaú,CE,Nordeste,Atingiu ou superou,4.920000000000002
2024,2515906,Municipal,74.71,80.0,80.0,Serraria,PB,Nordeste,Abaixo da meta,-5.290000000000006
2024,3110400,Municipal,86.64,80.0,80.0,Camacho,MG,Sudeste,Atingiu ou superou,6.640000000000001
2024,3138674,Municipal,87.7,80.0,80.0,Luisburgo,MG,Sudeste,Atingiu ou superou,7.700000000000003
2024,3150000,Municipal,77.59,80.0,80.0,Pescador,MG,Sudeste,Abaixo da meta,-2.4099999999999966
2024,3159506,Municipal,87.19,80.0,80.0,Santa Rita do Itueto,MG,Sudeste,Atingiu ou superou,7.189999999999998
2024,3200102,Municipal,95.4,80.0,80.0,Afonso Cláudio,ES,Sudeste,Atingiu ou superou,15.400000000000006
2024,3203163,Municipal,87.5,80.0,80.0,Laranja da Terra,ES,Sudeste,Atingiu ou superou,7.5
2024,4113205,Municipal,74.83,80.0,80.0,Lapa,PR,Sul,Abaixo da meta,-5.170000000000002
2024,4118402,Municipal,74.3,80.0,80.0,Paranavaí,PR,Sul,Abaixo da meta,-5.700000000000003
2024,4120150,Municipal,86.29,80.0,80.0,Porto Barreiro,PR,Sul,Atingiu ou superou,6.290000000000006
2024,4123303,Municipal,59.1,80.0,80.0,Santa Cruz de Monte Castelo,PR,Sul,Abaixo da meta,-20.9
2024,4127809,Municipal,83.7,80.0,80.0,Tomazina,PR,Sul,Atingiu ou superou,3.700000000000003
2024,4215356,Municipal,75.29,80.0,80.0,Saltinho,SC,Sul,Abaixo da meta,-4.709999999999994
2024,4310900,Municipal,61.9,80.0,80.0,Jacutinga,RS,Sul,Abaixo da meta,-18.1
2024,4313086,Municipal,57.9,80.0,80.0,Nova Pádua,RS,Sul,Abaixo da meta,-22.1
2024,4315206,Municipal,82.8,80.0,80.0,Putinga,RS,Sul,Atingiu ou superou,2.799999999999997
2024,4318614,Municipal,37.5,80.0,80.0,São José do Sul,RS,Sul,Abaixo da meta,-42.5
2024,4322905,Municipal,86.9,80.0,80.0,Viadutos,RS,Sul,Atingiu ou superou,6.900000000000006
2024,2104909,Municipal,86.95,80.0,80.0,Guimarães,MA,Nordeste,Atingiu ou superou,6.950000000000003
2024,2110039,Municipal,85.76,80.0,80.0,Santa Luzia do Paruá,MA,Nordeste,Atingiu ou superou,5.760000000000005
2024,2200053,Municipal,81.89,80.0,80.0,Acauã,PI,Nordeste,Atingiu ou superou,1.8900000000000006
2024,2306504,Municipal,92.57,80.0,80.0,Itapiúna,CE,Nordeste,Atingiu ou superou,12.569999999999993
2024,2310852,Municipal,88.62,80.0,80.0,Pindoretama,CE,Nordeste,Atingiu ou superou,8.620000000000005
2024,2311801,Municipal,94.59,80.0,80.0,Russas,CE,Nordeste,Atingiu ou superou,14.590000000000003
2024,2313500,Municipal,91.78,80.0,80.0,Trairi,CE,Nordeste,Atingiu ou superou,11.780000000000001
2024,3103306,Municipal,86.96,80.0,80.0,Aracitaba,MG,Sudeste,Atingiu ou superou,6.959999999999994
2024,3121407,Municipal,79.93,80.0,80.0,Desterro de Entre Rios,MG,Sudeste,Abaixo da meta,-0.06999999999999318
2024,3142403,Municipal,81.94,80.0,80.0,Moema,MG,Sudeste,Atingiu ou superou,1.9399999999999977
2024,4108452,Municipal,78.1,80.0,80.0,Foz do Jordão,PR,Sul,Abaixo da meta,-1.9000000000000057
2024,4108551,Municipal,74.07,80.0,80.0,Godoy Moreira,PR,Sul,Abaixo da meta,-5.930000000000007
2024,4109005,Municipal,75.09,80.0,80.0,Guapirama,PR,Sul,Abaixo da meta,-4.909999999999997
2024,4306551,Municipal,57.1,80.0,80.0,Dom Pedro de Alcântara,RS,Sul,Abaixo da meta,-22.9
2024,2104503,Municipal,78.21,80.0,80.0,Governador Archer,MA,Nordeste,Abaixo da meta,-1.7900000000000063
2024,2105922,Municipal,78.44,80.0,80.0,Lagoa do Mato,MA,Nordeste,Abaixo da meta,-1.5600000000000023
2024,2301604,Municipal,98.08,80.0,80.0,Assaré,CE,Nordeste,Atingiu ou superou,18.08
2024,2305001,Municipal,95.65,80.0,80.0,Guaraciaba do Norte,CE,Nordeste,Atingiu ou superou,15.650000000000006
2024,2311405,Municipal,98.76,80.0,80.0,Quixeramobim,CE,Nordeste,Atingiu ou superou,18.760000000000005
2024,2312007,Municipal,98.26,80.0,80.0,Santana do Acaraú,CE,Nordeste,Atingiu ou superou,18.260000000000005
2024,3121803,Municipal,72.13,80.0,80.0,Dionísio,MG,Sudeste,Abaixo da meta,-7.8700000000000045
2024,3151701,Municipal,70.92,80.0,80.0,Poço Fundo,MG,Sudeste,Abaixo da meta,-9.079999999999998
2024,3157377,Municipal,72.73,80.0,80.0,Santa Cruz de Salinas,MG,Sudeste,Abaixo da meta,-7.269999999999996
2024,3161502,Municipal,92.77,80.0,80.0,São Geraldo,MG,Sudeste,Atingiu ou superou,12.769999999999996
2024,3164001,Municipal,68.34,80.0,80.0,São Pedro dos Ferros,MG,Sudeste,Abaixo da meta,-11.659999999999997
2024,3166956,Municipal,95.99,80.0,80.0,Serranópolis de Minas,MG,Sudeste,Atingiu ou superou,15.989999999999995
2024,3553955,Municipal,91.72,80.0,80.0,Tarumã,SP,Sudeste,Atingiu ou superou,11.719999999999999
2024,3555208,Municipal,93.33,80.0,80.0,Turiúba,SP,Sudeste,Atingiu ou superou,13.329999999999998
2024,4106571,Municipal,86.52,80.0,80.0,Cruzeiro do Iguaçu,PR,Sul,Atingiu ou superou,6.519999999999996
2024,4216255,Municipal,92.42,80.0,80.0,São João do Oeste,SC,Sul,Atingiu ou superou,12.420000000000002
2024,4307906,Municipal,56.7,80.0,80.0,Farroupilha,RS,Sul,Abaixo da meta,-23.299999999999997
2024,4312153,Municipal,58.4,80.0,80.0,Mato Leitão,RS,Sul,Abaixo da meta,-21.6
2024,4315149,Municipal,56.3,80.0,80.0,Presidente Lucena,RS,Sul,Abaixo da meta,-23.700000000000003
2024,5211404,Municipal,94.51,80.0,80.0,Itauçu,GO,Centro-Oeste,Atingiu ou superou,14.510000000000005
2024,2202091,Municipal,100.0,80.0,80.0,Caldeirão Grande do Piauí,PI,Nordeste,Atingiu ou superou,20.0
2024,2300705,Municipal,94.16,80.0,80.0,Alto Santo,CE,Nordeste,Atingiu ou superou,14.159999999999997
2024,2304202,Municipal,95.37,80.0,80.0,Crato,CE,Nordeste,Atingiu ou superou,15.370000000000005
2024,2308807,Municipal,92.86,80.0,80.0,Moraújo,CE,Nordeste,Atingiu ou superou,12.86
2024,2309508,Municipal,90.75,80.0,80.0,Orós,CE,Nordeste,Atingiu ou superou,10.75
2024,2312106,Municipal,96.45,80.0,80.0,Santana do Cariri,CE,Nordeste,Atingiu ou superou,16.450000000000003
2024,2501104,Municipal,90.53,80.0,80.0,Areia,PB,Nordeste,Atingiu ou superou,10.530000000000001
2024,2509602,Municipal,93.4,80.0,80.0,Monte Horebe,PB,Nordeste,Atingiu ou superou,13.400000000000006
2024,3202009,Municipal,81.34,80.0,80.0,Dores do Rio Preto,ES,Sudeste,Atingiu ou superou,1.3400000000000034
2024,3516507,Municipal,85.45,80.0,80.0,Gabriel Monteiro,SP,Sudeste,Atingiu ou superou,5.450000000000003
2024,3519006,Municipal,81.08,80.0,80.0,Herculândia,SP,Sudeste,Atingiu ou superou,1.0799999999999983
2024,4101408,Municipal,78.78,80.0,80.0,Apucarana,PR,Sul,Abaixo da meta,-1.2199999999999989
2024,4111100,Municipal,86.9,80.0,80.0,Itambé,PR,Sul,Atingiu ou superou,6.900000000000006
2024,4112207,Municipal,77.3,80.0,80.0,Janiópolis,PR,Sul,Abaixo da meta,-2.700000000000003
2024,4117214,Municipal,79.18,80.0,80.0,Nova Santa Bárbara,PR,Sul,Abaixo da meta,-0.8199999999999932
2024,4310462,Municipal,44.4,80.0,80.0,Ipiranga do Sul,RS,Sul,Abaixo da meta,-35.6
2024,4310579,Municipal,76.5,80.0,80.0,Itapuca,RS,Sul,Abaixo da meta,-3.5
2024,4314423,Municipal,57.1,80.0,80.0,Picada Café,RS,Sul,Abaixo da meta,-22.9
2024,5101001,Municipal,91.53,80.0,80.0,Araguaiana,MT,Centro-Oeste,Atingiu ou superou,11.530000000000001
2024,5213855,Municipal,96.88,80.0,80.0,Morro Agudo de Goiás,GO,Centro-Oeste,Atingiu ou superou,16.879999999999995
2024,5218052,Municipal,75.38,80.0,80.0,Porteirão,GO,Centro-Oeste,Abaixo da meta,-4.6200000000000045
2024,1700350,Municipal,76.09,80.0,80.0,Aliança do Tocantins,TO,Norte,Abaixo da meta,-3.9099999999999966
2024,2106805,Municipal,69.37,80.0,80.0,Mirinzal,MA,Nordeste,Abaixo da meta,-10.629999999999995
2024,2108801,Municipal,42.38,80.0,80.0,Pirapemas,MA,Nordeste,Abaixo da meta,-37.62
2024,2302800,Municipal,95.0,80.0,80.0,Canindé,CE,Nordeste,Atingiu ou superou,15.0
2024,2311108,Municipal,92.09,80.0,80.0,Porteiras,CE,Nordeste,Atingiu ou superou,12.090000000000003
2024,2311603,Municipal,92.45,80.0,80.0,Redenção,CE,Nordeste,Atingiu ou superou,12.450000000000003
2024,2501203,Municipal,70.75,80.0,80.0,Areial,PB,Nordeste,Abaixo da meta,-9.25
2024,3128501,Municipal,72.73,80.0,80.0,Guarará,MG,Sudeste,Abaixo da meta,-7.269999999999996
2024,3156502,Municipal,76.83,80.0,80.0,Rubelita,MG,Sudeste,Abaixo da meta,-3.1700000000000017
2024,3162609,Municipal,67.66,80.0,80.0,São João do Oriente,MG,Sudeste,Abaixo da meta,-12.340000000000003
2024,3516002,Municipal,54.56,80.0,80.0,Flórida Paulista,SP,Sudeste,Abaixo da meta,-25.439999999999998
2024,3528106,Municipal,96.3,80.0,80.0,Macaubal,SP,Sudeste,Atingiu ou superou,16.299999999999997
2024,4103503,Municipal,69.28,80.0,80.0,Califórnia,PR,Sul,Abaixo da meta,-10.719999999999999
2024,4110656,Municipal,85.71,80.0,80.0,Iracema do Oeste,PR,Sul,Atingiu ou superou,5.709999999999994
2024,4117404,Municipal,57.5,80.0,80.0,Ourizona,PR,Sul,Abaixo da meta,-22.5
2024,4119657,Municipal,83.19,80.0,80.0,Pitangueiras,PR,Sul,Atingiu ou superou,3.1899999999999977
2024,4122107,Municipal,69.55,80.0,80.0,Rio Bom,PR,Sul,Abaixo da meta,-10.450000000000003
2024,4219101,Municipal,52.72,80.0,80.0,Vargeão,SC,Sul,Abaixo da meta,-27.28
2024,5220058,Municipal,87.5,80.0,80.0,São João da Paraúna,GO,Centro-Oeste,Atingiu ou superou,7.5
2024,2205607,Municipal,100.0,80.0,80.0,Landri Sales,PI,Nordeste,Atingiu ou superou,20.0
2024,2311207,Municipal,91.04,80.0,80.0,Potengi,CE,Nordeste,Atingiu ou superou,11.040000000000006
2024,2311306,Municipal,92.49,80.0,80.0,Quixadá,CE,Nordeste,Atingiu ou superou,12.489999999999995
2024,2313609,Municipal,95.13,80.0,80.0,Ubajara,CE,Nordeste,Atingiu ou superou,15.129999999999995
2024,3203700,Municipal,82.24,80.0,80.0,Muniz Freire,ES,Sudeste,Atingiu ou superou,2.239999999999995
2024,4121901,Municipal,84.51,80.0,80.0,Ribeirão do Pinhal,PR,Sul,Atingiu ou superou,4.510000000000005
2024,4300455,Municipal,55.6,80.0,80.0,Alegria,RS,Sul,Abaixo da meta,-24.4
2024,2106003,Municipal,90.91,80.0,80.0,Lima Campos,MA,Nordeste,Atingiu ou superou,10.909999999999997
2024,2107100,Municipal,66.98,80.0,80.0,Morros,MA,Nordeste,Abaixo da meta,-13.019999999999996
2024,2108900,Municipal,77.27,80.0,80.0,Poção de Pedras,MA,Nordeste,Abaixo da meta,-2.730000000000004
2024,2207793,Municipal,51.85,80.0,80.0,Pau D'Arco do Piauí,PI,Nordeste,Abaixo da meta,-28.15
2024,2301257,Municipal,99.34,80.0,80.0,Ararendá,CE,Nordeste,Atingiu ou superou,19.340000000000003
2024,2611903,Municipal,90.91,80.0,80.0,Rio Formoso,PE,Nordeste,Atingiu ou superou,10.909999999999997
2024,3143609,Municipal,67.59,80.0,80.0,Morro da Garça,MG,Sudeste,Abaixo da meta,-12.409999999999997
2024,3148509,Municipal,81.4,80.0,80.0,Pavão,MG,Sudeste,Atingiu ou superou,1.4000000000000057
2024,3205176,Municipal,76.41,80.0,80.0,Vila Valério,ES,Sudeste,Abaixo da meta,-3.5900000000000034
2024,3515905,Municipal,96.19,80.0,80.0,Floreal,SP,Sudeste,Atingiu ou superou,16.189999999999998
2024,3518008,Municipal,57.14,80.0,80.0,Guarani d'Oeste,SP,Sudeste,Abaixo da meta,-22.86
2024,4105904,Municipal,78.22,80.0,80.0,Colorado,PR,Sul,Abaixo da meta,-1.7800000000000011
2024,4319109,Municipal,64.5,80.0,80.0,São Martinho,RS,Sul,Abaixo da meta,-15.5
2024,4319364,Municipal,90.0,80.0,80.0,São Pedro das Missões,RS,Sul,Atingiu ou superou,10.0
2024,5003454,Municipal,65.69,80.0,80.0,Deodápolis,MS,Centro-Oeste,Abaixo da meta,-14.310000000000002
2024,2106672,Municipal,96.86,80.0,80.0,Milagres do Maranhão,MA,Nordeste,Atingiu ou superou,16.86
2024,2107456,Municipal,37.64,80.0,80.0,Olinda Nova do Maranhão,MA,Nordeste,Abaixo da meta,-42.36
2024,2205953,Municipal,89.66,80.0,80.0,Marcolândia,PI,Nordeste,Atingiu ou superou,9.659999999999997
2024,2209807,Municipal,64.04,80.0,80.0,São Gonçalo do Piauí,PI,Nordeste,Abaixo da meta,-15.959999999999994
2024,2304459,Municipal,93.28,80.0,80.0,Fortim,CE,Nordeste,Atingiu ou superou,13.280000000000001
2024,2312205,Municipal,95.08,80.0,80.0,Santa Quitéria,CE,Nordeste,Atingiu ou superou,15.079999999999998
2024,2313955,Municipal,98.06,80.0,80.0,Varjota,CE,Nordeste,Atingiu ou superou,18.060000000000002
2024,3100708,Municipal,55.3,80.0,80.0,Água Comprida,MG,Sudeste,Abaixo da meta,-24.700000000000003
2024,3147600,Municipal,75.75,80.0,80.0,Passa Quatro,MG,Sudeste,Abaixo da meta,-4.25
2024,3165206,Municipal,88.25,80.0,80.0,São Thomé das Letras,MG,Sudeste,Atingiu ou superou,8.25
2024,3513306,Municipal,47.06,80.0,80.0,Cruzália,SP,Sudeste,Abaixo da meta,-32.94
2024,4103800,Municipal,83.63,80.0,80.0,Cambira,PR,Sul,Atingiu ou superou,3.6299999999999955
2024,4107850,Municipal,85.55,80.0,80.0,Flor da Serra do Sul,PR,Sul,Atingiu ou superou,5.549999999999997
2024,4116950,Municipal,88.59,80.0,80.0,Nova Esperança do Sudoeste,PR,Sul,Atingiu ou superou,8.590000000000003
2024,4125555,Municipal,73.08,80.0,80.0,São Manoel do Paraná,PR,Sul,Abaixo da meta,-6.920000000000002
2024,4214607,Municipal,70.6,80.0,80.0,Rio do Oeste,SC,Sul,Abaixo da meta,-9.400000000000006
2024,4301651,Municipal,53.5,80.0,80.0,Barão,RS,Sul,Abaixo da meta,-26.5
2024,4301701,Municipal,76.6,80.0,80.0,Barão de Cotegipe,RS,Sul,Abaixo da meta,-3.4000000000000057
2024,4303558,Municipal,55.6,80.0,80.0,Camargo,RS,Sul,Abaixo da meta,-24.4
2024,4304952,Municipal,40.0,80.0,80.0,Caseiros,RS,Sul,Abaixo da meta,-40.0
2024,4307401,Municipal,48.4,80.0,80.0,Esmeralda,RS,Sul,Abaixo da meta,-31.6
2024,4309555,Municipal,71.4,80.0,80.0,Harmonia,RS,Sul,Abaixo da meta,-8.599999999999994
2024,4310306,Municipal,48.3,80.0,80.0,Ilópolis,RS,Sul,Abaixo da meta,-31.700000000000003
2024,4317954,Municipal,66.7,80.0,80.0,Santo Expedito do Sul,RS,Sul,Abaixo da meta,-13.299999999999997
2024,5214879,Municipal,95.12,80.0,80.0,Nova Iguaçu de Goiás,GO,Centro-Oeste,Atingiu ou superou,15.120000000000005
2024,5219712,Municipal,91.64,80.0,80.0,Santo Antônio da Barra,GO,Centro-Oeste,Atingiu ou superou,11.64
2024,2102002,Municipal,69.64,80.0,80.0,Bom Jardim,MA,Nordeste,Abaixo da meta,-10.36
2024,2208858,Municipal,92.42,80.0,80.0,Riacho Frio,PI,Nordeste,Atingiu ou superou,12.420000000000002
2024,2301406,Municipal,80.42,80.0,80.0,Aratuba,CE,Nordeste,Atingiu ou superou,0.4200000000000017
2024,2304236,Municipal,99.14,80.0,80.0,Croatá,CE,Nordeste,Atingiu ou superou,19.14
2024,2304707,Municipal,97.78,80.0,80.0,Granja,CE,Nordeste,Atingiu ou superou,17.78
2024,3109808,Municipal,94.74,80.0,80.0,Cachoeira Dourada,MG,Sudeste,Atingiu ou superou,14.739999999999995
2024,3112802,Municipal,78.93,80.0,80.0,Capitólio,MG,Sudeste,Abaixo da meta,-1.0699999999999932
2024,3170578,Municipal,83.44,80.0,80.0,Vargem Alegre,MG,Sudeste,Atingiu ou superou,3.4399999999999977
2024,3508207,Municipal,56.29,80.0,80.0,Buritizal,SP,Sudeste,Abaixo da meta,-23.71
2024,3528304,Municipal,93.95,80.0,80.0,Magda,SP,Sudeste,Atingiu ou superou,13.950000000000003
2024,4121257,Municipal,77.23,80.0,80.0,Ramilândia,PR,Sul,Abaixo da meta,-2.769999999999996
2024,4122008,Municipal,89.22,80.0,80.0,Rio Azul,PR,Sul,Atingiu ou superou,9.219999999999999
2024,4124806,Municipal,87.16,80.0,80.0,São João,PR,Sul,Atingiu ou superou,7.159999999999997
2024,4126603,Municipal,82.88,80.0,80.0,Siqueira Campos,PR,Sul,Atingiu ou superou,2.8799999999999955
2024,4306809,Municipal,53.2,80.0,80.0,Encantado,RS,Sul,Abaixo da meta,-26.799999999999997
2024,4308078,Municipal,65.0,80.0,80.0,Fazenda Vilanova,RS,Sul,Abaixo da meta,-15.0
2024,4308250,Municipal,71.4,80.0,80.0,Floriano Peixoto,RS,Sul,Abaixo da meta,-8.599999999999994
2024,5000856,Municipal,86.52,80.0,80.0,Angélica,MS,Centro-Oeste,Atingiu ou superou,6.519999999999996
2024,5100359,Municipal,48.84,80.0,80.0,Alto Boa Vista,MT,Centro-Oeste,Abaixo da meta,-31.159999999999997
2024,5103957,Municipal,83.78,80.0,80.0,Glória D'Oeste,MT,Centro-Oeste,Atingiu ou superou,3.780000000000001
2024,5208152,Municipal,79.76,80.0,80.0,Gameleira de Goiás,GO,Centro-Oeste,Abaixo da meta,-0.23999999999999488
2024,5212600,Municipal,71.43,80.0,80.0,Mairipotaba,GO,Centro-Oeste,Abaixo da meta,-8.569999999999993
2024,2208908,Municipal,85.26,80.0,80.0,Ribeiro Gonçalves,PI,Nordeste,Atingiu ou superou,5.260000000000005
2024,2303204,Municipal,82.61,80.0,80.0,Caririaçu,CE,Nordeste,Atingiu ou superou,2.6099999999999994
2024,2304806,Municipal,91.59,80.0,80.0,Granjeiro,CE,Nordeste,Atingiu ou superou,11.590000000000003
2024,2603900,Municipal,92.5,80.0,80.0,Carnaíba,PE,Nordeste,Atingiu ou superou,12.5
2024,2605103,Municipal,84.57,80.0,80.0,Custódia,PE,Nordeste,Atingiu ou superou,4.569999999999993
2024,3100302,Municipal,86.67,80.0,80.0,Abre Campo,MG,Sudeste,Atingiu ou superou,6.670000000000002
2024,3149705,Municipal,80.71,80.0,80.0,Perdigão,MG,Sudeste,Atingiu ou superou,0.7099999999999937
2024,3554904,Municipal,69.58,80.0,80.0,Três Fronteiras,SP,Sudeste,Abaixo da meta,-10.420000000000002
2024,4108650,Municipal,90.42,80.0,80.0,Goioxim,PR,Sul,Atingiu ou superou,10.420000000000002
2024,4111555,Municipal,77.24,80.0,80.0,Ivaté,PR,Sul,Abaixo da meta,-2.760000000000005
2024,4113809,Municipal,77.71,80.0,80.0,Lupionópolis,PR,Sul,Abaixo da meta,-2.2900000000000063
2024,4125308,Municipal,70.73,80.0,80.0,São Jorge do Ivaí,PR,Sul,Abaixo da meta,-9.269999999999996
2024,4308854,Municipal,85.7,80.0,80.0,Gentil,RS,Sul,Atingiu ou superou,5.700000000000003
2024,5215306,Municipal,77.75,80.0,80.0,Orizona,GO,Centro-Oeste,Abaixo da meta,-2.25
2024,5220207,Municipal,91.4,80.0,80.0,São Miguel do Araguaia,GO,Centro-Oeste,Atingiu ou superou,11.400000000000006
2024,2112704,Municipal,96.58,80.0,80.0,Vargem Grande,MA,Nordeste,Atingiu ou superou,16.58
2024,2205540,Municipal,87.79,80.0,80.0,Lagoinha do Piauí,PI,Nordeste,Atingiu ou superou,7.790000000000006
2024,2308005,Municipal,95.03,80.0,80.0,Massapê,CE,Nordeste,Atingiu ou superou,15.030000000000001
2024,2311504,Municipal,93.13,80.0,80.0,Quixeré,CE,Nordeste,Atingiu ou superou,13.129999999999995
2024,2612703,Municipal,70.05,80.0,80.0,Santa Maria do Cambucá,PE,Nordeste,Abaixo da meta,-9.950000000000003
2024,3120607,Municipal,90.23,80.0,80.0,Crucilândia,MG,Sudeste,Atingiu ou superou,10.230000000000004
2024,3146602,Municipal,92.86,80.0,80.0,Paiva,MG,Sudeste,Atingiu ou superou,12.86
2024,3153004,Municipal,52.8,80.0,80.0,Pratinha,MG,Sudeste,Abaixo da meta,-27.200000000000003
2024,3537701,Municipal,76.68,80.0,80.0,Piacatu,SP,Sudeste,Abaixo da meta,-3.319999999999993
2024,3546504,Municipal,92.26,80.0,80.0,Santa Ernestina,SP,Sudeste,Atingiu ou superou,12.260000000000005
2024,3549300,Municipal,100.0,80.0,80.0,São João do Pau d'Alho,SP,Sudeste,Atingiu ou superou,20.0
2024,4119806,Municipal,78.93,80.0,80.0,Planalto,PR,Sul,Abaixo da meta,-1.0699999999999932
2024,4207650,Municipal,92.28,80.0,80.0,Iporã do Oeste,SC,Sul,Atingiu ou superou,12.280000000000001
2024,4207858,Municipal,87.82,80.0,80.0,Irati,SC,Sul,Atingiu ou superou,7.819999999999993
2024,4217303,Municipal,80.9,80.0,80.0,Saudades,SC,Sul,Atingiu ou superou,0.9000000000000057
2024,4301206,Municipal,64.7,80.0,80.0,Arroio do Tigre,RS,Sul,Abaixo da meta,-15.299999999999997
2024,4304697,Municipal,58.6,80.0,80.0,Capitão,RS,Sul,Abaixo da meta,-21.4
2024,4307864,Municipal,69.2,80.0,80.0,Fagundes Varela,RS,Sul,Abaixo da meta,-10.799999999999997
2024,4310108,Municipal,49.6,80.0,80.0,Igrejinha,RS,Sul,Abaixo da meta,-30.4
2024,4313359,Municipal,83.3,80.0,80.0,Nova Roma do Sul,RS,Sul,Atingiu ou superou,3.299999999999997
2024,4321626,Municipal,67.8,80.0,80.0,Travesseiro,RS,Sul,Abaixo da meta,-12.200000000000003
2024,4323507,Municipal,33.3,80.0,80.0,Vista Alegre,RS,Sul,Abaixo da meta,-46.7
2024,5200159,Municipal,81.99,80.0,80.0,Adelândia,GO,Centro-Oeste,Atingiu ou superou,1.9899999999999949
2024,5215405,Municipal,96.61,80.0,80.0,Ouro Verde de Goiás,GO,Centro-Oeste,Atingiu ou superou,16.61
2024,2105948,Municipal,92.3,80.0,80.0,Lago dos Rodrigues,MA,Nordeste,Atingiu ou superou,12.299999999999997
2024,2200202,Municipal,91.98,80.0,80.0,Água Branca,PI,Nordeste,Atingiu ou superou,11.980000000000004
2024,2203602,Municipal,65.85,80.0,80.0,Eliseu Martins,PI,Nordeste,Abaixo da meta,-14.150000000000006
2024,2300903,Municipal,74.45,80.0,80.0,Apuiarés,CE,Nordeste,Abaixo da meta,-5.549999999999997
2024,2303501,Municipal,82.6,80.0,80.0,Cascavel,CE,Nordeste,Atingiu ou superou,2.5999999999999943
2024,2312304,Municipal,95.11,80.0,80.0,São Benedito,CE,Nordeste,Atingiu ou superou,15.11
2024,2312403,Municipal,85.78,80.0,80.0,São Gonçalo do Amarante,CE,Nordeste,Atingiu ou superou,5.780000000000001
2024,2312601,Municipal,65.1,80.0,80.0,São Luís do Curu,CE,Nordeste,Abaixo da meta,-14.900000000000006
2024,2312809,Municipal,99.12,80.0,80.0,Senador Sá,CE,Nordeste,Atingiu ou superou,19.120000000000005
2024,2702306,Municipal,92.03,80.0,80.0,Coruripe,AL,Nordeste,Atingiu ou superou,12.030000000000001
2024,3103801,Municipal,92.02,80.0,80.0,Arapuá,MG,Sudeste,Atingiu ou superou,12.019999999999996
2024,3506201,Municipal,84.11,80.0,80.0,Bento de Abreu,SP,Sudeste,Atingiu ou superou,4.109999999999999
2024,4102208,Municipal,88.32,80.0,80.0,Atalaia,PR,Sul,Atingiu ou superou,8.319999999999993
2024,4109104,Municipal,66.67,80.0,80.0,Guaporema,PR,Sul,Abaixo da meta,-13.329999999999998
2024,4116059,Municipal,83.28,80.0,80.0,Missal,PR,Sul,Atingiu ou superou,3.280000000000001
2024,4200200,Municipal,76.03,80.0,80.0,Agrolândia,SC,Sul,Abaixo da meta,-3.969999999999999
2024,4205357,Municipal,58.33,80.0,80.0,Flor do Sertão,SC,Sul,Abaixo da meta,-21.67
2024,4303202,Municipal,58.2,80.0,80.0,Cacique Doble,RS,Sul,Abaixo da meta,-21.799999999999997
2024,4319000,Municipal,38.3,80.0,80.0,São Marcos,RS,Sul,Abaixo da meta,-41.7
2024,4321493,Municipal,38.7,80.0,80.0,Toropi,RS,Sul,Abaixo da meta,-41.3
2024,4323309,Municipal,68.8,80.0,80.0,Vila Flores,RS,Sul,Abaixo da meta,-11.200000000000003
2024,5200829,Municipal,89.83,80.0,80.0,Amaralina,GO,Centro-Oeste,Atingiu ou superou,9.829999999999998
2024,5203939,Municipal,96.46,80.0,80.0,Buriti de Goiás,GO,Centro-Oeste,Atingiu ou superou,16.459999999999994
2024,5210802,Municipal,82.86,80.0,80.0,Itajá,GO,Centro-Oeste,Atingiu ou superou,2.8599999999999994
2024,5220603,Municipal,91.2,80.0,80.0,Silvânia,GO,Centro-Oeste,Atingiu ou superou,11.200000000000003
2024,2202133,Municipal,95.8,80.0,80.0,Campo Grande do Piauí,PI,Nordeste,Atingiu ou superou,15.799999999999997
2024,2211506,Municipal,48.57,80.0,80.0,Vera Mendes,PI,Nordeste,Abaixo da meta,-31.43
2024,2300200,Municipal,97.71,80.0,80.0,Acaraú,CE,Nordeste,Atingiu ou superou,17.709999999999994
2024,2304004,Municipal,100.0,80.0,80.0,Coreaú,CE,Nordeste,Atingiu ou superou,20.0
2024,2306603,Municipal,99.06,80.0,80.0,Itatira,CE,Nordeste,Atingiu ou superou,19.060000000000002
2024,2308377,Municipal,85.6,80.0,80.0,Miraíma,CE,Nordeste,Atingiu ou superou,5.599999999999994
2024,2515203,Municipal,69.29,80.0,80.0,São Sebastião do Umbuzeiro,PB,Nordeste,Abaixo da meta,-10.709999999999994
2024,2601300,Municipal,86.54,80.0,80.0,Barra de Guabiraba,PE,Nordeste,Atingiu ou superou,6.540000000000006
2024,3126752,Municipal,63.78,80.0,80.0,Franciscópolis,MG,Sudeste,Abaixo da meta,-16.22
2024,3204500,Municipal,74.54,80.0,80.0,Santa Leopoldina,ES,Sudeste,Abaixo da meta,-5.459999999999994
2024,3504701,Municipal,100.0,80.0,80.0,Balbinos,SP,Sudeste,Atingiu ou superou,20.0
2024,3539004,Municipal,75.61,80.0,80.0,Pirangi,SP,Sudeste,Abaixo da meta,-4.390000000000001
2024,4103453,Municipal,78.14,80.0,80.0,Cafelândia,PR,Sul,Abaixo da meta,-1.8599999999999994
2024,4103909,Municipal,77.67,80.0,80.0,Campina da Lagoa,PR,Sul,Abaixo da meta,-2.3299999999999983
2024,4120606,Municipal,82.91,80.0,80.0,Prudentópolis,PR,Sul,Atingiu ou superou,2.9099999999999966
2024,4125209,Municipal,84.59,80.0,80.0,São Jorge d'Oeste,PR,Sul,Atingiu ou superou,4.590000000000003
2024,4202131,Municipal,81.95,80.0,80.0,Bela Vista do Toldo,SC,Sul,Atingiu ou superou,1.9500000000000028
2024,4302584,Municipal,27.3,80.0,80.0,Bozano,RS,Sul,Abaixo da meta,-52.7
2024,4312179,Municipal,58.3,80.0,80.0,Mato Queimado,RS,Sul,Abaixo da meta,-21.700000000000003
2024,4312757,Municipal,71.4,80.0,80.0,Nova Alvorada,RS,Sul,Abaixo da meta,-8.599999999999994
2024,5207105,Municipal,77.27,80.0,80.0,Diorama,GO,Centro-Oeste,Abaixo da meta,-2.730000000000004
2024,5215009,Municipal,76.22,80.0,80.0,Nova Veneza,GO,Centro-Oeste,Abaixo da meta,-3.780000000000001
2024,1100122,Municipal,72.81,80.0,80.0,Ji-Paraná,RO,Norte,Abaixo da meta,-7.189999999999998
2024,2105351,Municipal,72.99,80.0,80.0,Itaipava do Grajaú,MA,Nordeste,Abaixo da meta,-7.010000000000005
2024,2111722,Municipal,79.32,80.0,80.0,Satubinha,MA,Nordeste,Abaixo da meta,-0.6800000000000068
2024,2209302,Municipal,55.68,80.0,80.0,Santa Luz,PI,Nordeste,Abaixo da meta,-24.32
2024,2510600,Municipal,100.0,80.0,80.0,Ouro Velho,PB,Nordeste,Atingiu ou superou,20.0
2024,2514206,Municipal,59.52,80.0,80.0,São José da Lagoa Tapada,PB,Nordeste,Abaixo da meta,-20.479999999999997
2024,3100401,Municipal,73.93,80.0,80.0,Acaiaca,MG,Sudeste,Abaixo da meta,-6.069999999999993
2024,3158409,Municipal,73.26,80.0,80.0,Santana de Cataguases,MG,Sudeste,Abaixo da meta,-6.739999999999995
2024,3504800,Municipal,83.51,80.0,80.0,Bálsamo,SP,Sudeste,Atingiu ou superou,3.510000000000005
2024,3507407,Municipal,70.83,80.0,80.0,Borborema,SP,Sudeste,Abaixo da meta,-9.170000000000002
2024,3555109,Municipal,93.46,80.0,80.0,Tupi Paulista,SP,Sudeste,Atingiu ou superou,13.459999999999994
2024,4103222,Municipal,71.33,80.0,80.0,Bom Sucesso do Sul,PR,Sul,Abaixo da meta,-8.670000000000002
2024,4103958,Municipal,84.25,80.0,80.0,Campina do Simão,PR,Sul,Atingiu ou superou,4.25
2024,4104105,Municipal,80.98,80.0,80.0,Campo do Tenente,PR,Sul,Atingiu ou superou,0.980000000000004
2024,4125456,Municipal,74.36,80.0,80.0,São José das Palmeiras,PR,Sul,Abaixo da meta,-5.640000000000001
2024,4128500,Municipal,74.37,80.0,80.0,Wenceslau Braz,PR,Sul,Abaixo da meta,-5.6299999999999955
2024,4207601,Municipal,84.43,80.0,80.0,Ipira,SC,Sul,Atingiu ou superou,4.430000000000007
2024,4210001,Municipal,76.19,80.0,80.0,Luiz Alves,SC,Sul,Abaixo da meta,-3.8100000000000023
2024,4212007,Municipal,79.92,80.0,80.0,Palma Sola,SC,Sul,Abaixo da meta,-0.0799999999999983
2024,4301552,Municipal,37.5,80.0,80.0,Áurea,RS,Sul,Abaixo da meta,-42.5
2024,4319604,Municipal,49.7,80.0,80.0,São Sepé,RS,Sul,Abaixo da meta,-30.299999999999997
2024,5214051,Municipal,94.04,80.0,80.0,Mundo Novo,GO,Centro-Oeste,Atingiu ou superou,14.040000000000006
2024,1100924,Municipal,71.99,80.0,80.0,Chupinguaia,RO,Norte,Abaixo da meta,-8.010000000000005
2024,2306405,Municipal,88.96,80.0,80.0,Itapipoca,CE,Nordeste,Atingiu ou superou,8.959999999999994
2024,2309201,Municipal,99.53,80.0,80.0,Nova Olinda,CE,Nordeste,Atingiu ou superou,19.53
2024,2309904,Municipal,100.0,80.0,80.0,Pacujá,CE,Nordeste,Atingiu ou superou,20.0
2024,2313252,Municipal,91.6,80.0,80.0,Tarrafas,CE,Nordeste,Atingiu ou superou,11.599999999999994
2024,2512507,Municipal,92.65,80.0,80.0,Queimadas,PB,Nordeste,Atingiu ou superou,12.650000000000006
2024,3104106,Municipal,82.63,80.0,80.0,Arceburgo,MG,Sudeste,Atingiu ou superou,2.6299999999999955
2024,3107802,Municipal,75.91,80.0,80.0,Bom Jesus do Galho,MG,Sudeste,Abaixo da meta,-4.090000000000003
2024,3166204,Municipal,77.94,80.0,80.0,Senhora dos Remédios,MG,Sudeste,Abaixo da meta,-2.0600000000000023
2024,3505401,Municipal,34.89,80.0,80.0,Barra do Turvo,SP,Sudeste,Abaixo da meta,-45.11
2024,3542503,Municipal,84.53,80.0,80.0,Reginópolis,SP,Sudeste,Atingiu ou superou,4.530000000000001
2024,3549201,Municipal,80.0,80.0,80.0,São João das Duas Pontes,SP,Sudeste,Atingiu ou superou,0.0
2024,3551306,Municipal,75.86,80.0,80.0,Sebastianópolis do Sul,SP,Sudeste,Abaixo da meta,-4.140000000000001
2024,4112751,Municipal,89.98,80.0,80.0,Jesuítas,PR,Sul,Atingiu ou superou,9.980000000000004
2024,4117297,Municipal,97.3,80.0,80.0,Novo Itacolomi,PR,Sul,Atingiu ou superou,17.299999999999997
2024,4120358,Municipal,79.55,80.0,80.0,Pranchita,PR,Sul,Abaixo da meta,-0.45000000000000284
2024,4125803,Municipal,85.66,80.0,80.0,São Pedro do Ivaí,PR,Sul,Atingiu ou superou,5.659999999999997
2024,4126009,Municipal,87.77,80.0,80.0,São Sebastião da Amoreira,PR,Sul,Atingiu ou superou,7.769999999999996
2024,4218954,Municipal,36.34,80.0,80.0,Urupema,SC,Sul,Abaixo da meta,-43.66
2024,4303806,Municipal,68.0,80.0,80.0,Campinas do Sul,RS,Sul,Abaixo da meta,-12.0
2024,5203807,Municipal,92.82,80.0,80.0,Britânia,GO,Centro-Oeste,Atingiu ou superou,12.819999999999993
2024,2105963,Municipal,97.12,80.0,80.0,Lagoa Grande do Maranhão,MA,Nordeste,Atingiu ou superou,17.120000000000005
2024,2110237,Municipal,54.17,80.0,80.0,Santana do Maranhão,MA,Nordeste,Abaixo da meta,-25.83
2024,2302305,Municipal,97.83,80.0,80.0,Bela Cruz,CE,Nordeste,Atingiu ou superou,17.83
2024,2305209,Municipal,96.11,80.0,80.0,Hidrolândia,CE,Nordeste,Atingiu ou superou,16.11
2024,2311231,Municipal,97.47,80.0,80.0,Potiretama,CE,Nordeste,Atingiu ou superou,17.47
2024,3162203,Municipal,84.26,80.0,80.0,São João Batista do Glória,MG,Sudeste,Atingiu ou superou,4.260000000000005
2024,3544202,Municipal,84.72,80.0,80.0,Riolândia,SP,Sudeste,Atingiu ou superou,4.719999999999999
2024,4106852,Municipal,94.52,80.0,80.0,Cruzmaltina,PR,Sul,Atingiu ou superou,14.519999999999996
2024,4312955,Municipal,66.7,80.0,80.0,Nova Boa Vista,RS,Sul,Abaixo da meta,-13.299999999999997
2024,4320230,Municipal,36.1,80.0,80.0,Sede Nova,RS,Sul,Abaixo da meta,-43.9
2024,5221908,Municipal,84.78,80.0,80.0,Varjão,GO,Centro-Oeste,Atingiu ou superou,4.780000000000001
2024,1101476,Municipal,57.63,80.0,80.0,Primavera de Rondônia,RO,Norte,Abaixo da meta,-22.369999999999997
2024,2100873,Municipal,91.6,80.0,80.0,Araguanã,MA,Nordeste,Atingiu ou superou,11.599999999999994
2024,2106359,Municipal,39.77,80.0,80.0,Marajá do Sena,MA,Nordeste,Abaixo da meta,-40.23
2024,2205532,Municipal,98.36,80.0,80.0,Jurema,PI,Nordeste,Atingiu ou superou,18.36
2024,2306207,Municipal,96.74,80.0,80.0,Itaiçaba,CE,Nordeste,Atingiu ou superou,16.739999999999995
2024,2307254,Municipal,98.03,80.0,80.0,Jijoca de Jericoacoara,CE,Nordeste,Atingiu ou superou,18.03
2024,2310902,Municipal,100.0,80.0,80.0,Piquet Carneiro,CE,Nordeste,Atingiu ou superou,20.0
2024,2311959,Municipal,98.39,80.0,80.0,Salitre,CE,Nordeste,Atingiu ou superou,18.39
2024,2609105,Municipal,96.75,80.0,80.0,Machados,PE,Nordeste,Atingiu ou superou,16.75
2024,3120805,Municipal,75.3,80.0,80.0,Cruzília,MG,Sudeste,Abaixo da meta,-4.700000000000003
2024,3129400,Municipal,87.87,80.0,80.0,Ibertioga,MG,Sudeste,Atingiu ou superou,7.8700000000000045
2024,3204609,Municipal,82.16,80.0,80.0,Santa Teresa,ES,Sudeste,Atingiu ou superou,2.1599999999999966
2024,4107405,Municipal,85.24,80.0,80.0,Enéas Marques,PR,Sul,Atingiu ou superou,5.239999999999995
2024,4201703,Municipal,94.83,80.0,80.0,Ascurra,SC,Sul,Atingiu ou superou,14.829999999999998
2024,4316204,Municipal,75.3,80.0,80.0,Rondinha,RS,Sul,Abaixo da meta,-4.700000000000003
2024,4316501,Municipal,70.4,80.0,80.0,Salvador do Sul,RS,Sul,Abaixo da meta,-9.599999999999994
2024,4320321,Municipal,50.0,80.0,80.0,Senador Salgado Filho,RS,Sul,Abaixo da meta,-30.0
2024,4323200,Municipal,56.3,80.0,80.0,Victor Graeff,RS,Sul,Abaixo da meta,-23.700000000000003
2024,5104203,Municipal,84.49,80.0,80.0,Guiratinga,MT,Centro-Oeste,Atingiu ou superou,4.489999999999995
2024,5105234,Municipal,51.5,80.0,80.0,Lambari D'Oeste,MT,Centro-Oeste,Abaixo da meta,-28.5
2024,5202353,Municipal,83.64,80.0,80.0,Arenópolis,GO,Centro-Oeste,Atingiu ou superou,3.6400000000000006
2024,2211605,Municipal,100.0,80.0,80.0,Vila Nova do Piauí,PI,Nordeste,Atingiu ou superou,20.0
2024,2307635,Municipal,95.31,80.0,80.0,Madalena,CE,Nordeste,Atingiu ou superou,15.310000000000002
2024,3156601,Municipal,63.6,80.0,80.0,Rubim,MG,Sudeste,Abaixo da meta,-16.4
2024,3161700,Municipal,82.95,80.0,80.0,São Gonçalo do Abaeté,MG,Sudeste,Atingiu ou superou,2.950000000000003
2024,3512902,Municipal,56.46,80.0,80.0,Cosmorama,SP,Sudeste,Abaixo da meta,-23.54
2024,3521606,Municipal,96.0,80.0,80.0,Irapuru,SP,Sudeste,Atingiu ou superou,16.0
2024,3534807,Municipal,76.07,80.0,80.0,Ouro Verde,SP,Sudeste,Abaixo da meta,-3.930000000000007
2024,4105409,Municipal,70.85,80.0,80.0,Chopinzinho,PR,Sul,Abaixo da meta,-9.150000000000006
2024,4109302,Municipal,71.17,80.0,80.0,Guaraniaçu,PR,Sul,Abaixo da meta,-8.829999999999998
2024,4110102,Municipal,78.04,80.0,80.0,Imbituva,PR,Sul,Abaixo da meta,-1.9599999999999937
2024,4113106,Municipal,77.98,80.0,80.0,Kaloré,PR,Sul,Abaixo da meta,-2.019999999999996
2024,4215679,Municipal,69.26,80.0,80.0,Santa Terezinha,SC,Sul,Abaixo da meta,-10.739999999999995
2024,4305587,Municipal,39.9,80.0,80.0,Colinas,RS,Sul,Abaixo da meta,-40.1
2024,4309704,Municipal,60.8,80.0,80.0,Humaitá,RS,Sul,Abaixo da meta,-19.200000000000003
2024,4321667,Municipal,53.5,80.0,80.0,Três Cachoeiras,RS,Sul,Abaixo da meta,-26.5
2024,5106851,Municipal,77.75,80.0,80.0,Porto Estrela,MT,Centro-Oeste,Abaixo da meta,-2.25
2024,5108204,Municipal,88.61,80.0,80.0,Torixoréu,MT,Centro-Oeste,Atingiu ou superou,8.61
2024,1303304,Municipal,50.99,80.0,80.0,Novo Aripuanã,AM,Norte,Abaixo da meta,-29.009999999999998
2024,2102077,Municipal,95.28,80.0,80.0,Bom Lugar,MA,Nordeste,Atingiu ou superou,15.280000000000001
2024,2105708,Municipal,79.18,80.0,80.0,Lago da Pedra,MA,Nordeste,Abaixo da meta,-0.8199999999999932
2024,2202109,Municipal,100.0,80.0,80.0,Campinas do Piauí,PI,Nordeste,Atingiu ou superou,20.0
2024,2303808,Municipal,98.77,80.0,80.0,Cedro,CE,Nordeste,Atingiu ou superou,18.769999999999996
2024,2310209,Municipal,95.08,80.0,80.0,Paracuru,CE,Nordeste,Atingiu ou superou,15.079999999999998
2024,2511004,Municipal,69.89,80.0,80.0,Pedra Branca,PB,Nordeste,Abaixo da meta,-10.11
2024,3111150,Municipal,73.26,80.0,80.0,Campo Azul,MG,Sudeste,Abaixo da meta,-6.739999999999995
2024,3137106,Municipal,56.25,80.0,80.0,Lagamar,MG,Sudeste,Abaixo da meta,-23.75
2024,3517307,Municipal,83.39,80.0,80.0,Guaimbê,SP,Sudeste,Atingiu ou superou,3.3900000000000006
2024,3518909,Municipal,79.92,80.0,80.0,Guzolândia,SP,Sudeste,Abaixo da meta,-0.0799999999999983
2024,3519105,Municipal,97.67,80.0,80.0,Iacanga,SP,Sudeste,Atingiu ou superou,17.67
2024,3535408,Municipal,92.54,80.0,80.0,Panorama,SP,Sudeste,Atingiu ou superou,12.540000000000006
2024,4101309,Municipal,88.26,80.0,80.0,Antônio Olinto,PR,Sul,Atingiu ou superou,8.260000000000005
2024,4102901,Municipal,70.06,80.0,80.0,Bituruna,PR,Sul,Abaixo da meta,-9.939999999999998
2024,4112009,Municipal,79.14,80.0,80.0,Jaguariaíva,PR,Sul,Abaixo da meta,-0.8599999999999994
2024,4200754,Municipal,85.18,80.0,80.0,Alto Bela Vista,SC,Sul,Atingiu ou superou,5.180000000000007
2024,4217154,Municipal,84.21,80.0,80.0,São Miguel da Boa Vista,SC,Sul,Atingiu ou superou,4.209999999999994
2024,4219150,Municipal,69.58,80.0,80.0,Vargem,SC,Sul,Abaixo da meta,-10.420000000000002
2024,4318499,Municipal,49.7,80.0,80.0,São José do Inhacorá,RS,Sul,Abaixo da meta,-30.299999999999997
2024,5210000,Municipal,87.57,80.0,80.0,Inhumas,GO,Centro-Oeste,Atingiu ou superou,7.569999999999993
2024,5210158,Municipal,96.55,80.0,80.0,Ipiranga de Goiás,GO,Centro-Oeste,Atingiu ou superou,16.549999999999997
2024,5212253,Municipal,76.19,80.0,80.0,Lagoa Santa,GO,Centro-Oeste,Abaixo da meta,-3.8100000000000023
2024,2103125,Municipal,84.42,80.0,80.0,Central do Maranhão,MA,Nordeste,Atingiu ou superou,4.420000000000002
2024,2303659,Municipal,100.0,80.0,80.0,Catunda,CE,Nordeste,Atingiu ou superou,20.0
2024,2304103,Municipal,97.31,80.0,80.0,Crateús,CE,Nordeste,Atingiu ou superou,17.310000000000002
2024,2309102,Municipal,88.89,80.0,80.0,Mulungu,CE,Nordeste,Atingiu ou superou,8.89
2024,2509305,Municipal,50.43,80.0,80.0,Mataraca,PB,Nordeste,Abaixo da meta,-29.57
2024,2513943,Municipal,100.0,80.0,80.0,São Domingos do Cariri,PB,Nordeste,Atingiu ou superou,20.0
2024,2514800,Municipal,95.24,80.0,80.0,São José dos Cordeiros,PB,Nordeste,Atingiu ou superou,15.239999999999995
2024,3109253,Municipal,85.0,80.0,80.0,Bugre,MG,Sudeste,Atingiu ou superou,5.0
2024,3171907,Municipal,70.97,80.0,80.0,Virgolândia,MG,Sudeste,Abaixo da meta,-9.030000000000001
2024,3525607,Municipal,65.42,80.0,80.0,João Ramalho,SP,Sudeste,Abaixo da meta,-14.579999999999998
2024,4110409,Municipal,69.81,80.0,80.0,Indianópolis,PR,Sul,Abaixo da meta,-10.189999999999998
2024,4113908,Municipal,87.79,80.0,80.0,Mallet,PR,Sul,Atingiu ou superou,7.790000000000006
2024,4120705,Municipal,90.26,80.0,80.0,Quatiguá,PR,Sul,Atingiu ou superou,10.260000000000005
2024,4214151,Municipal,64.05,80.0,80.0,Princesa,SC,Sul,Abaixo da meta,-15.950000000000003
2024,4318903,Municipal,42.3,80.0,80.0,São Luiz Gonzaga,RS,Sul,Abaixo da meta,-37.7
2024,5219456,Municipal,95.83,80.0,80.0,Santa Rita do Novo Destino,GO,Centro-Oeste,Atingiu ou superou,15.829999999999998
2024,1100262,Municipal,62.81,80.0,80.0,Rio Crespo,RO,Norte,Abaixo da meta,-17.189999999999998
2024,2105807,Municipal,97.1,80.0,80.0,Lago do Junco,MA,Nordeste,Atingiu ou superou,17.099999999999994
2024,2111748,Municipal,96.12,80.0,80.0,Senador Alexandre Costa,MA,Nordeste,Atingiu ou superou,16.120000000000005
2024,2302503,Municipal,95.4,80.0,80.0,Brejo Santo,CE,Nordeste,Atingiu ou superou,15.400000000000006
2024,2306702,Municipal,93.66,80.0,80.0,Jaguaretama,CE,Nordeste,Atingiu ou superou,13.659999999999997
2024,2310308,Municipal,88.35,80.0,80.0,Parambu,CE,Nordeste,Atingiu ou superou,8.349999999999994
2024,2313351,Municipal,80.16,80.0,80.0,Tejuçuoca,CE,Nordeste,Atingiu ou superou,0.1599999999999966
2024,3144904,Municipal,89.37,80.0,80.0,Nova Módica,MG,Sudeste,Atingiu ou superou,9.370000000000005
2024,3148806,Municipal,85.51,80.0,80.0,Pedra do Anta,MG,Sudeste,Atingiu ou superou,5.510000000000005
2024,3162948,Municipal,75.22,80.0,80.0,São José da Barra,MG,Sudeste,Abaixo da meta,-4.780000000000001
2024,3203304,Municipal,95.06,80.0,80.0,Mantenópolis,ES,Sudeste,Atingiu ou superou,15.060000000000002
2024,3204559,Municipal,79.8,80.0,80.0,Santa Maria de Jetibá,ES,Sudeste,Abaixo da meta,-0.20000000000000284
2024,3537107,Municipal,94.25,80.0,80.0,Pedreira,SP,Sudeste,Atingiu ou superou,14.25
2024,3556008,Municipal,65.68,80.0,80.0,Urupês,SP,Sudeste,Abaixo da meta,-14.319999999999993
2024,4116703,Municipal,74.99,80.0,80.0,Nova Aurora,PR,Sul,Abaixo da meta,-5.010000000000005
2024,4119103,Municipal,83.34,80.0,80.0,Piên,PR,Sul,Atingiu ou superou,3.3400000000000034
2024,4300901,Municipal,39.2,80.0,80.0,Aratiba,RS,Sul,Abaixo da meta,-40.8
2024,4301008,Municipal,63.6,80.0,80.0,Arroio do Meio,RS,Sul,Abaixo da meta,-16.4
2024,4320404,Municipal,50.7,80.0,80.0,Serafina Corrêa,RS,Sul,Abaixo da meta,-29.299999999999997
2024,5211800,Municipal,83.96,80.0,80.0,Jaraguá,GO,Centro-Oeste,Atingiu ou superou,3.9599999999999937
2024,2201804,Municipal,55.0,80.0,80.0,Bocaina,PI,Nordeste,Abaixo da meta,-25.0
2024,2207751,Municipal,64.51,80.0,80.0,Passagem Franca do Piauí,PI,Nordeste,Abaixo da meta,-15.489999999999995
2024,2209856,Municipal,96.34,80.0,80.0,São João da Canabrava,PI,Nordeste,Atingiu ou superou,16.340000000000003
2024,2302602,Municipal,94.08,80.0,80.0,Camocim,CE,Nordeste,Atingiu ou superou,14.079999999999998
2024,2305605,Municipal,98.62,80.0,80.0,Independência,CE,Nordeste,Atingiu ou superou,18.620000000000005
2024,2305803,Municipal,86.66,80.0,80.0,Ipu,CE,Nordeste,Atingiu ou superou,6.659999999999997
2024,2308609,Municipal,99.36,80.0,80.0,Monsenhor Tabosa,CE,Nordeste,Atingiu ou superou,19.36
2024,2310407,Municipal,94.2,80.0,80.0,Paramoti,CE,Nordeste,Atingiu ou superou,14.200000000000003
2024,4104402,Municipal,85.54,80.0,80.0,Cândido de Abreu,PR,Sul,Atingiu ou superou,5.540000000000006
2024,4110805,Municipal,80.07,80.0,80.0,Iretama,PR,Sul,Atingiu ou superou,0.06999999999999318
2024,4111407,Municipal,82.65,80.0,80.0,Ivaí,PR,Sul,Atingiu ou superou,2.6500000000000057
2024,4302204,Municipal,74.0,80.0,80.0,Boa Vista do Buricá,RS,Sul,Abaixo da meta,-6.0
2024,4304655,Municipal,71.8,80.0,80.0,Capão do Cipó,RS,Sul,Abaixo da meta,-8.200000000000003
2024,2100808,Municipal,34.63,80.0,80.0,Anapurus,MA,Nordeste,Abaixo da meta,-45.37
2024,2110500,Municipal,79.26,80.0,80.0,São Bento,MA,Nordeste,Abaixo da meta,-0.7399999999999949
2024,2210631,Municipal,76.86,80.0,80.0,Sebastião Leal,PI,Nordeste,Abaixo da meta,-3.1400000000000006
2024,2303956,Municipal,97.15,80.0,80.0,Chorozinho,CE,Nordeste,Atingiu ou superou,17.150000000000006
2024,2310803,Municipal,93.44,80.0,80.0,Pereiro,CE,Nordeste,Atingiu ou superou,13.439999999999998
2024,3103207,Municipal,72.22,80.0,80.0,Araçaí,MG,Sudeste,Abaixo da meta,-7.780000000000001
2024,3136579,Municipal,90.91,80.0,80.0,Josenópolis,MG,Sudeste,Atingiu ou superou,10.909999999999997
2024,3520806,Municipal,94.72,80.0,80.0,Inúbia Paulista,SP,Sudeste,Atingiu ou superou,14.719999999999999
2024,3528858,Municipal,100.0,80.0,80.0,Marapoama,SP,Sudeste,Atingiu ou superou,20.0
2024,4102505,Municipal,77.65,80.0,80.0,Barbosa Ferraz,PR,Sul,Abaixo da meta,-2.3499999999999943
2024,4204707,Municipal,77.07,80.0,80.0,Cunha Porã,SC,Sul,Abaixo da meta,-2.930000000000007
2024,4301503,Municipal,63.2,80.0,80.0,Augusto Pestana,RS,Sul,Abaixo da meta,-16.799999999999997
2024,4313011,Municipal,60.0,80.0,80.0,Nova Candelária,RS,Sul,Abaixo da meta,-20.0
2024,2107803,Municipal,54.65,80.0,80.0,Parnarama,MA,Nordeste,Abaixo da meta,-25.35
2024,2305654,Municipal,99.16,80.0,80.0,Ipaporanga,CE,Nordeste,Atingiu ou superou,19.159999999999997
2024,2311702,Municipal,98.5,80.0,80.0,Reriutaba,CE,Nordeste,Atingiu ou superou,18.5
2024,2312908,Municipal,98.58,80.0,80.0,Sobral,CE,Nordeste,Atingiu ou superou,18.58
2024,2508554,Municipal,94.6,80.0,80.0,Logradouro,PB,Nordeste,Atingiu ou superou,14.599999999999994
2024,3102050,Municipal,87.17,80.0,80.0,Alto Caparaó,MG,Sudeste,Atingiu ou superou,7.170000000000002
2024,3112000,Municipal,90.37,80.0,80.0,Candeias,MG,Sudeste,Atingiu ou superou,10.370000000000005
2024,3117405,Municipal,74.88,80.0,80.0,Conceição de Ipanema,MG,Sudeste,Abaixo da meta,-5.1200000000000045
2024,3200409,Municipal,88.41,80.0,80.0,Anchieta,ES,Sudeste,Atingiu ou superou,8.409999999999997
2024,3514502,Municipal,77.0,80.0,80.0,Duartina,SP,Sudeste,Abaixo da meta,-3.0
2024,3519501,Municipal,71.85,80.0,80.0,Ibirarema,SP,Sudeste,Abaixo da meta,-8.150000000000006
2024,4112801,Municipal,85.12,80.0,80.0,Joaquim Távora,PR,Sul,Atingiu ou superou,5.1200000000000045
2024,4123204,Municipal,80.09,80.0,80.0,Santa Cecília do Pavão,PR,Sul,Atingiu ou superou,0.09000000000000341
2024,4311643,Municipal,41.2,80.0,80.0,Linha Nova,RS,Sul,Abaixo da meta,-38.8
2024,5211602,Municipal,73.91,80.0,80.0,Ivolândia,GO,Centro-Oeste,Abaixo da meta,-6.090000000000003
2024,2203453,Municipal,87.27,80.0,80.0,Dom Inocêncio,PI,Nordeste,Atingiu ou superou,7.269999999999996
2024,2209450,Municipal,78.26,80.0,80.0,Santo Antônio dos Milagres,PI,Nordeste,Abaixo da meta,-1.7399999999999949
2024,2305357,Municipal,76.34,80.0,80.0,Icapuí,CE,Nordeste,Abaixo da meta,-3.6599999999999966
2024,2307601,Municipal,89.65,80.0,80.0,Limoeiro do Norte,CE,Nordeste,Atingiu ou superou,9.650000000000006
2024,2313401,Municipal,86.1,80.0,80.0,Tianguá,CE,Nordeste,Atingiu ou superou,6.099999999999994
2024,2616183,Municipal,82.94,80.0,80.0,Vertente do Lério,PE,Nordeste,Atingiu ou superou,2.9399999999999977
2024,3117702,Municipal,78.17,80.0,80.0,Conceição do Rio Verde,MG,Sudeste,Abaixo da meta,-1.8299999999999983
2024,3120839,Municipal,69.0,80.0,80.0,Cuparaque,MG,Sudeste,Abaixo da meta,-11.0
2024,3124708,Municipal,100.0,80.0,80.0,Estrela do Indaiá,MG,Sudeste,Atingiu ou superou,20.0
2024,3130309,Municipal,94.08,80.0,80.0,Iguatama,MG,Sudeste,Atingiu ou superou,14.079999999999998
2024,3136108,Municipal,85.58,80.0,80.0,Joanésia,MG,Sudeste,Atingiu ou superou,5.579999999999998
2024,3165008,Municipal,94.92,80.0,80.0,São Tiago,MG,Sudeste,Atingiu ou superou,14.920000000000002
2024,3201902,Municipal,81.13,80.0,80.0,Domingos Martins,ES,Sudeste,Atingiu ou superou,1.1299999999999955
2024,3204005,Municipal,85.86,80.0,80.0,Pancas,ES,Sudeste,Atingiu ou superou,5.859999999999999
2024,4110508,Municipal,82.28,80.0,80.0,Ipiranga,PR,Sul,Atingiu ou superou,2.280000000000001
2024,4121505,Municipal,77.0,80.0,80.0,Rebouças,PR,Sul,Abaixo da meta,-3.0
2024,4123006,Municipal,76.46,80.0,80.0,Salto do Lontra,PR,Sul,Abaixo da meta,-3.5400000000000063
2024,4125605,Municipal,70.57,80.0,80.0,São Mateus do Sul,PR,Sul,Abaixo da meta,-9.430000000000007
2024,4126405,Municipal,90.98,80.0,80.0,Sertaneja,PR,Sul,Atingiu ou superou,10.980000000000004
2024,4128609,Municipal,67.29,80.0,80.0,Verê,PR,Sul,Abaixo da meta,-12.709999999999994
2024,4305850,Municipal,41.7,80.0,80.0,Coqueiros do Sul,RS,Sul,Abaixo da meta,-38.3
2024,4314001,Municipal,60.0,80.0,80.0,Paraí,RS,Sul,Abaixo da meta,-20.0
2024,5213905,Municipal,100.0,80.0,80.0,Mossâmedes,GO,Centro-Oeste,Atingiu ou superou,20.0
2024,5219738,Municipal,82.91,80.0,80.0,Santo Antônio de Goiás,GO,Centro-Oeste,Atingiu ou superou,2.9099999999999966
2024,2204600,Municipal,81.47,80.0,80.0,Hugo Napoleão,PI,Nordeste,Atingiu ou superou,1.4699999999999989
2024,2307908,Municipal,99.24,80.0,80.0,Martinópole,CE,Nordeste,Atingiu ou superou,19.239999999999995
2024,2308351,Municipal,97.92,80.0,80.0,Milhã,CE,Nordeste,Atingiu ou superou,17.92
2024,2309805,Municipal,91.18,80.0,80.0,Pacoti,CE,Nordeste,Atingiu ou superou,11.180000000000007
2024,2313559,Municipal,95.29,80.0,80.0,Tururu,CE,Nordeste,Atingiu ou superou,15.290000000000006
2024,2612109,Municipal,92.16,80.0,80.0,Salgadinho,PE,Nordeste,Atingiu ou superou,12.159999999999997
2024,2700904,Municipal,98.82,80.0,80.0,Belo Monte,AL,Nordeste,Atingiu ou superou,18.819999999999993
2024,3107000,Municipal,58.22,80.0,80.0,Biquinhas,MG,Sudeste,Abaixo da meta,-21.78
2024,3160959,Municipal,93.62,80.0,80.0,São Domingos das Dores,MG,Sudeste,Atingiu ou superou,13.620000000000005
2024,3552551,Municipal,90.85,80.0,80.0,Suzanápolis,SP,Sudeste,Atingiu ou superou,10.849999999999994
2024,4102000,Municipal,80.31,80.0,80.0,Assis Chateaubriand,PR,Sul,Atingiu ou superou,0.3100000000000023
2024,4106803,Municipal,84.49,80.0,80.0,Cruz Machado,PR,Sul,Atingiu ou superou,4.489999999999995
2024,4122701,Municipal,78.98,80.0,80.0,Sabáudia,PR,Sul,Abaixo da meta,-1.019999999999996
2024,4124053,Municipal,79.46,80.0,80.0,Santa Terezinha de Itaipu,PR,Sul,Abaixo da meta,-0.5400000000000063
2024,4126108,Municipal,69.88,80.0,80.0,São Tomé,PR,Sul,Abaixo da meta,-10.120000000000005
2024,4210506,Municipal,76.03,80.0,80.0,Maravilha,SC,Sul,Abaixo da meta,-3.969999999999999
2024,4303301,Municipal,63.1,80.0,80.0,Caibaté,RS,Sul,Abaixo da meta,-16.9
2024,4305702,Municipal,58.0,80.0,80.0,Condor,RS,Sul,Abaixo da meta,-22.0
2024,4307450,Municipal,80.1,80.0,80.0,Esperança do Sul,RS,Sul,Atingiu ou superou,0.09999999999999432
2024,4308409,Municipal,40.0,80.0,80.0,Formigueiro,RS,Sul,Abaixo da meta,-40.0
2024,4313037,Municipal,80.7,80.0,80.0,Nova Esperança do Sul,RS,Sul,Atingiu ou superou,0.7000000000000028
2024,4313201,Municipal,52.3,80.0,80.0,Nova Petrópolis,RS,Sul,Abaixo da meta,-27.700000000000003
2024,4322251,Municipal,55.1,80.0,80.0,Tupandi,RS,Sul,Abaixo da meta,-24.9
2024,5205059,Municipal,91.3,80.0,80.0,Castelândia,GO,Centro-Oeste,Atingiu ou superou,11.299999999999997
2024,5212006,Municipal,100.0,80.0,80.0,Jaupaci,GO,Centro-Oeste,Atingiu ou superou,20.0
2024,5213103,Municipal,84.01,80.0,80.0,Mineiros,GO,Centro-Oeste,Atingiu ou superou,4.010000000000005
2024,2105203,Municipal,89.11,80.0,80.0,Igarapé Grande,MA,Nordeste,Atingiu ou superou,9.11
2024,2201002,Municipal,98.15,80.0,80.0,Arraial,PI,Nordeste,Atingiu ou superou,18.150000000000006
2024,2302057,Municipal,95.7,80.0,80.0,Barroquinha,CE,Nordeste,Atingiu ou superou,15.700000000000003
2024,2306900,Municipal,89.25,80.0,80.0,Jaguaribe,CE,Nordeste,Atingiu ou superou,9.25
2024,2308203,Municipal,98.21,80.0,80.0,Meruoca,CE,Nordeste,Atingiu ou superou,18.209999999999994
2024,2517407,Municipal,64.73,80.0,80.0,Zabelê,PB,Nordeste,Abaixo da meta,-15.269999999999996
2024,3160405,Municipal,81.35,80.0,80.0,Santo Antônio do Monte,MG,Sudeste,Atingiu ou superou,1.3499999999999943
2024,3507704,Municipal,73.18,80.0,80.0,Braúna,SP,Sudeste,Abaixo da meta,-6.819999999999993
2024,3524204,Municipal,67.19,80.0,80.0,Jaborandi,SP,Sudeste,Abaixo da meta,-12.810000000000002
2024,3528205,Municipal,72.5,80.0,80.0,Macedônia,SP,Sudeste,Abaixo da meta,-7.5
2024,3535101,Municipal,77.46,80.0,80.0,Palmares Paulista,SP,Sudeste,Abaixo da meta,-2.5400000000000063
2024,4107207,Municipal,82.56,80.0,80.0,Dois Vizinhos,PR,Sul,Atingiu ou superou,2.5600000000000023
2024,4113452,Municipal,72.9,80.0,80.0,Lindoeste,PR,Sul,Abaixo da meta,-7.099999999999994
2024,4125407,Municipal,76.15,80.0,80.0,São José da Boa Vista,PR,Sul,Abaixo da meta,-3.8499999999999943
2024,4209854,Municipal,84.61,80.0,80.0,Lindóia do Sul,SC,Sul,Atingiu ou superou,4.609999999999999
2024,4215752,Municipal,69.54,80.0,80.0,São Bernardino,SC,Sul,Abaixo da meta,-10.459999999999994
2024,4217501,Municipal,70.92,80.0,80.0,Seara,SC,Sul,Abaixo da meta,-9.079999999999998
2024,4303707,Municipal,50.3,80.0,80.0,Campina das Missões,RS,Sul,Abaixo da meta,-29.700000000000003
2024,4312005,Municipal,58.3,80.0,80.0,Mariano Moro,RS,Sul,Abaixo da meta,-21.700000000000003
2024,4322525,Municipal,47.1,80.0,80.0,Vale Verde,RS,Sul,Abaixo da meta,-32.9
2024,5005681,Municipal,46.46,80.0,80.0,Mundo Novo,MS,Centro-Oeste,Abaixo da meta,-33.54
2024,5205471,Municipal,87.51,80.0,80.0,Chapadão do Céu,GO,Centro-Oeste,Atingiu ou superou,7.510000000000005
2024,2203859,Municipal,54.55,80.0,80.0,Floresta do Piauí,PI,Nordeste,Abaixo da meta,-25.450000000000003
2024,2204808,Municipal,95.83,80.0,80.0,Ipiranga do Piauí,PI,Nordeste,Atingiu ou superou,15.829999999999998
2024,2312700,Municipal,98.44,80.0,80.0,Senador Pompeu,CE,Nordeste,Atingiu ou superou,18.439999999999998
2024,2313708,Municipal,88.49,80.0,80.0,Umari,CE,Nordeste,Atingiu ou superou,8.489999999999995
2024,2603926,Municipal,100.0,80.0,80.0,Carnaubeira da Penha,PE,Nordeste,Atingiu ou superou,20.0
2024,3118106,Municipal,60.49,80.0,80.0,Congonhas do Norte,MG,Sudeste,Abaixo da meta,-19.509999999999998
2024,3138104,Municipal,48.0,80.0,80.0,Lassance,MG,Sudeste,Abaixo da meta,-32.0
2024,3200136,Municipal,94.55,80.0,80.0,Águia Branca,ES,Sudeste,Atingiu ou superou,14.549999999999997
2024,3515657,Municipal,44.0,80.0,80.0,Fernão,SP,Sudeste,Abaixo da meta,-36.0
2024,3533700,Municipal,90.38,80.0,80.0,Ocauçu,SP,Sudeste,Atingiu ou superou,10.379999999999995
2024,4104808,Municipal,74.34,80.0,80.0,Cascavel,PR,Sul,Abaixo da meta,-5.659999999999997
2024,4108205,Municipal,85.18,80.0,80.0,Formosa do Oeste,PR,Sul,Atingiu ou superou,5.180000000000007
2024,4115358,Municipal,76.69,80.0,80.0,Maripá,PR,Sul,Abaixo da meta,-3.3100000000000023
2024,4120309,Municipal,75.0,80.0,80.0,Porto Vitória,PR,Sul,Abaixo da meta,-5.0
2024,4126306,Municipal,81.96,80.0,80.0,Sengés,PR,Sul,Atingiu ou superou,1.9599999999999937
2024,4205100,Municipal,88.51,80.0,80.0,Dona Emma,SC,Sul,Atingiu ou superou,8.510000000000005
2024,4303673,Municipal,80.8,80.0,80.0,Campestre da Serra,RS,Sul,Atingiu ou superou,0.7999999999999972
2024,4308458,Municipal,72.7,80.0,80.0,Fortaleza dos Valos,RS,Sul,Abaixo da meta,-7.299999999999997
2024,4314068,Municipal,75.0,80.0,80.0,Passa Sete,RS,Sul,Abaixo da meta,-5.0
2024,4318408,Municipal,71.9,80.0,80.0,São Jerônimo,RS,Sul,Abaixo da meta,-8.099999999999994
2024,4320453,Municipal,11.1,80.0,80.0,Sério,RS,Sul,Abaixo da meta,-68.9
2024,4320701,Municipal,70.8,80.0,80.0,Sobradinho,RS,Sul,Abaixo da meta,-9.200000000000003
2024,5215256,Municipal,94.54,80.0,80.0,Novo Planalto,GO,Centro-Oeste,Atingiu ou superou,14.540000000000006
2024,2201945,Municipal,77.1,80.0,80.0,Boqueirão do Piauí,PI,Nordeste,Abaixo da meta,-2.9000000000000057
2024,2209559,Municipal,66.39,80.0,80.0,São Braz do Piauí,PI,Nordeste,Abaixo da meta,-13.61
2024,2301802,Municipal,91.67,80.0,80.0,Baixio,CE,Nordeste,Atingiu ou superou,11.670000000000002
2024,2513109,Municipal,40.52,80.0,80.0,Salgado de São Félix,PB,Nordeste,Abaixo da meta,-39.48
2024,2513968,Municipal,54.55,80.0,80.0,São Domingos,PB,Nordeste,Abaixo da meta,-25.450000000000003
2024,3114808,Municipal,72.5,80.0,80.0,Carvalhos,MG,Sudeste,Abaixo da meta,-7.5
2024,3547106,Municipal,81.08,80.0,80.0,Santa Mercedes,SP,Sudeste,Atingiu ou superou,1.0799999999999983
2024,4101903,Municipal,80.24,80.0,80.0,Assaí,PR,Sul,Atingiu ou superou,0.23999999999999488
2024,4103305,Municipal,75.03,80.0,80.0,Borrazópolis,PR,Sul,Abaixo da meta,-4.969999999999999
2024,4113429,Municipal,83.47,80.0,80.0,Lidianópolis,PR,Sul,Atingiu ou superou,3.469999999999999
2024,4210902,Municipal,94.86,80.0,80.0,Modelo,SC,Sul,Atingiu ou superou,14.86
2024,4213104,Municipal,83.99,80.0,80.0,Piratuba,SC,Sul,Atingiu ou superou,3.989999999999995
2024,4311254,Municipal,42.9,80.0,80.0,Lagoão,RS,Sul,Abaixo da meta,-37.1
2024,4312203,Municipal,33.3,80.0,80.0,Maximiliano de Almeida,RS,Sul,Abaixo da meta,-46.7
2024,4322533,Municipal,51.6,80.0,80.0,Vale do Sol,RS,Sul,Abaixo da meta,-28.4
2024,5220009,Municipal,89.53,80.0,80.0,São João d'Aliança,GO,Centro-Oeste,Atingiu ou superou,9.530000000000001
2024,2104628,Municipal,91.67,80.0,80.0,Governador Luiz Rocha,MA,Nordeste,Atingiu ou superou,11.670000000000002
2024,2301000,Municipal,83.99,80.0,80.0,Aquiraz,CE,Nordeste,Atingiu ou superou,3.989999999999995
2024,2303931,Municipal,95.42,80.0,80.0,Choró,CE,Nordeste,Atingiu ou superou,15.420000000000002
2024,2313906,Municipal,99.01,80.0,80.0,Uruoca,CE,Nordeste,Atingiu ou superou,19.010000000000005
2024,2513505,Municipal,100.0,80.0,80.0,Santana de Mangueira,PB,Nordeste,Atingiu ou superou,20.0
2024,3125408,Municipal,79.38,80.0,80.0,Felício dos Santos,MG,Sudeste,Abaixo da meta,-0.6200000000000045
2024,3161908,Municipal,91.6,80.0,80.0,São Gonçalo do Rio Abaixo,MG,Sudeste,Atingiu ou superou,11.599999999999994
2024,3528809,Municipal,91.17,80.0,80.0,Maracaí,SP,Sudeste,Atingiu ou superou,11.170000000000002
2024,3540101,Municipal,91.45,80.0,80.0,Pongaí,SP,Sudeste,Atingiu ou superou,11.450000000000003
2024,3552601,Municipal,98.83,80.0,80.0,Tabapuã,SP,Sudeste,Atingiu ou superou,18.83
2024,4107009,Municipal,68.88,80.0,80.0,Curiúva,PR,Sul,Abaixo da meta,-11.120000000000005
2024,4118709,Municipal,84.51,80.0,80.0,Paulo Frontin,PR,Sul,Atingiu ou superou,4.510000000000005
2024,4212403,Municipal,69.2,80.0,80.0,Pedras Grandes,SC,Sul,Abaixo da meta,-10.799999999999997
2024,4307500,Municipal,39.1,80.0,80.0,Espumoso,RS,Sul,Abaixo da meta,-40.9
2024,4310850,Municipal,25.0,80.0,80.0,Jaboticaba,RS,Sul,Abaixo da meta,-55.0
2024,5206305,Municipal,82.2,80.0,80.0,Cristianópolis,GO,Centro-Oeste,Atingiu ou superou,2.200000000000003
2024,5206800,Municipal,97.08,80.0,80.0,Damolândia,GO,Centro-Oeste,Atingiu ou superou,17.08
2024,5216304,Municipal,97.01,80.0,80.0,Paranaiguara,GO,Centro-Oeste,Atingiu ou superou,17.010000000000005
2024,2201572,Municipal,100.0,80.0,80.0,Belém do Piauí,PI,Nordeste,Atingiu ou superou,20.0
2024,2203420,Municipal,82.22,80.0,80.0,Domingos Mourão,PI,Nordeste,Atingiu ou superou,2.219999999999999
2024,2300804,Municipal,94.51,80.0,80.0,Antonina do Norte,CE,Nordeste,Atingiu ou superou,14.510000000000005
2024,2302404,Municipal,90.36,80.0,80.0,Boa Viagem,CE,Nordeste,Atingiu ou superou,10.36
2024,2304509,Municipal,98.18,80.0,80.0,Frecheirinha,CE,Nordeste,Atingiu ou superou,18.180000000000007
2024,2502706,Municipal,67.57,80.0,80.0,Borborema,PB,Nordeste,Abaixo da meta,-12.430000000000007
2024,3113602,Municipal,74.18,80.0,80.0,Careaçu,MG,Sudeste,Abaixo da meta,-5.819999999999993
2024,3531001,Municipal,80.77,80.0,80.0,Monções,SP,Sudeste,Atingiu ou superou,0.769999999999996
2024,4103156,Municipal,93.48,80.0,80.0,Bom Jesus do Sul,PR,Sul,Atingiu ou superou,13.480000000000004
2024,4107538,Municipal,96.25,80.0,80.0,Entre Rios do Oeste,PR,Sul,Atingiu ou superou,16.25
2024,4119251,Municipal,97.14,80.0,80.0,Pinhal de São Bento,PR,Sul,Atingiu ou superou,17.14
2024,4124202,Municipal,88.04,80.0,80.0,Santo Antônio do Caiuá,PR,Sul,Atingiu ou superou,8.040000000000006
2024,4126355,Municipal,82.66,80.0,80.0,Serranópolis do Iguaçu,PR,Sul,Atingiu ou superou,2.6599999999999966
2024,4314753,Municipal,66.3,80.0,80.0,Poço das Antas,RS,Sul,Abaixo da meta,-13.700000000000003
2024,4322301,Municipal,52.7,80.0,80.0,Tuparendi,RS,Sul,Abaixo da meta,-27.299999999999997
2024,5207600,Municipal,100.0,80.0,80.0,Fazenda Nova,GO,Centro-Oeste,Atingiu ou superou,20.0
2024,2109700,Municipal,77.94,80.0,80.0,Sambaíba,MA,Nordeste,Abaixo da meta,-2.0600000000000023
2024,2300754,Municipal,82.28,80.0,80.0,Amontada,CE,Nordeste,Atingiu ou superou,2.280000000000001
2024,2301901,Municipal,87.92,80.0,80.0,Barbalha,CE,Nordeste,Atingiu ou superou,7.920000000000002
2024,2306801,Municipal,93.88,80.0,80.0,Jaguaribara,CE,Nordeste,Atingiu ou superou,13.879999999999995
2024,2311009,Municipal,100.0,80.0,80.0,Poranga,CE,Nordeste,Atingiu ou superou,20.0
2024,2511707,Municipal,56.06,80.0,80.0,Pilõezinhos,PB,Nordeste,Abaixo da meta,-23.939999999999998
2024,2705903,Municipal,82.14,80.0,80.0,Olho d'Água Grande,AL,Nordeste,Atingiu ou superou,2.1400000000000006
2024,3133105,Municipal,84.24,80.0,80.0,Itanhandu,MG,Sudeste,Atingiu ou superou,4.239999999999995
2024,3148905,Municipal,100.0,80.0,80.0,Pedra do Indaiá,MG,Sudeste,Atingiu ou superou,20.0
2024,3159902,Municipal,80.3,80.0,80.0,Santo Antônio do Amparo,MG,Sudeste,Atingiu ou superou,0.29999999999999716
2024,3529104,Municipal,100.0,80.0,80.0,Marinópolis,SP,Sudeste,Atingiu ou superou,20.0
2024,4119004,Municipal,88.78,80.0,80.0,Pérola d'Oeste,PR,Sul,Atingiu ou superou,8.780000000000001
2024,4122503,Municipal,76.32,80.0,80.0,Roncador,PR,Sul,Abaixo da meta,-3.680000000000007
2024,4124905,Municipal,93.06,80.0,80.0,São João do Caiuá,PR,Sul,Atingiu ou superou,13.060000000000002
2024,4310702,Municipal,36.8,80.0,80.0,Itatiba do Sul,RS,Sul,Abaixo da meta,-43.2
2024,4314076,Municipal,50.2,80.0,80.0,Passo do Sobrado,RS,Sul,Abaixo da meta,-29.799999999999997
2024,4315131,Municipal,94.1,80.0,80.0,Pouso Novo,RS,Sul,Atingiu ou superou,14.099999999999994
2024,4315404,Municipal,60.0,80.0,80.0,Redentora,RS,Sul,Abaixo da meta,-20.0
2024,4321329,Municipal,81.5,80.0,80.0,Taquaruçu do Sul,RS,Sul,Atingiu ou superou,1.5
2024,5210307,Municipal,92.59,80.0,80.0,Israelândia,GO,Centro-Oeste,Atingiu ou superou,12.590000000000003
2024,5210604,Municipal,89.89,80.0,80.0,Itaguaru,GO,Centro-Oeste,Atingiu ou superou,9.89
2024,5212055,Municipal,100.0,80.0,80.0,Jesúpolis,GO,Centro-Oeste,Atingiu ou superou,20.0
2024,5221452,Municipal,94.47,80.0,80.0,Trombas,GO,Centro-Oeste,Atingiu ou superou,14.469999999999999
2024,2104099,Municipal,84.29,80.0,80.0,Formosa da Serra Negra,MA,Nordeste,Atingiu ou superou,4.290000000000006
2024,2112852,Municipal,74.55,80.0,80.0,Vila Nova dos Martírios,MA,Nordeste,Abaixo da meta,-5.450000000000003
2024,2205904,Municipal,82.38,80.0,80.0,Manoel Emídio,PI,Nordeste,Atingiu ou superou,2.3799999999999955
2024,2301109,Municipal,91.16,80.0,80.0,Aracati,CE,Nordeste,Atingiu ou superou,11.159999999999997
2024,2304251,Municipal,98.93,80.0,80.0,Cruz,CE,Nordeste,Atingiu ou superou,18.930000000000007
2024,2305407,Municipal,75.41,80.0,80.0,Icó,CE,Nordeste,Abaixo da meta,-4.590000000000003
2024,2313005,Municipal,98.96,80.0,80.0,Solonópole,CE,Nordeste,Atingiu ou superou,18.959999999999994
2024,2313807,Municipal,82.16,80.0,80.0,Uruburetama,CE,Nordeste,Atingiu ou superou,2.1599999999999966
2024,3153202,Municipal,54.55,80.0,80.0,Presidente Juscelino,MG,Sudeste,Abaixo da meta,-25.450000000000003
2024,3521903,Municipal,82.74,80.0,80.0,Itajobi,SP,Sudeste,Atingiu ou superou,2.739999999999995
2024,4110706,Municipal,88.31,80.0,80.0,Irati,PR,Sul,Atingiu ou superou,8.310000000000002
2024,4117271,Municipal,84.88,80.0,80.0,Nova Tebas,PR,Sul,Atingiu ou superou,4.8799999999999955
2024,4122305,Municipal,88.56,80.0,80.0,Rio Negro,PR,Sul,Atingiu ou superou,8.560000000000002
2024,4205605,Municipal,70.47,80.0,80.0,Galvão,SC,Sul,Abaixo da meta,-9.530000000000001
2024,4316006,Municipal,66.6,80.0,80.0,Rolante,RS,Sul,Abaixo da meta,-13.400000000000006
2024,5201306,Municipal,98.09,80.0,80.0,Anicuns,GO,Centro-Oeste,Atingiu ou superou,18.090000000000003
2024,5210562,Municipal,77.71,80.0,80.0,Itaguari,GO,Centro-Oeste,Abaixo da meta,-2.2900000000000063
2024,5216908,Municipal,80.87,80.0,80.0,Pilar de Goiás,GO,Centro-Oeste,Atingiu ou superou,0.8700000000000045
2024,2301208,Municipal,90.87,80.0,80.0,Aracoiaba,CE,Nordeste,Atingiu ou superou,10.870000000000005
2024,2303006,Municipal,98.73,80.0,80.0,Caridade,CE,Nordeste,Atingiu ou superou,18.730000000000004
2024,2304285,Municipal,93.91,80.0,80.0,Eusébio,CE,Nordeste,Atingiu ou superou,13.909999999999997
2024,2306256,Municipal,85.11,80.0,80.0,Itaitinga,CE,Nordeste,Atingiu ou superou,5.109999999999999
2024,2308906,Municipal,97.77,80.0,80.0,Morrinhos,CE,Nordeste,Atingiu ou superou,17.769999999999996
2024,2309458,Municipal,84.77,80.0,80.0,Ocara,CE,Nordeste,Atingiu ou superou,4.769999999999996
2024,2314003,Municipal,90.9,80.0,80.0,Várzea Alegre,CE,Nordeste,Atingiu ou superou,10.900000000000006
2024,3116001,Municipal,70.09,80.0,80.0,Chalé,MG,Sudeste,Abaixo da meta,-9.909999999999997
2024,3130606,Municipal,86.18,80.0,80.0,Inconfidentes,MG,Sudeste,Atingiu ou superou,6.180000000000007
2024,3137536,Municipal,76.48,80.0,80.0,Lagoa Grande,MG,Sudeste,Abaixo da meta,-3.519999999999996
2024,3159209,Municipal,92.49,80.0,80.0,Santa Rita de Caldas,MG,Sudeste,Atingiu ou superou,12.489999999999995
2024,3556909,Municipal,52.86,80.0,80.0,Vista Alegre do Alto,SP,Sudeste,Abaixo da meta,-27.14
2024,4103008,Municipal,92.95,80.0,80.0,Boa Esperança,PR,Sul,Atingiu ou superou,12.950000000000003
2024,4107504,Municipal,82.06,80.0,80.0,Engenheiro Beltrão,PR,Sul,Atingiu ou superou,2.0600000000000023
2024,4107603,Municipal,71.76,80.0,80.0,Faxinal,PR,Sul,Abaixo da meta,-8.239999999999995
2024,4115754,Municipal,80.48,80.0,80.0,Mauá da Serra,PR,Sul,Atingiu ou superou,0.480000000000004
2024,4121406,Municipal,79.84,80.0,80.0,Realeza,PR,Sul,Abaixo da meta,-0.1599999999999966
2024,4212239,Municipal,83.86,80.0,80.0,Paraíso,SC,Sul,Atingiu ou superou,3.8599999999999994
2024,4212601,Municipal,87.5,80.0,80.0,Peritiba,SC,Sul,Atingiu ou superou,7.5
2024,4319372,Municipal,64.3,80.0,80.0,São Pedro do Butiá,RS,Sul,Abaixo da meta,-15.700000000000003
2024,5103601,Municipal,71.45,80.0,80.0,Dom Aquino,MT,Centro-Oeste,Abaixo da meta,-8.549999999999997
2024,5214101,Municipal,100.0,80.0,80.0,Mutunópolis,GO,Centro-Oeste,Atingiu ou superou,20.0
2024,2101350,Municipal,100.0,80.0,80.0,Bacurituba,MA,Nordeste,Atingiu ou superou,20.0
2024,2200806,Municipal,73.81,80.0,80.0,Antônio Almeida,PI,Nordeste,Abaixo da meta,-6.189999999999998
2024,2202026,Municipal,98.33,80.0,80.0,Buriti dos Montes,PI,Nordeste,Atingiu ou superou,18.33
2024,2210052,Municipal,92.65,80.0,80.0,São José do Divino,PI,Nordeste,Atingiu ou superou,12.650000000000006
2024,2303402,Municipal,83.8,80.0,80.0,Carnaubal,CE,Nordeste,Atingiu ou superou,3.799999999999997
2024,2304301,Municipal,96.0,80.0,80.0,Farias Brito,CE,Nordeste,Atingiu ou superou,16.0
2024,2305704,Municipal,88.89,80.0,80.0,Ipaumirim,CE,Nordeste,Atingiu ou superou,8.89
2024,2306009,Municipal,84.18,80.0,80.0,Iracema,CE,Nordeste,Atingiu ou superou,4.180000000000007
2024,2313302,Municipal,92.01,80.0,80.0,Tauá,CE,Nordeste,Atingiu ou superou,12.010000000000005
2024,3124609,Municipal,66.67,80.0,80.0,Estrela Dalva,MG,Sudeste,Abaixo da meta,-13.329999999999998
2024,3141306,Municipal,78.57,80.0,80.0,Medeiros,MG,Sudeste,Abaixo da meta,-1.4300000000000068
2024,3151404,Municipal,85.71,80.0,80.0,Pitangui,MG,Sudeste,Atingiu ou superou,5.709999999999994
2024,3203601,Municipal,84.09,80.0,80.0,Mucurici,ES,Sudeste,Atingiu ou superou,4.090000000000003
2024,3204658,Municipal,84.74,80.0,80.0,São Domingos do Norte,ES,Sudeste,Atingiu ou superou,4.739999999999995
2024,4117255,Municipal,72.83,80.0,80.0,Nova Prata do Iguaçu,PR,Sul,Abaixo da meta,-7.170000000000002
2024,4123105,Municipal,91.5,80.0,80.0,Santa Amélia,PR,Sul,Atingiu ou superou,11.5
2024,4124509,Municipal,80.07,80.0,80.0,Santo Inácio,PR,Sul,Atingiu ou superou,0.06999999999999318
2024,4126272,Municipal,85.49,80.0,80.0,Saudade do Iguaçu,PR,Sul,Atingiu ou superou,5.489999999999995
2024,4313391,Municipal,77.0,80.0,80.0,Novo Cabrais,RS,Sul,Abaixo da meta,-3.0
2024,4315909,Municipal,48.8,80.0,80.0,Rodeio Bonito,RS,Sul,Abaixo da meta,-31.200000000000003
2024,5104542,Municipal,77.99,80.0,80.0,Itanhangá,MT,Centro-Oeste,Abaixo da meta,-2.010000000000005
2024,1100098,Municipal,71.16,80.0,80.0,Espigão D'Oeste,RO,Norte,Abaixo da meta,-8.840000000000003
2024,2205151,Municipal,84.31,80.0,80.0,Jacobina do Piauí,PI,Nordeste,Atingiu ou superou,4.310000000000002
2024,2207553,Municipal,49.8,80.0,80.0,Paquetá,PI,Nordeste,Abaixo da meta,-30.200000000000003
2024,3119609,Municipal,59.91,80.0,80.0,Coronel Pacheco,MG,Sudeste,Abaixo da meta,-20.090000000000003
2024,3202454,Municipal,82.36,80.0,80.0,Ibatiba,ES,Sudeste,Atingiu ou superou,2.3599999999999994
2024,3500600,Municipal,80.89,80.0,80.0,Águas de São Pedro,SP,Sudeste,Atingiu ou superou,0.8900000000000006
2024,3507753,Municipal,100.0,80.0,80.0,Brejo Alegre,SP,Sudeste,Atingiu ou superou,20.0
2024,3555901,Municipal,100.0,80.0,80.0,Uru,SP,Sudeste,Atingiu ou superou,20.0
2024,4105300,Municipal,84.56,80.0,80.0,Céu Azul,PR,Sul,Atingiu ou superou,4.560000000000002
2024,4201604,Municipal,76.24,80.0,80.0,Arroio Trinta,SC,Sul,Abaixo da meta,-3.760000000000005
2024,4204905,Municipal,70.31,80.0,80.0,Descanso,SC,Sul,Abaixo da meta,-9.689999999999998
2024,4304903,Municipal,76.0,80.0,80.0,Casca,RS,Sul,Abaixo da meta,-4.0
2024,4314027,Municipal,52.6,80.0,80.0,Paraíso do Sul,RS,Sul,Abaixo da meta,-27.4
2024,5103908,Municipal,71.41,80.0,80.0,General Carneiro,MT,Centro-Oeste,Abaixo da meta,-8.590000000000003
2024,5107107,Municipal,68.7,80.0,80.0,São José dos Quatro Marcos,MT,Centro-Oeste,Abaixo da meta,-11.299999999999997
2024,5206909,Municipal,83.12,80.0,80.0,Davinópolis,GO,Centro-Oeste,Atingiu ou superou,3.1200000000000045
2024,2104305,Municipal,88.4,80.0,80.0,Godofredo Viana,MA,Nordeste,Atingiu ou superou,8.400000000000006
2024,2201051,Municipal,69.88,80.0,80.0,Assunção do Piauí,PI,Nordeste,Abaixo da meta,-10.120000000000005
2024,2203230,Municipal,92.5,80.0,80.0,Currais,PI,Nordeste,Atingiu ou superou,12.5
2024,2300101,Municipal,91.49,80.0,80.0,Abaiara,CE,Nordeste,Atingiu ou superou,11.489999999999995
2024,2306108,Municipal,96.76,80.0,80.0,Irauçuba,CE,Nordeste,Atingiu ou superou,16.760000000000005
2024,2313104,Municipal,84.32,80.0,80.0,Tabuleiro do Norte,CE,Nordeste,Atingiu ou superou,4.319999999999993
2024,2509008,Municipal,50.66,80.0,80.0,Manaíra,PB,Nordeste,Abaixo da meta,-29.340000000000003
2024,2611533,Municipal,87.04,80.0,80.0,Quixaba,PE,Nordeste,Atingiu ou superou,7.040000000000006
2024,3203908,Municipal,83.24,80.0,80.0,Nova Venécia,ES,Sudeste,Atingiu ou superou,3.239999999999995
2024,4118451,Municipal,90.41,80.0,80.0,Pato Bragado,PR,Sul,Atingiu ou superou,10.409999999999997
2024,4206603,Municipal,59.9,80.0,80.0,Guarujá do Sul,SC,Sul,Abaixo da meta,-20.1
2024,4323770,Municipal,61.5,80.0,80.0,Westfalia,RS,Sul,Abaixo da meta,-18.5
2024,2303303,Municipal,95.26,80.0,80.0,Cariús,CE,Nordeste,Atingiu ou superou,15.260000000000005
2024,2309003,Municipal,98.82,80.0,80.0,Mucambo,CE,Nordeste,Atingiu ou superou,18.819999999999993
2024,2309300,Municipal,99.64,80.0,80.0,Nova Russas,CE,Nordeste,Atingiu ou superou,19.64
2024,2310704,Municipal,91.29,80.0,80.0,Pentecoste,CE,Nordeste,Atingiu ou superou,11.290000000000006
2024,2310951,Municipal,100.0,80.0,80.0,Pires Ferreira,CE,Nordeste,Atingiu ou superou,20.0
2024,2311264,Municipal,99.49,80.0,80.0,Quiterianópolis,CE,Nordeste,Atingiu ou superou,19.489999999999995
2024,3125507,Municipal,83.33,80.0,80.0,São Gonçalo do Rio Preto,MG,Sudeste,Atingiu ou superou,3.3299999999999983
2024,3147709,Municipal,78.42,80.0,80.0,Passa Tempo,MG,Sudeste,Abaixo da meta,-1.5799999999999983
2024,4106506,Municipal,74.6,80.0,80.0,Coronel Vivida,PR,Sul,Abaixo da meta,-5.400000000000006
2024,4111704,Municipal,73.86,80.0,80.0,Jaboti,PR,Sul,Abaixo da meta,-6.140000000000001
2024,4115853,Municipal,93.06,80.0,80.0,Mercedes,PR,Sul,Atingiu ou superou,13.060000000000002
2024,4120853,Municipal,89.52,80.0,80.0,Quatro Pontes,PR,Sul,Atingiu ou superou,9.519999999999996
2024,4127205,Municipal,89.1,80.0,80.0,Terra Boa,PR,Sul,Atingiu ou superou,9.099999999999994
2024,4217550,Municipal,97.43,80.0,80.0,Serra Alta,SC,Sul,Atingiu ou superou,17.430000000000007
2024,4301073,Municipal,18.2,80.0,80.0,Arroio do Padre,RS,Sul,Abaixo da meta,-61.8
2024,4310439,Municipal,60.7,80.0,80.0,Ipê,RS,Sul,Abaixo da meta,-19.299999999999997
2024,4313334,Municipal,28.0,80.0,80.0,Nova Ramada,RS,Sul,Abaixo da meta,-52.0
2024,4321956,Municipal,62.9,80.0,80.0,Trindade do Sul,RS,Sul,Abaixo da meta,-17.1
2024,5200605,Municipal,60.2,80.0,80.0,Alto Paraíso de Goiás,GO,Centro-Oeste,Abaixo da meta,-19.799999999999997
2024,2200301,Municipal,82.41,80.0,80.0,Alto Longá,PI,Nordeste,Atingiu ou superou,2.4099999999999966
2024,2210300,Municipal,87.93,80.0,80.0,São Julião,PI,Nordeste,Atingiu ou superou,7.930000000000007
2024,2305233,Municipal,96.2,80.0,80.0,Horizonte,CE,Nordeste,Atingiu ou superou,16.200000000000003
2024,2703007,Municipal,54.43,80.0,80.0,Ibateguara,AL,Nordeste,Abaixo da meta,-25.57
2024,3108206,Municipal,71.88,80.0,80.0,Bonfinópolis de Minas,MG,Sudeste,Abaixo da meta,-8.120000000000005
2024,3128402,Municipal,77.84,80.0,80.0,Guarani,MG,Sudeste,Abaixo da meta,-2.1599999999999966
2024,3532702,Municipal,80.24,80.0,80.0,Nipoã,SP,Sudeste,Atingiu ou superou,0.23999999999999488
2024,4106555,Municipal,87.98,80.0,80.0,Corumbataí do Sul,PR,Sul,Atingiu ou superou,7.980000000000004
2024,4305009,Municipal,77.1,80.0,80.0,Catuípe,RS,Sul,Abaixo da meta,-2.9000000000000057
2024,4307815,Municipal,60.0,80.0,80.0,Estrela Velha,RS,Sul,Abaixo da meta,-20.0
2024,5214861,Municipal,87.68,80.0,80.0,Nova Glória,GO,Centro-Oeste,Atingiu ou superou,7.680000000000007
2024,1101104,Municipal,70.62,80.0,80.0,Itapuã do Oeste,RO,Norte,Abaixo da meta,-9.379999999999995
2024,1720150,Municipal,61.9,80.0,80.0,São Félix do Tocantins,TO,Norte,Abaixo da meta,-18.1
2024,2202075,Municipal,75.0,80.0,80.0,Cajazeiras do Piauí,PI,Nordeste,Abaixo da meta,-5.0
2024,3112208,Municipal,77.37,80.0,80.0,Capela Nova,MG,Sudeste,Abaixo da meta,-2.6299999999999955
2024,3205069,Municipal,82.2,80.0,80.0,Venda Nova do Imigrante,ES,Sudeste,Atingiu ou superou,2.200000000000003
2024,3542305,Municipal,84.33,80.0,80.0,Redenção da Serra,SP,Sudeste,Atingiu ou superou,4.329999999999998
2024,4123709,Municipal,75.13,80.0,80.0,Santa Isabel do Ivaí,PR,Sul,Abaixo da meta,-4.8700000000000045
2024,4206405,Municipal,83.69,80.0,80.0,Guaraciaba,SC,Sul,Atingiu ou superou,3.6899999999999977
2024,4211652,Municipal,86.57,80.0,80.0,Novo Horizonte,SC,Sul,Atingiu ou superou,6.569999999999993
2024,4305504,Municipal,85.7,80.0,80.0,Ciríaco,RS,Sul,Atingiu ou superou,5.700000000000003
2024,4305801,Municipal,45.7,80.0,80.0,Constantina,RS,Sul,Abaixo da meta,-34.3
2024,4307203,Municipal,38.8,80.0,80.0,Erval Grande,RS,Sul,Abaixo da meta,-41.2
2024,4313102,Municipal,35.9,80.0,80.0,Nova Palma,RS,Sul,Abaixo da meta,-44.1
2024,4316758,Municipal,54.2,80.0,80.0,Santa Clara do Sul,RS,Sul,Abaixo da meta,-25.799999999999997
2024,4319356,Municipal,58.8,80.0,80.0,São Pedro da Serra,RS,Sul,Abaixo da meta,-21.200000000000003
2024,4321907,Municipal,57.0,80.0,80.0,Três Passos,RS,Sul,Abaixo da meta,-23.0
2024,5218391,Municipal,77.25,80.0,80.0,Professor Jamil,GO,Centro-Oeste,Abaixo da meta,-2.75
2024,5220280,Municipal,86.36,80.0,80.0,São Patrício,GO,Centro-Oeste,Atingiu ou superou,6.359999999999999
2024,2103158,Municipal,87.93,80.0,80.0,Centro do Guilherme,MA,Nordeste,Atingiu ou superou,7.930000000000007
2024,2302701,Municipal,82.79,80.0,80.0,Campos Sales,CE,Nordeste,Atingiu ou superou,2.7900000000000063
2024,2304657,Municipal,100.0,80.0,80.0,Graça,CE,Nordeste,Atingiu ou superou,20.0
2024,2310258,Municipal,93.78,80.0,80.0,Paraipaba,CE,Nordeste,Atingiu ou superou,13.780000000000001
2024,3109204,Municipal,75.91,80.0,80.0,Buenópolis,MG,Sudeste,Abaixo da meta,-4.090000000000003
2024,3155009,Municipal,90.43,80.0,80.0,Rio Doce,MG,Sudeste,Atingiu ou superou,10.430000000000007
2024,3160108,Municipal,94.3,80.0,80.0,Santo Antônio do Grama,MG,Sudeste,Atingiu ou superou,14.299999999999997
2024,3554755,Municipal,47.37,80.0,80.0,Trabiju,SP,Sudeste,Abaixo da meta,-32.63
2024,4110953,Municipal,84.64,80.0,80.0,Itaipulândia,PR,Sul,Atingiu ou superou,4.640000000000001
2024,4113734,Municipal,86.61,80.0,80.0,Luiziana,PR,Sul,Atingiu ou superou,6.609999999999999
2024,4115200,Municipal,78.37,80.0,80.0,Maringá,PR,Sul,Abaixo da meta,-1.6299999999999955
2024,4123808,Municipal,82.63,80.0,80.0,Santa Izabel do Oeste,PR,Sul,Atingiu ou superou,2.6299999999999955
2024,4200606,Municipal,79.3,80.0,80.0,Águas Mornas,SC,Sul,Abaixo da meta,-0.7000000000000028
2024,4313805,Municipal,68.4,80.0,80.0,Palmitinho,RS,Sul,Abaixo da meta,-11.599999999999994
2024,4319703,Municipal,48.5,80.0,80.0,São Valentim,RS,Sul,Abaixo da meta,-31.5
2024,4323408,Municipal,66.7,80.0,80.0,Vila Maria,RS,Sul,Abaixo da meta,-13.299999999999997
2024,5107750,Municipal,97.49,80.0,80.0,Salto do Céu,MT,Centro-Oeste,Atingiu ou superou,17.489999999999995
2024,5203203,Municipal,77.88,80.0,80.0,Barro Alto,GO,Centro-Oeste,Abaixo da meta,-2.1200000000000045
2024,5212907,Municipal,83.33,80.0,80.0,Marzagão,GO,Centro-Oeste,Atingiu ou superou,3.3299999999999983
2024,5220264,Municipal,67.1,80.0,80.0,São Miguel do Passa Quatro,GO,Centro-Oeste,Abaixo da meta,-12.900000000000006
2024,5222203,Municipal,78.69,80.0,80.0,Vila Boa,GO,Centro-Oeste,Abaixo da meta,-1.3100000000000023
2024,1100080,Municipal,59.63,80.0,80.0,Costa Marques,RO,Norte,Abaixo da meta,-20.369999999999997
2024,2100402,Municipal,73.02,80.0,80.0,Altamira do Maranhão,MA,Nordeste,Abaixo da meta,-6.980000000000004
2024,2101103,Municipal,71.88,80.0,80.0,Axixá,MA,Nordeste,Abaixo da meta,-8.120000000000005
2024,2104552,Municipal,67.46,80.0,80.0,Governador Edison Lobão,MA,Nordeste,Abaixo da meta,-12.540000000000006
2024,2204303,Municipal,96.63,80.0,80.0,Fronteiras,PI,Nordeste,Atingiu ou superou,16.629999999999995
2024,2207207,Municipal,100.0,80.0,80.0,Padre Marcos,PI,Nordeste,Atingiu ou superou,20.0
2024,2300606,Municipal,88.52,80.0,80.0,Altaneira,CE,Nordeste,Atingiu ou superou,8.519999999999996
2024,2304608,Municipal,97.65,80.0,80.0,General Sampaio,CE,Nordeste,Atingiu ou superou,17.650000000000006
2024,2305308,Municipal,97.38,80.0,80.0,Ibiapina,CE,Nordeste,Atingiu ou superou,17.379999999999995
2024,2305902,Municipal,99.54,80.0,80.0,Ipueiras,CE,Nordeste,Atingiu ou superou,19.540000000000006
2024,2308104,Municipal,84.55,80.0,80.0,Mauriti,CE,Nordeste,Atingiu ou superou,4.549999999999997
2024,2615706,Municipal,80.64,80.0,80.0,Triunfo,PE,Nordeste,Atingiu ou superou,0.6400000000000006
2024,3106408,Municipal,97.32,80.0,80.0,Belo Vale,MG,Sudeste,Atingiu ou superou,17.319999999999993
2024,3141207,Municipal,91.94,80.0,80.0,Matutina,MG,Sudeste,Atingiu ou superou,11.939999999999998
2024,3142205,Municipal,79.2,80.0,80.0,Miraí,MG,Sudeste,Abaixo da meta,-0.7999999999999972
2024,3165537,Municipal,82.39,80.0,80.0,Sarzedo,MG,Sudeste,Atingiu ou superou,2.3900000000000006
2024,3512100,Municipal,72.63,80.0,80.0,Colômbia,SP,Sudeste,Abaixo da meta,-7.3700000000000045
2024,3514957,Municipal,73.08,80.0,80.0,Embaúba,SP,Sudeste,Abaixo da meta,-6.920000000000002
2024,3540853,Municipal,80.0,80.0,80.0,Pracinha,SP,Sudeste,Atingiu ou superou,0.0
2024,4114005,Municipal,74.68,80.0,80.0,Mamborê,PR,Sul,Abaixo da meta,-5.319999999999993
2024,4115002,Municipal,75.36,80.0,80.0,Marilena,PR,Sul,Abaixo da meta,-4.640000000000001
2024,4118105,Municipal,80.03,80.0,80.0,Paranacity,PR,Sul,Atingiu ou superou,0.030000000000001137
2024,4126900,Municipal,77.42,80.0,80.0,Tapira,PR,Sul,Abaixo da meta,-2.5799999999999983
2024,4315552,Municipal,85.7,80.0,80.0,Rio dos Índios,RS,Sul,Atingiu ou superou,5.700000000000003
2024,4322327,Municipal,61.7,80.0,80.0,Turuçu,RS,Sul,Abaixo da meta,-18.299999999999997
2024,4322855,Municipal,46.7,80.0,80.0,Vespasiano Correa,RS,Sul,Abaixo da meta,-33.3
2024,5201207,Municipal,81.25,80.0,80.0,Anhanguera,GO,Centro-Oeste,Atingiu ou superou,1.25
2024,2211407,Municipal,76.19,80.0,80.0,Várzea Grande,PI,Nordeste,Abaixo da meta,-3.8100000000000023
2024,2313203,Municipal,98.31,80.0,80.0,Tamboril,CE,Nordeste,Atingiu ou superou,18.310000000000002
2024,2708105,Municipal,97.67,80.0,80.0,Santana do Mundaú,AL,Nordeste,Atingiu ou superou,17.67
2024,2709301,Municipal,94.75,80.0,80.0,União dos Palmares,AL,Nordeste,Atingiu ou superou,14.75
2024,2910206,Municipal,52.38,80.0,80.0,Dom Macedo Costa,BA,Nordeste,Abaixo da meta,-27.619999999999997
2024,3100807,Municipal,88.68,80.0,80.0,Aguanil,MG,Sudeste,Atingiu ou superou,8.680000000000007
2024,3122801,Municipal,84.85,80.0,80.0,Dom Viçoso,MG,Sudeste,Atingiu ou superou,4.849999999999994
2024,3123908,Municipal,91.72,80.0,80.0,Entre Rios de Minas,MG,Sudeste,Atingiu ou superou,11.719999999999999
2024,3160009,Municipal,45.65,80.0,80.0,Santo Antônio do Aventureiro,MG,Sudeste,Abaixo da meta,-34.35
2024,4304713,Municipal,62.4,80.0,80.0,Caraá,RS,Sul,Abaixo da meta,-17.6
2024,4321634,Municipal,40.0,80.0,80.0,Três Arroios,RS,Sul,Abaixo da meta,-40.0
2024,5205406,Municipal,94.51,80.0,80.0,Ceres,GO,Centro-Oeste,Atingiu ou superou,14.510000000000005
2024,5220686,Municipal,77.79,80.0,80.0,Simolândia,GO,Centro-Oeste,Abaixo da meta,-2.2099999999999937
