id_municipio,nome_municipio,sigla_uf,nome_regiao,qtd_alunos,qtd_nao_alfabetizados,taxa_nao_alfabetizacao_amostra,escore_medio_modelo,proporcao_sinalizada
1100015,Alta Floresta D'Oeste,RO,Norte,25,8,0.32,0.3445632177031646,0.0
1100023,Ariquemes,RO,Norte,119,39,0.3277310924369748,0.34166084568708655,0.0
1100031,Cabixi,RO,Norte,6,1,0.16666666666666666,0.3220361942644563,0.0
1100049,Cacoal,RO,Norte,93,30,0.3225806451612903,0.3159840969348969,0.0
1100056,Cerejeiras,RO,Norte,27,10,0.37037037037037035,0.32045128851932947,0.0
1100064,Colorado do Oeste,RO,Norte,23,9,0.391304347826087,0.3071543635332551,0.0
1100072,Corumbiara,RO,Norte,11,1,0.09090909090909091,0.3552697001884638,1.0
1100080,Costa Marques,RO,Norte,28,10,0.35714285714285715,0.41293353731406857,1.0
1100098,Espigão D'Oeste,RO,Norte,39,9,0.23076923076923078,0.32973489805728146,0.0
1100106,Guajará-Mirim,RO,Norte,46,22,0.4782608695652174,0.3818847720011976,1.0
1100114,Jaru,RO,Norte,64,25,0.390625,0.3269823864414455,0.0
1100122,Ji-Paraná,RO,Norte,162,53,0.3271604938271605,0.3198029876550669,0.0
1100130,Machadinho D'Oeste,RO,Norte,40,12,0.3,0.38428574205780597,1.0
1100148,Nova Brasilândia D'Oeste,RO,Norte,15,4,0.26666666666666666,0.3491429260251805,0.0
1100155,Ouro Preto do Oeste,RO,Norte,35,9,0.2571428571428571,0.32859172578582807,0.0
1100189,Pimenta Bueno,RO,Norte,40,6,0.15,0.328398170594154,0.0
1100205,Porto Velho,RO,Norte,538,254,0.4721189591078067,0.3469555282580515,0.0
1100254,Presidente Médici,RO,Norte,25,9,0.36,0.3234559022530613,0.0
1100262,Rio Crespo,RO,Norte,5,0,0.0,0.3337757903531581,0.0
1100288,Rolim de Moura,RO,Norte,48,9,0.1875,0.3244888188916882,0.0
1100296,Santa Luzia D'Oeste,RO,Norte,6,1,0.16666666666666666,0.31372675572909714,0.0
1100304,Vilhena,RO,Norte,166,40,0.24096385542168675,0.325073847774746,0.0
1100320,São Miguel do Guaporé,RO,Norte,30,6,0.2,0.347334980665695,0.0
1100338,Nova Mamoré,RO,Norte,43,23,0.5348837209302325,0.3989801153043613,1.0
1100346,Alvorada D'Oeste,RO,Norte,15,2,0.13333333333333333,0.3246650522444968,0.0
1100379,Alto Alegre dos Parecis,RO,Norte,21,3,0.14285714285714285,0.37082503144578915,1.0
1100403,Alto Paraíso,RO,Norte,19,6,0.3157894736842105,0.3684545035306934,1.0
1100452,Buritis,RO,Norte,56,12,0.21428571428571427,0.3782110611831636,1.0
1100502,Novo Horizonte do Oeste,RO,Norte,9,2,0.2222222222222222,0.3240342464690156,0.0
1100601,Cacaulândia,RO,Norte,9,1,0.1111111111111111,0.3365882217415942,0.0
1100700,Campo Novo de Rondônia,RO,Norte,11,3,0.2727272727272727,0.39036456124636043,1.0
1100809,Candeias do Jamari,RO,Norte,35,20,0.5714285714285714,0.3517922578860949,1.0
1100908,Castanheiras,RO,Norte,7,3,0.42857142857142855,0.3130228847378307,0.0
1100924,Chupinguaia,RO,Norte,17,6,0.35294117647058826,0.33770407133708324,0.0
1100940,Cujubim,RO,Norte,30,9,0.3,0.3830697617333074,1.0
1101005,Governador Jorge Teixeira,RO,Norte,9,1,0.1111111111111111,0.3641144975465026,1.0
1101104,Itapuã do Oeste,RO,Norte,16,7,0.4375,0.3686171088291019,1.0
1101203,Ministro Andreazza,RO,Norte,5,1,0.2,0.33381386198264007,0.0
1101302,Mirante da Serra,RO,Norte,11,4,0.36363636363636365,0.3418171108071141,0.0
1101401,Monte Negro,RO,Norte,18,6,0.3333333333333333,0.3590515661037387,1.0
1101435,Nova União,RO,Norte,13,1,0.07692307692307693,0.36781153209632833,1.0
1101450,Parecis,RO,Norte,9,5,0.5555555555555556,0.3326158725881525,0.0
1101468,Pimenteiras do Oeste,RO,Norte,4,1,0.25,0.3448352814492861,0.0
1101476,Primavera de Rondônia,RO,Norte,8,2,0.25,0.33356790607844755,0.0
1101484,São Felipe D'Oeste,RO,Norte,5,2,0.4,0.3106637036064409,0.0
1101492,São Francisco do Guaporé,RO,Norte,32,11,0.34375,0.39404721248434726,1.0
1101500,Seringueiras,RO,Norte,19,4,0.21052631578947367,0.3967268512093741,1.0
1101559,Teixeirópolis,RO,Norte,6,1,0.16666666666666666,0.33104234824091194,0.0
1101609,Theobroma,RO,Norte,9,4,0.4444444444444444,0.3614370740843259,1.0
1101708,Urupá,RO,Norte,22,11,0.5,0.3496489990066155,0.0
1101757,Vale do Anari,RO,Norte,7,4,0.5714285714285714,0.3795672884820537,1.0
1101807,Vale do Paraíso,RO,Norte,7,5,0.7142857142857143,0.344774133444091,0.0
1200013,Acrelândia,AC,Norte,22,9,0.4090909090909091,0.5037739933734837,1.0
1200054,Assis Brasil,AC,Norte,12,4,0.3333333333333333,0.4779693857873384,1.0
1200104,Brasiléia,AC,Norte,32,17,0.53125,0.47338737042785684,1.0
1200138,Bujari,AC,Norte,21,18,0.8571428571428571,0.44422982073619444,1.0
1200179,Capixaba,AC,Norte,13,6,0.46153846153846156,0.49306488121505976,1.0
1200203,Cruzeiro do Sul,AC,Norte,100,41,0.41,0.43265356068040606,1.0
1200252,Epitaciolândia,AC,Norte,36,21,0.5833333333333334,0.4723877702366848,1.0
1200302,Feijó,AC,Norte,45,15,0.3333333333333333,0.40903660493346294,1.0
1200328,Jordão,AC,Norte,11,9,0.8181818181818182,0.5265155171551437,1.0
1200336,Mâncio Lima,AC,Norte,17,11,0.6470588235294118,0.44410725913184623,1.0
1200344,Manoel Urbano,AC,Norte,20,13,0.65,0.44168092668745923,1.0
1200351,Marechal Thaumaturgo,AC,Norte,7,2,0.2857142857142857,0.43385869728932136,1.0
1200385,Plácido de Castro,AC,Norte,18,11,0.6111111111111112,0.4686035469047338,1.0
1200393,Porto Walter,AC,Norte,4,2,0.5,0.40960337564988225,1.0
1200401,Rio Branco,AC,Norte,471,218,0.46284501061571126,0.4482466086055724,1.0
1200427,Rodrigues Alves,AC,Norte,13,6,0.46153846153846156,0.4353044215876851,1.0
1200435,Santa Rosa do Purus,AC,Norte,7,6,0.8571428571428571,0.5019499271855015,1.0
1200450,Senador Guiomard,AC,Norte,21,11,0.5238095238095238,0.45701715433257095,1.0
1200500,Sena Madureira,AC,Norte,55,22,0.4,0.4543322174123933,1.0
1200609,Tarauacá,AC,Norte,66,35,0.5303030303030303,0.4356584140126632,1.0
1200708,Xapuri,AC,Norte,16,5,0.3125,0.44427333190827406,1.0
1200807,Porto Acre,AC,Norte,12,7,0.5833333333333334,0.4866706700430988,1.0
1300029,Alvarães,AM,Norte,13,7,0.5384615384615384,0.4935702484048087,1.0
1300060,Amaturá,AM,Norte,11,5,0.45454545454545453,0.45598271047235583,1.0
1300086,Anamã,AM,Norte,9,4,0.4444444444444444,0.46635768225261803,1.0
1300102,Anori,AM,Norte,21,6,0.2857142857142857,0.476506649081107,1.0
1300144,Apuí,AM,Norte,30,10,0.3333333333333333,0.5055736858427166,1.0
1300201,Atalaia do Norte,AM,Norte,19,3,0.15789473684210525,0.4678913103215462,1.0
1300300,Autazes,AM,Norte,29,16,0.5517241379310345,0.4933911118049127,1.0
1300409,Barcelos,AM,Norte,25,10,0.4,0.4128947724208647,1.0
1300508,Barreirinha,AM,Norte,39,26,0.6666666666666666,0.5259840503321737,1.0
1300607,Benjamin Constant,AM,Norte,69,43,0.6231884057971014,0.45507287631294174,1.0
1300631,Beruri,AM,Norte,21,4,0.19047619047619047,0.46724379706800956,1.0
1300680,Boa Vista do Ramos,AM,Norte,19,14,0.7368421052631579,0.5594243836034034,1.0
1300706,Boca do Acre,AM,Norte,34,15,0.4411764705882353,0.41200108107036326,1.0
1300805,Borba,AM,Norte,34,19,0.5588235294117647,0.4975039430832197,1.0
1300839,Caapiranga,AM,Norte,20,10,0.5,0.46255583362484176,1.0
1300904,Canutama,AM,Norte,16,4,0.25,0.44900769617853725,1.0
1301001,Carauari,AM,Norte,34,17,0.5,0.431868933290186,1.0
1301100,Careiro,AM,Norte,15,6,0.4,0.5250370314691694,1.0
1301159,Careiro da Várzea,AM,Norte,14,11,0.7857142857142857,0.49147672139804105,1.0
1301209,Coari,AM,Norte,90,49,0.5444444444444444,0.4368258069167968,1.0
1301308,Codajás,AM,Norte,32,20,0.625,0.45862826523555433,1.0
1301407,Eirunepé,AM,Norte,42,25,0.5952380952380952,0.373919059120304,1.0
1301506,Envira,AM,Norte,24,10,0.4166666666666667,0.4272033992069931,1.0
1301605,Fonte Boa,AM,Norte,17,6,0.35294117647058826,0.4616623053434293,1.0
1301654,Guajará,AM,Norte,10,5,0.5,0.4632992728846162,1.0
1301704,Humaitá,AM,Norte,72,28,0.3888888888888889,0.4751985456260803,1.0
1301803,Ipixuna,AM,Norte,29,11,0.3793103448275862,0.43155470942074653,1.0
1301852,Iranduba,AM,Norte,86,57,0.6627906976744186,0.4890336519476986,1.0
1301902,Itacoatiara,AM,Norte,131,73,0.5572519083969466,0.48961312424442915,1.0
1301951,Itamarati,AM,Norte,6,2,0.3333333333333333,0.43270065104104566,1.0
1302009,Itapiranga,AM,Norte,17,11,0.6470588235294118,0.4902830046222307,1.0
1302108,Japurá,AM,Norte,11,0,0.0,0.4471386990849787,1.0
1302207,Juruá,AM,Norte,15,8,0.5333333333333333,0.4125315591517994,1.0
1302306,Jutaí,AM,Norte,24,14,0.5833333333333334,0.4575027241597762,1.0
1302405,Lábrea,AM,Norte,51,23,0.45098039215686275,0.41988405078169705,1.0
1302504,Manacapuru,AM,Norte,137,81,0.5912408759124088,0.4644755554061941,1.0
1302553,Manaquiri,AM,Norte,20,16,0.8,0.5197399359847794,1.0
1302603,Manaus,AM,Norte,2332,1117,0.47898799313893653,0.45168872299428336,1.0
1302702,Manicoré,AM,Norte,41,18,0.43902439024390244,0.4968291401425717,1.0
1302801,Maraã,AM,Norte,23,12,0.5217391304347826,0.5097602738161523,1.0
1302900,Maués,AM,Norte,47,23,0.48936170212765956,0.5205165463611625,1.0
1303007,Nhamundá,AM,Norte,12,6,0.5,0.5205281847698238,1.0
1303106,Nova Olinda do Norte,AM,Norte,28,23,0.8214285714285714,0.5476422995205833,1.0
1303205,Novo Airão,AM,Norte,27,10,0.37037037037037035,0.4939658412984654,1.0
1303304,Novo Aripuanã,AM,Norte,30,18,0.6,0.48278093780998954,1.0
1303403,Parintins,AM,Norte,122,38,0.3114754098360656,0.4924225698779589,1.0
1303502,Pauini,AM,Norte,16,10,0.625,0.47197688095013324,1.0
1303536,Presidente Figueiredo,AM,Norte,54,37,0.6851851851851852,0.5012809398599332,1.0
1303569,Rio Preto da Eva,AM,Norte,33,15,0.45454545454545453,0.5025400009627843,1.0
1303601,Santa Isabel do Rio Negro,AM,Norte,10,10,1.0,0.4166848346943974,1.0
1303700,Santo Antônio do Içá,AM,Norte,53,36,0.6792452830188679,0.5484647982035296,1.0
1303809,São Gabriel da Cachoeira,AM,Norte,70,44,0.6285714285714286,0.42416548815416183,1.0
1303908,São Paulo de Olivença,AM,Norte,79,55,0.6962025316455697,0.4855479704915624,1.0
1303957,São Sebastião do Uatumã,AM,Norte,11,6,0.5454545454545454,0.5298710596126902,1.0
1304005,Silves,AM,Norte,12,8,0.6666666666666666,0.5115436404014805,1.0
1304062,Tabatinga,AM,Norte,125,74,0.592,0.4838261430202424,1.0
1304104,Tapauá,AM,Norte,24,10,0.4166666666666667,0.4332323900788926,1.0
1304203,Tefé,AM,Norte,121,69,0.5702479338842975,0.4526307692896472,1.0
1304237,Tonantins,AM,Norte,37,26,0.7027027027027027,0.5048333858816427,1.0
1304260,Uarini,AM,Norte,22,17,0.7727272727272727,0.495284472042338,1.0
1304302,Urucará,AM,Norte,21,6,0.2857142857142857,0.5125116315559655,1.0
1304401,Urucurituba,AM,Norte,27,18,0.6666666666666666,0.5254607141333528,1.0
1500107,Abaetetuba,PA,Norte,128,79,0.6171875,0.4935368594360179,1.0
1500131,Abel Figueiredo,PA,Norte,5,1,0.2,0.48852726416124687,1.0
1500206,Acará,PA,Norte,46,30,0.6521739130434783,0.5617829082015255,1.0
1500305,Afuá,PA,Norte,46,30,0.6521739130434783,0.5099410378968335,1.0
1500347,Água Azul do Norte,PA,Norte,13,9,0.6923076923076923,0.5648120918020272,1.0
1500404,Alenquer,PA,Norte,80,49,0.6125,0.5622213691800044,1.0
1500503,Almeirim,PA,Norte,31,20,0.6451612903225806,0.5004242614904959,1.0
1500602,Altamira,PA,Norte,149,79,0.5302013422818792,0.48616420606172317,1.0
1500701,Anajás,PA,Norte,35,21,0.6,0.4837493001475628,1.0
1500800,Ananindeua,PA,Norte,442,184,0.416289592760181,0.48059823724922685,1.0
1500859,Anapu,PA,Norte,36,16,0.4444444444444444,0.5522874003356464,1.0
1500909,Augusto Corrêa,PA,Norte,37,20,0.5405405405405406,0.5202392543897756,1.0
1500958,Aurora do Pará,PA,Norte,13,6,0.46153846153846156,0.5339779454102366,1.0
1501006,Aveiro,PA,Norte,10,3,0.3,0.5820242307980457,1.0
1501105,Bagre,PA,Norte,28,12,0.42857142857142855,0.566249149967481,1.0
1501204,Baião,PA,Norte,22,14,0.6363636363636364,0.5373946184540113,1.0
1501253,Bannach,PA,Norte,8,3,0.375,0.5031926333046158,1.0
1501303,Barcarena,PA,Norte,143,80,0.5594405594405595,0.5077428695368279,1.0
1501402,Belém,PA,Norte,860,419,0.4872093023255814,0.4638633698178351,1.0
1501451,Belterra,PA,Norte,19,10,0.5263157894736842,0.5470498421512182,1.0
1501501,Benevides,PA,Norte,89,27,0.30337078651685395,0.5119212897559551,1.0
1501576,Bom Jesus do Tocantins,PA,Norte,20,9,0.45,0.4927836733859417,1.0
1501600,Bonito,PA,Norte,11,7,0.6363636363636364,0.5337687149173209,1.0
1501709,Bragança,PA,Norte,115,72,0.6260869565217392,0.5060251538402081,1.0
1501725,Brasil Novo,PA,Norte,20,0,0.0,0.49025742705076614,1.0
1501758,Brejo Grande do Araguaia,PA,Norte,11,4,0.36363636363636365,0.513069964347996,1.0
1501782,Breu Branco,PA,Norte,61,33,0.5409836065573771,0.5257462947469416,1.0
1501808,Breves,PA,Norte,86,34,0.3953488372093023,0.5289747488625016,1.0
1501907,Bujaru,PA,Norte,27,11,0.4074074074074074,0.5676138549424445,1.0
1501956,Cachoeira do Piriá,PA,Norte,11,4,0.36363636363636365,0.5663272651343494,1.0
1502004,Cachoeira do Arari,PA,Norte,21,14,0.6666666666666666,0.5753507222914054,1.0
1502103,Cametá,PA,Norte,94,52,0.5531914893617021,0.5520225914710443,1.0
1502152,Canaã dos Carajás,PA,Norte,145,52,0.3586206896551724,0.5031087281630416,1.0
1502202,Capanema,PA,Norte,62,23,0.3709677419354839,0.4751317841679777,1.0
1502301,Capitão Poço,PA,Norte,48,28,0.5833333333333334,0.5087637478899842,1.0
1502400,Castanhal,PA,Norte,169,120,0.7100591715976331,0.5071958174931808,1.0
1502509,Chaves,PA,Norte,16,5,0.3125,0.5728910997339698,1.0
1502608,Colares,PA,Norte,8,3,0.375,0.5498698513760901,1.0
1502707,Conceição do Araguaia,PA,Norte,62,33,0.532258064516129,0.48046268196446007,1.0
1502756,Concórdia do Pará,PA,Norte,37,19,0.5135135135135135,0.5377644519792442,1.0
1502764,Cumaru do Norte,PA,Norte,15,10,0.6666666666666666,0.49773266608051814,1.0
1502772,Curionópolis,PA,Norte,21,8,0.38095238095238093,0.46267954377794396,1.0
1502806,Curralinho,PA,Norte,52,40,0.7692307692307693,0.5483216070861628,1.0
1502855,Curuá,PA,Norte,16,9,0.5625,0.5641108452612889,1.0
1502905,Curuçá,PA,Norte,37,21,0.5675675675675675,0.5508696868191771,1.0
1502939,Dom Eliseu,PA,Norte,42,14,0.3333333333333333,0.5103546416519613,1.0
1502954,Eldorado do Carajás,PA,Norte,34,16,0.47058823529411764,0.5299651304046533,1.0
1503002,Faro,PA,Norte,14,6,0.42857142857142855,0.5709330236157889,1.0
1503044,Floresta do Araguaia,PA,Norte,18,6,0.3333333333333333,0.48773343062578495,1.0
1503077,Garrafão do Norte,PA,Norte,30,20,0.6666666666666666,0.5007736739595312,1.0
1503093,Goianésia do Pará,PA,Norte,33,19,0.5757575757575758,0.5153962096564901,1.0
1503101,Gurupá,PA,Norte,34,21,0.6176470588235294,0.5171106066693235,1.0
1503200,Igarapé-Açu,PA,Norte,34,15,0.4411764705882353,0.5087606785646444,1.0
1503309,Igarapé-Miri,PA,Norte,65,40,0.6153846153846154,0.5212782167361292,1.0
1503408,Inhangapi,PA,Norte,16,8,0.5,0.5373455576165433,1.0
1503457,Ipixuna do Pará,PA,Norte,36,21,0.5833333333333334,0.5575514123197803,1.0
1503507,Irituia,PA,Norte,21,15,0.7142857142857143,0.5221332664835235,1.0
1503606,Itaituba,PA,Norte,195,83,0.4256410256410256,0.5058636481897729,1.0
1503705,Itupiranga,PA,Norte,57,26,0.45614035087719296,0.5478049327976038,1.0
1503754,Jacareacanga,PA,Norte,13,9,0.6923076923076923,0.5156604398741274,1.0
1503804,Jacundá,PA,Norte,38,24,0.631578947368421,0.5076853953825804,1.0
1503903,Juruti,PA,Norte,78,47,0.6025641025641025,0.5601804289163261,1.0
1504000,Limoeiro do Ajuru,PA,Norte,15,6,0.4,0.5513325956198385,1.0
1504059,Mãe do Rio,PA,Norte,41,20,0.4878048780487805,0.5153799089071958,1.0
1504109,Magalhães Barata,PA,Norte,6,2,0.3333333333333333,0.5345065570915889,1.0
1504208,Marabá,PA,Norte,279,138,0.4946236559139785,0.500209611056638,1.0
1504307,Maracanã,PA,Norte,20,11,0.55,0.5574177052157667,1.0
1504406,Marapanim,PA,Norte,16,8,0.5,0.5478864743492442,1.0
1504422,Marituba,PA,Norte,133,72,0.5413533834586466,0.5113329634840876,1.0
1504455,Medicilândia,PA,Norte,27,14,0.5185185185185185,0.5113835983180388,1.0
1504505,Melgaço,PA,Norte,31,20,0.6451612903225806,0.5210957996715796,1.0
1504604,Mocajuba,PA,Norte,26,18,0.6923076923076923,0.5508247876008743,1.0
1504703,Moju,PA,Norte,67,47,0.7014925373134329,0.5576617253932394,1.0
1504752,Mojuí dos Campos,PA,Norte,16,9,0.5625,0.4147274411554137,1.0
1504802,Monte Alegre,PA,Norte,69,38,0.5507246376811594,0.5411187656860711,1.0
1504901,Muaná,PA,Norte,56,38,0.6785714285714286,0.5654105857541071,1.0
1504950,Nova Esperança do Piriá,PA,Norte,25,12,0.48,0.5612291880946357,1.0
1504976,Nova Ipixuna,PA,Norte,18,8,0.4444444444444444,0.5026819182909572,1.0
1505007,Nova Timboteua,PA,Norte,10,3,0.3,0.48786117961991005,1.0
1505031,Novo Progresso,PA,Norte,55,21,0.38181818181818183,0.5114490990551158,1.0
1505064,Novo Repartimento,PA,Norte,61,30,0.4918032786885246,0.5375980419643167,1.0
1505106,Óbidos,PA,Norte,77,38,0.4935064935064935,0.5322054272422414,1.0
1505205,Oeiras do Pará,PA,Norte,33,24,0.7272727272727273,0.5819126572283426,1.0
1505304,Oriximiná,PA,Norte,80,55,0.6875,0.5081698187635867,1.0
1505403,Ourém,PA,Norte,19,13,0.6842105263157895,0.5151123253262582,1.0
1505437,Ourilândia do Norte,PA,Norte,42,13,0.30952380952380953,0.5292628582113119,1.0
1505486,Pacajá,PA,Norte,47,22,0.46808510638297873,0.5446021925920735,1.0
1505494,Palestina do Pará,PA,Norte,8,5,0.625,0.5006709958900224,1.0
1505502,Paragominas,PA,Norte,137,50,0.36496350364963503,0.5097240735078923,1.0
1505536,Parauapebas,PA,Norte,282,132,0.46808510638297873,0.4748749418270142,1.0
1505551,Pau D'Arco,PA,Norte,7,2,0.2857142857142857,0.4695791842960112,1.0
1505601,Peixe-Boi,PA,Norte,4,0,0.0,0.49367801317692905,1.0
1505635,Piçarra,PA,Norte,12,5,0.4166666666666667,0.5156738240513172,1.0
1505650,Placas,PA,Norte,16,6,0.375,0.556550357250329,1.0
1505700,Ponta de Pedras,PA,Norte,47,16,0.3404255319148936,0.5500587732167198,1.0
1505809,Portel,PA,Norte,76,39,0.5131578947368421,0.5005270063127334,1.0
1505908,Porto de Moz,PA,Norte,50,9,0.18,0.5518536064436199,1.0
1506005,Prainha,PA,Norte,52,30,0.5769230769230769,0.5639546427211767,1.0
1506104,Primavera,PA,Norte,10,6,0.6,0.5088002361132078,1.0
1506112,Quatipuru,PA,Norte,15,9,0.6,0.5158744248539509,1.0
1506138,Redenção,PA,Norte,100,37,0.37,0.49252531632608465,1.0
1506161,Rio Maria,PA,Norte,20,7,0.35,0.4928099072297488,1.0
1506187,Rondon do Pará,PA,Norte,35,9,0.2571428571428571,0.47720894248881496,1.0
1506195,Rurópolis,PA,Norte,37,14,0.3783783783783784,0.5629819703522221,1.0
1506203,Salinópolis,PA,Norte,67,37,0.5522388059701493,0.49662880132342074,1.0
1506302,Salvaterra,PA,Norte,18,10,0.5555555555555556,0.553470498560853,1.0
1506351,Santa Bárbara do Pará,PA,Norte,28,15,0.5357142857142857,0.5409978414884916,1.0
1506401,Santa Cruz do Arari,PA,Norte,12,7,0.5833333333333334,0.5501722098197663,1.0
1506500,Santa Isabel do Pará,PA,Norte,77,49,0.6363636363636364,0.5008770166912818,1.0
1506559,Santa Luzia do Pará,PA,Norte,27,19,0.7037037037037037,0.5193572976552936,1.0
1506583,Santa Maria das Barreiras,PA,Norte,28,18,0.6428571428571429,0.5425603623636148,1.0
1506609,Santa Maria do Pará,PA,Norte,25,14,0.56,0.4887625893263975,1.0
1506708,Santana do Araguaia,PA,Norte,60,25,0.4166666666666667,0.5232294145351655,1.0
1506807,Santarém,PA,Norte,404,199,0.49257425742574257,0.48267163017925974,1.0
1506906,Santarém Novo,PA,Norte,4,0,0.0,0.511809990826035,1.0
1507003,Santo Antônio do Tauá,PA,Norte,33,21,0.6363636363636364,0.5119727937927564,1.0
1507102,São Caetano de Odivelas,PA,Norte,14,6,0.42857142857142855,0.5513536995610286,1.0
1507151,São Domingos do Araguaia,PA,Norte,26,16,0.6153846153846154,0.5172753934744181,1.0
1507201,São Domingos do Capim,PA,Norte,13,8,0.6153846153846154,0.5208084774698806,1.0
1507300,São Félix do Xingu,PA,Norte,77,52,0.6753246753246753,0.5687253286035305,1.0
1507409,São Francisco do Pará,PA,Norte,4,3,0.75,0.5038949722273345,1.0
1507458,São Geraldo do Araguaia,PA,Norte,32,16,0.5,0.49870065804525743,1.0
1507466,São João da Ponta,PA,Norte,3,2,0.6666666666666666,0.577236422739617,1.0
1507474,São João de Pirabas,PA,Norte,22,14,0.6363636363636364,0.5401156939702634,1.0
1507508,São João do Araguaia,PA,Norte,10,7,0.7,0.5068527048786247,1.0
1507607,São Miguel do Guamá,PA,Norte,71,36,0.5070422535211268,0.5167361353500713,1.0
1507706,São Sebastião da Boa Vista,PA,Norte,38,18,0.47368421052631576,0.5420864571180192,1.0
1507755,Sapucaia,PA,Norte,11,3,0.2727272727272727,0.47903023990390464,1.0
1507805,Senador José Porfírio,PA,Norte,36,25,0.6944444444444444,0.5466315387418852,1.0
1507904,Soure,PA,Norte,37,13,0.35135135135135137,0.5292181554275521,1.0
1507953,Tailândia,PA,Norte,97,50,0.5154639175257731,0.5719901933530462,1.0
1507961,Terra Alta,PA,Norte,6,2,0.3333333333333333,0.5435016193201903,1.0
1507979,Terra Santa,PA,Norte,25,12,0.48,0.5347943660798427,1.0
1508001,Tomé-Açu,PA,Norte,116,66,0.5689655172413793,0.5270088567484564,1.0
1508035,Tracuateua,PA,Norte,21,13,0.6190476190476191,0.5517720593182872,1.0
1508050,Trairão,PA,Norte,28,13,0.4642857142857143,0.535674176375676,1.0
1508084,Tucumã,PA,Norte,51,21,0.4117647058823529,0.4918150570158686,1.0
1508100,Tucuruí,PA,Norte,108,63,0.5833333333333334,0.5085188619418782,1.0
1508126,Ulianópolis,PA,Norte,37,12,0.32432432432432434,0.5341631434979747,1.0
1508159,Uruará,PA,Norte,49,22,0.4489795918367347,0.5340361832766168,1.0
1508209,Vigia,PA,Norte,40,20,0.5,0.5402753662719681,1.0
1508308,Viseu,PA,Norte,71,48,0.676056338028169,0.5541569957464316,1.0
1508357,Vitória do Xingu,PA,Norte,21,4,0.19047619047619047,0.5173588227299657,1.0
1508407,Xinguara,PA,Norte,58,32,0.5517241379310345,0.5050970098817906,1.0
1600055,Serra do Navio,AP,Norte,1,0,0.0,0.5560190061903398,1.0
1600105,Amapá,AP,Norte,9,9,1.0,0.6194171691104824,1.0
1600154,Pedra Branca do Amapari,AP,Norte,15,9,0.6,0.5973746527003121,1.0
1600204,Calçoene,AP,Norte,18,12,0.6666666666666666,0.616776155410532,1.0
1600212,Cutias,AP,Norte,8,6,0.75,0.5960007316648464,1.0
1600238,Ferreira Gomes,AP,Norte,19,4,0.21052631578947367,0.5787128239921249,1.0
1600253,Itaubal,AP,Norte,13,7,0.5384615384615384,0.6178067353616261,1.0
1600279,Laranjal do Jari,AP,Norte,46,33,0.717391304347826,0.5935358220687204,1.0
1600303,Macapá,AP,Norte,665,372,0.5593984962406015,0.5750337263108816,1.0
1600402,Mazagão,AP,Norte,27,19,0.7037037037037037,0.5920622163618188,1.0
1600501,Oiapoque,AP,Norte,42,33,0.7857142857142857,0.6456683519211674,1.0
1600535,Porto Grande,AP,Norte,34,14,0.4117647058823529,0.6040072044450497,1.0
1600550,Pracuúba,AP,Norte,7,5,0.7142857142857143,0.649005522836719,1.0
1600600,Santana,AP,Norte,174,86,0.4942528735632184,0.5687387634620295,1.0
1600709,Tartarugalzinho,AP,Norte,27,2,0.07407407407407407,0.6129035691971345,1.0
1600808,Vitória do Jari,AP,Norte,18,15,0.8333333333333334,0.6071105014838227,1.0
1700251,Abreulândia,TO,Norte,3,1,0.3333333333333333,0.5859854438705631,1.0
1700301,Aguiarnópolis,TO,Norte,8,7,0.875,0.5830398760426849,1.0
1700350,Aliança do Tocantins,TO,Norte,7,1,0.14285714285714285,0.5885318168308364,1.0
1700400,Almas,TO,Norte,7,1,0.14285714285714285,0.5543812449564455,1.0
1700707,Alvorada,TO,Norte,9,1,0.1111111111111111,0.5830467813070881,1.0
1701002,Ananás,TO,Norte,16,6,0.375,0.553556457959674,1.0
1701051,Angico,TO,Norte,4,2,0.5,0.5734706258632134,1.0
1701101,Aparecida do Rio Negro,TO,Norte,5,2,0.4,0.5808444082951059,1.0
1701309,Aragominas,TO,Norte,4,2,0.5,0.5842398704871744,1.0
1701903,Araguacema,TO,Norte,11,4,0.36363636363636365,0.5940662957977444,1.0
1702000,Araguaçu,TO,Norte,4,3,0.75,0.5832788774625113,1.0
1702109,Araguaína,TO,Norte,187,101,0.5401069518716578,0.5727021007788585,1.0
1702158,Araguanã,TO,Norte,7,4,0.5714285714285714,0.6124232902181505,1.0
1702208,Araguatins,TO,Norte,35,16,0.45714285714285713,0.5888907024812272,1.0
1702307,Arapoema,TO,Norte,8,4,0.5,0.5575686072828148,1.0
1702406,Arraias,TO,Norte,10,4,0.4,0.5433016926490222,1.0
1702554,Augustinópolis,TO,Norte,16,9,0.5625,0.5327049867812124,1.0
1702703,Aurora do Tocantins,TO,Norte,1,0,0.0,0.5347931095160349,1.0
1702901,Axixá do Tocantins,TO,Norte,16,10,0.625,0.5620914337898315,1.0
1703008,Babaçulândia,TO,Norte,7,6,0.8571428571428571,0.548805513917796,1.0
1703057,Bandeirantes do Tocantins,TO,Norte,2,1,0.5,0.5710943861299299,1.0
1703073,Barra do Ouro,TO,Norte,6,5,0.8333333333333334,0.5654970450770049,1.0
1703107,Barrolândia,TO,Norte,6,4,0.6666666666666666,0.582375898288394,1.0
1703206,Bernardo Sayão,TO,Norte,9,1,0.1111111111111111,0.5820226914031233,1.0
1703305,Bom Jesus do Tocantins,TO,Norte,5,2,0.4,0.5876644734875656,1.0
1703602,Brasilândia do Tocantins,TO,Norte,3,1,0.3333333333333333,0.5607650078784445,1.0
1703701,Brejinho de Nazaré,TO,Norte,9,1,0.1111111111111111,0.555129228367528,1.0
1703800,Buriti do Tocantins,TO,Norte,12,5,0.4166666666666667,0.5759857666269084,1.0
1703842,Campos Lindos,TO,Norte,19,12,0.631578947368421,0.6453611503726708,1.0
1703867,Cariri do Tocantins,TO,Norte,6,3,0.5,0.5901396737478002,1.0
1703883,Carmolândia,TO,Norte,4,4,1.0,0.5765385716544906,1.0
1703891,Carrasco Bonito,TO,Norte,3,2,0.6666666666666666,0.539021303239221,1.0
1703909,Caseara,TO,Norte,6,4,0.6666666666666666,0.6009468098220605,1.0
1704105,Centenário,TO,Norte,4,1,0.25,0.5691674493386436,1.0
1704600,Chapada de Areia,TO,Norte,1,1,1.0,0.5913579059269081,1.0
1705102,Chapada da Natividade,TO,Norte,5,3,0.6,0.5724214112242941,1.0
1705508,Colinas do Tocantins,TO,Norte,49,26,0.5306122448979592,0.5875595315549609,1.0
1705557,Combinado,TO,Norte,4,2,0.5,0.5309184521675583,1.0
1705607,Conceição do Tocantins,TO,Norte,4,2,0.5,0.5785277292678539,1.0
1706001,Couto Magalhães,TO,Norte,9,2,0.2222222222222222,0.6161507546253782,1.0
1706100,Cristalândia,TO,Norte,6,3,0.5,0.6000951895444748,1.0
1706258,Crixás do Tocantins,TO,Norte,1,0,0.0,0.6289292809989888,1.0
1706506,Darcinópolis,TO,Norte,11,6,0.5454545454545454,0.6119661221910573,1.0
1707009,Dianópolis,TO,Norte,25,8,0.32,0.578297695392842,1.0
1707108,Divinópolis do Tocantins,TO,Norte,6,4,0.6666666666666666,0.5694572845192818,1.0
1707207,Dois Irmãos do Tocantins,TO,Norte,8,4,0.5,0.6181942874932238,1.0
1707306,Dueré,TO,Norte,4,1,0.25,0.5938464027784874,1.0
1707405,Esperantina,TO,Norte,8,4,0.5,0.6271668536279471,1.0
1707553,Fátima,TO,Norte,2,2,1.0,0.5569240904674948,1.0
1707652,Figueirópolis,TO,Norte,3,3,1.0,0.5596436321117488,1.0
1707702,Filadélfia,TO,Norte,6,5,0.8333333333333334,0.5818313334444278,1.0
1708205,Formoso do Araguaia,TO,Norte,13,10,0.7692307692307693,0.5965213306488055,1.0
1708254,Fortaleza do Tabocão,TO,Norte,10,3,0.3,0.5598094525733368,1.0
1708304,Goianorte,TO,Norte,9,6,0.6666666666666666,0.6116466985484386,1.0
1709005,Goiatins,TO,Norte,8,5,0.625,0.5707465560400262,1.0
1709302,Guaraí,TO,Norte,24,13,0.5416666666666666,0.5618848023044591,1.0
1709500,Gurupi,TO,Norte,73,40,0.547945205479452,0.5855719484865662,1.0
1709807,Ipueiras,TO,Norte,2,2,1.0,0.602841931397849,1.0
1710508,Itacajá,TO,Norte,1,1,1.0,0.5974900985660875,1.0
1710706,Itaguatins,TO,Norte,1,1,1.0,0.5544634149928073,1.0
1710904,Itapiratins,TO,Norte,4,0,0.0,0.5920998230836162,1.0
1711100,Itaporã do Tocantins,TO,Norte,3,3,1.0,0.5806831861429397,1.0
1711506,Jaú do Tocantins,TO,Norte,3,2,0.6666666666666666,0.607375902034498,1.0
1711803,Juarina,TO,Norte,6,4,0.6666666666666666,0.6384506142502562,1.0
1711902,Lagoa da Confusão,TO,Norte,20,15,0.75,0.6339779277507582,1.0
1711951,Lagoa do Tocantins,TO,Norte,5,4,0.8,0.5900454231198992,1.0
1712009,Lajeado,TO,Norte,6,3,0.5,0.6219275818029002,1.0
1712157,Lavandeira,TO,Norte,3,0,0.0,0.5109010488915005,1.0
1712454,Luzinópolis,TO,Norte,1,1,1.0,0.5664766731846935,1.0
1712504,Marianópolis do Tocantins,TO,Norte,5,3,0.6,0.5981549646783724,1.0
1712702,Mateiros,TO,Norte,3,3,1.0,0.5352669937341352,1.0
1712801,Maurilândia do Tocantins,TO,Norte,4,3,0.75,0.588310428723937,1.0
1713205,Miracema do Tocantins,TO,Norte,10,0,0.0,0.5987340550339224,1.0
1713304,Miranorte,TO,Norte,13,4,0.3076923076923077,0.5896228657375562,1.0
1713601,Monte do Carmo,TO,Norte,8,5,0.625,0.5930672109470259,1.0
1713700,Monte Santo do Tocantins,TO,Norte,5,1,0.2,0.5992195225188907,1.0
1713809,Palmeiras do Tocantins,TO,Norte,11,7,0.6363636363636364,0.595738240873559,1.0
1713957,Muricilândia,TO,Norte,5,3,0.6,0.5740182797764044,1.0
1714203,Natividade,TO,Norte,13,9,0.6923076923076923,0.5447112201393074,1.0
1714302,Nazaré,TO,Norte,9,5,0.5555555555555556,0.5579020459752403,1.0
1714880,Nova Olinda,TO,Norte,17,8,0.47058823529411764,0.595710463652684,1.0
1715002,Nova Rosalândia,TO,Norte,4,1,0.25,0.5874726292999688,1.0
1715101,Novo Acordo,TO,Norte,6,3,0.5,0.5981600294526556,1.0
1715150,Novo Alegre,TO,Norte,4,1,0.25,0.5480239308835526,1.0
1715259,Novo Jardim,TO,Norte,2,2,1.0,0.5905413403079267,1.0
1715507,Oliveira de Fátima,TO,Norte,3,2,0.6666666666666666,0.5576319740127378,1.0
1715705,Palmeirante,TO,Norte,4,0,0.0,0.6123005806185475,1.0
1715754,Palmeirópolis,TO,Norte,14,4,0.2857142857142857,0.5873599811429828,1.0
1716109,Paraíso do Tocantins,TO,Norte,71,28,0.39436619718309857,0.586962734969003,1.0
1716208,Paranã,TO,Norte,10,2,0.2,0.5518792612860219,1.0
1716307,Pau D'Arco,TO,Norte,3,3,1.0,0.5563500904462821,1.0
1716505,Pedro Afonso,TO,Norte,17,9,0.5294117647058824,0.5655287905742468,1.0
1716604,Peixe,TO,Norte,9,6,0.6666666666666666,0.5802533604133984,1.0
1716653,Pequizeiro,TO,Norte,6,3,0.5,0.5856576467667725,1.0
1716703,Colméia,TO,Norte,5,2,0.4,0.5522793753730301,1.0
1717008,Pindorama do Tocantins,TO,Norte,6,5,0.8333333333333334,0.6247663106133589,1.0
1717206,Piraquê,TO,Norte,2,1,0.5,0.5746583781432681,1.0
1717503,Pium,TO,Norte,7,4,0.5714285714285714,0.5742963459552748,1.0
1717800,Ponte Alta do Bom Jesus,TO,Norte,2,0,0.0,0.5492550037308439,1.0
1717909,Ponte Alta do Tocantins,TO,Norte,11,9,0.8181818181818182,0.5884329709188185,1.0
1718006,Porto Alegre do Tocantins,TO,Norte,9,6,0.6666666666666666,0.5422258978426295,1.0
1718204,Porto Nacional,TO,Norte,69,39,0.5652173913043478,0.5642972346379427,1.0
1718303,Praia Norte,TO,Norte,5,4,0.8,0.5671294145041819,1.0
1718402,Presidente Kennedy,TO,Norte,4,1,0.25,0.5642289280494912,1.0
1718451,Pugmil,TO,Norte,4,2,0.5,0.5908437115811779,1.0
1718501,Recursolândia,TO,Norte,7,4,0.5714285714285714,0.600674240635725,1.0
1718550,Riachinho,TO,Norte,3,2,0.6666666666666666,0.5940181101457556,1.0
1718659,Rio da Conceição,TO,Norte,4,3,0.75,0.6120090562748015,1.0
1718709,Rio dos Bois,TO,Norte,4,3,0.75,0.5785439072910621,1.0
1718758,Rio Sono,TO,Norte,9,5,0.5555555555555556,0.5875842048229354,1.0
1718808,Sampaio,TO,Norte,5,3,0.6,0.5749968556651655,1.0
1718840,Sandolândia,TO,Norte,5,3,0.6,0.5590449423478459,1.0
1718865,Santa Fé do Araguaia,TO,Norte,9,7,0.7777777777777778,0.5935855552814542,1.0
1718881,Santa Maria do Tocantins,TO,Norte,3,0,0.0,0.576956967710986,1.0
1718899,Santa Rita do Tocantins,TO,Norte,3,1,0.3333333333333333,0.5999564549423093,1.0
1718907,Santa Rosa do Tocantins,TO,Norte,5,3,0.6,0.6081895661225942,1.0
1719004,Santa Tereza do Tocantins,TO,Norte,3,3,1.0,0.5891240021353477,1.0
1720002,Santa Terezinha do Tocantins,TO,Norte,4,3,0.75,0.5509138042043932,1.0
1720101,São Bento do Tocantins,TO,Norte,10,5,0.5,0.6214061782278395,1.0
1720150,São Félix do Tocantins,TO,Norte,1,0,0.0,0.5936295595517793,1.0
1720200,São Miguel do Tocantins,TO,Norte,16,12,0.75,0.5672184228851573,1.0
1720259,São Salvador do Tocantins,TO,Norte,9,4,0.4444444444444444,0.6019714834914607,1.0
1720309,São Sebastião do Tocantins,TO,Norte,4,2,0.5,0.5692861123043825,1.0
1720499,São Valério,TO,Norte,4,2,0.5,0.5685008743947726,1.0
1720655,Silvanópolis,TO,Norte,7,4,0.5714285714285714,0.56709843112643,1.0
1720804,Sítio Novo do Tocantins,TO,Norte,18,11,0.6111111111111112,0.5666812582067939,1.0
1720853,Sucupira,TO,Norte,1,0,0.0,0.5861135688031267,1.0
1720903,Taguatinga,TO,Norte,17,11,0.6470588235294118,0.5645097905860489,1.0
1720937,Taipas do Tocantins,TO,Norte,5,3,0.6,0.5322919008499194,1.0
1720978,Talismã,TO,Norte,3,1,0.3333333333333333,0.5825781168071862,1.0
1721000,Palmas,TO,Norte,299,117,0.391304347826087,0.5989480104346961,1.0
1721109,Tocantínia,TO,Norte,8,4,0.5,0.587140526390191,1.0
1721208,Tocantinópolis,TO,Norte,21,12,0.5714285714285714,0.5652314005035972,1.0
1721257,Tupirama,TO,Norte,2,1,0.5,0.5638882932485202,1.0
1721307,Tupiratins,TO,Norte,1,0,0.0,0.6513144863281543,1.0
1722081,Wanderlândia,TO,Norte,12,6,0.5,0.5781310602732708,1.0
1722107,Xambioá,TO,Norte,12,7,0.5833333333333334,0.5685334833519985,1.0
2100055,Açailândia,MA,Nordeste,110,33,0.3,0.4146812760131704,1.0
2100105,Afonso Cunha,MA,Nordeste,6,0,0.0,0.3816653155428573,1.0
2100154,Água Doce do Maranhão,MA,Nordeste,10,2,0.2,0.43369946801900133,1.0
2100204,Alcântara,MA,Nordeste,10,5,0.5,0.4633460990460373,1.0
2100303,Aldeias Altas,MA,Nordeste,24,14,0.5833333333333334,0.4119866553834302,1.0
2100402,Altamira do Maranhão,MA,Nordeste,8,3,0.375,0.4333630268789721,1.0
2100436,Alto Alegre do Maranhão,MA,Nordeste,20,9,0.45,0.42725458823206786,1.0
2100477,Alto Alegre do Pindaré,MA,Nordeste,27,16,0.5925925925925926,0.4064604711774774,1.0
2100501,Alto Parnaíba,MA,Nordeste,10,2,0.2,0.423281709055087,1.0
2100550,Amapá do Maranhão,MA,Nordeste,5,2,0.4,0.46890489749466957,1.0
2100600,Amarante do Maranhão,MA,Nordeste,28,18,0.6428571428571429,0.44274885015297594,1.0
2100709,Anajatuba,MA,Nordeste,10,5,0.5,0.4177887166579134,1.0
2100808,Anapurus,MA,Nordeste,11,8,0.7272727272727273,0.4045632882694394,1.0
2100832,Apicum-Açu,MA,Nordeste,19,10,0.5263157894736842,0.5181317789382082,1.0
2100873,Araguanã,MA,Nordeste,15,2,0.13333333333333333,0.4762802617933638,1.0
2100907,Araioses,MA,Nordeste,25,20,0.8,0.40780721552606225,1.0
2100956,Arame,MA,Nordeste,7,3,0.42857142857142855,0.43686683339908416,1.0
2101004,Arari,MA,Nordeste,30,11,0.36666666666666664,0.4153547776810265,1.0
2101103,Axixá,MA,Nordeste,18,8,0.4444444444444444,0.427841265015919,1.0
2101202,Bacabal,MA,Nordeste,101,43,0.42574257425742573,0.3997667499868796,1.0
2101251,Bacabeira,MA,Nordeste,19,10,0.5263157894736842,0.43533912716268486,1.0
2101301,Bacuri,MA,Nordeste,25,13,0.52,0.4786841092784432,1.0
2101350,Bacurituba,MA,Nordeste,3,0,0.0,0.48156959737088184,1.0
2101400,Balsas,MA,Nordeste,122,79,0.6475409836065574,0.44141098384007826,1.0
2101509,Barão de Grajaú,MA,Nordeste,13,10,0.7692307692307693,0.4184162068992773,1.0
2101608,Barra do Corda,MA,Nordeste,85,32,0.3764705882352941,0.39651987484596934,1.0
2101707,Barreirinhas,MA,Nordeste,81,19,0.2345679012345679,0.46564080492278104,1.0
2101731,Belágua,MA,Nordeste,11,3,0.2727272727272727,0.4008798041802843,1.0
2101772,Bela Vista do Maranhão,MA,Nordeste,26,7,0.2692307692307692,0.4533418310981535,1.0
2101806,Benedito Leite,MA,Nordeste,6,3,0.5,0.4148608186682241,1.0
2101905,Bequimão,MA,Nordeste,6,2,0.3333333333333333,0.4531037200730077,1.0
2101939,Bernardo do Mearim,MA,Nordeste,2,0,0.0,0.3923039336024263,1.0
2101970,Boa Vista do Gurupi,MA,Nordeste,9,4,0.4444444444444444,0.5110243225694044,1.0
2102002,Bom Jardim,MA,Nordeste,40,12,0.3,0.4301582345832193,1.0
2102036,Bom Jesus das Selvas,MA,Nordeste,41,16,0.3902439024390244,0.4479025071768294,1.0
2102077,Bom Lugar,MA,Nordeste,12,3,0.25,0.4157877291922271,1.0
2102101,Brejo,MA,Nordeste,31,13,0.41935483870967744,0.3904448767161713,1.0
2102150,Brejo de Areia,MA,Nordeste,5,3,0.6,0.4196719406075141,1.0
2102200,Buriti,MA,Nordeste,21,13,0.6190476190476191,0.3983407171985703,1.0
2102309,Buriti Bravo,MA,Nordeste,19,7,0.3684210526315789,0.3809415029006127,1.0
2102325,Buriticupu,MA,Nordeste,84,47,0.5595238095238095,0.464968777284058,1.0
2102358,Buritirana,MA,Nordeste,14,4,0.2857142857142857,0.44768920086005803,1.0
2102374,Cachoeira Grande,MA,Nordeste,9,4,0.4444444444444444,0.4153481632599827,1.0
2102408,Cajapió,MA,Nordeste,3,2,0.6666666666666666,0.4503664860064663,1.0
2102507,Cajari,MA,Nordeste,5,3,0.6,0.5170898590157158,1.0
2102556,Campestre do Maranhão,MA,Nordeste,21,8,0.38095238095238093,0.4178039341540021,1.0
2102606,Cândido Mendes,MA,Nordeste,27,16,0.5925925925925926,0.5055665279599493,1.0
2102705,Cantanhede,MA,Nordeste,19,8,0.42105263157894735,0.42317257615513293,1.0
2102754,Capinzal do Norte,MA,Nordeste,9,4,0.4444444444444444,0.4160971578843822,1.0
2102804,Carolina,MA,Nordeste,35,15,0.42857142857142855,0.4448357268511076,1.0
2102903,Carutapera,MA,Nordeste,31,14,0.45161290322580644,0.5064492055993308,1.0
2103000,Caxias,MA,Nordeste,122,53,0.4344262295081967,0.38733844550346097,1.0
2103109,Cedral,MA,Nordeste,13,2,0.15384615384615385,0.46319140996517927,1.0
2103125,Central do Maranhão,MA,Nordeste,7,2,0.2857142857142857,0.45271668279659255,1.0
2103158,Centro do Guilherme,MA,Nordeste,12,2,0.16666666666666666,0.4763699240663308,1.0
2103174,Centro Novo do Maranhão,MA,Nordeste,16,9,0.5625,0.5110568066111113,1.0
2103208,Chapadinha,MA,Nordeste,58,32,0.5517241379310345,0.40851174385407163,1.0
2103257,Cidelândia,MA,Nordeste,19,2,0.10526315789473684,0.4390094407827016,1.0
2103307,Codó,MA,Nordeste,119,52,0.4369747899159664,0.3869747945891282,1.0
2103406,Coelho Neto,MA,Nordeste,50,15,0.3,0.44795978194809083,1.0
2103505,Colinas,MA,Nordeste,30,12,0.4,0.3876873878320596,1.0
2103554,Conceição do Lago-Açu,MA,Nordeste,25,10,0.4,0.427571916165989,1.0
2103604,Coroatá,MA,Nordeste,61,27,0.4426229508196721,0.39033188538157615,1.0
2103703,Cururupu,MA,Nordeste,31,11,0.3548387096774194,0.4823914267086131,1.0
2103752,Davinópolis,MA,Nordeste,17,5,0.29411764705882354,0.42869445016735475,1.0
2103802,Dom Pedro,MA,Nordeste,23,14,0.6086956521739131,0.40784728292511274,1.0
2103901,Duque Bacelar,MA,Nordeste,22,4,0.18181818181818182,0.39284683608976323,1.0
2104008,Esperantinópolis,MA,Nordeste,21,3,0.14285714285714285,0.3903507211059215,1.0
2104057,Estreito,MA,Nordeste,46,20,0.43478260869565216,0.4420785220290865,1.0
2104073,Feira Nova do Maranhão,MA,Nordeste,13,8,0.6153846153846154,0.49317069378714884,1.0
2104081,Fernando Falcão,MA,Nordeste,7,2,0.2857142857142857,0.4286793810612952,1.0
2104099,Formosa da Serra Negra,MA,Nordeste,26,4,0.15384615384615385,0.4691991168777784,1.0
2104107,Fortaleza dos Nogueiras,MA,Nordeste,17,6,0.35294117647058826,0.46083586721278136,1.0
2104206,Fortuna,MA,Nordeste,29,10,0.3448275862068966,0.4016320606817342,1.0
2104305,Godofredo Viana,MA,Nordeste,11,1,0.09090909090909091,0.4826555662573089,1.0
2104404,Gonçalves Dias,MA,Nordeste,15,7,0.4666666666666667,0.37849098908260836,1.0
2104503,Governador Archer,MA,Nordeste,7,0,0.0,0.4100794156864899,1.0
2104552,Governador Edison Lobão,MA,Nordeste,29,9,0.3103448275862069,0.44141110998796607,1.0
2104602,Governador Eugênio Barros,MA,Nordeste,17,9,0.5294117647058824,0.3917487105580221,1.0
2104628,Governador Luiz Rocha,MA,Nordeste,11,0,0.0,0.42435664907909787,1.0
2104651,Governador Newton Bello,MA,Nordeste,5,2,0.4,0.426448595518477,1.0
2104677,Governador Nunes Freire,MA,Nordeste,32,14,0.4375,0.4729897158977314,1.0
2104701,Graça Aranha,MA,Nordeste,8,3,0.375,0.4115163142856456,1.0
2104800,Grajaú,MA,Nordeste,91,48,0.5274725274725275,0.43839603006091354,1.0
2104909,Guimarães,MA,Nordeste,16,1,0.0625,0.45848131215253596,1.0
2105005,Humberto de Campos,MA,Nordeste,26,13,0.5,0.4936225476262506,1.0
2105104,Icatu,MA,Nordeste,22,5,0.22727272727272727,0.4960852779365057,1.0
2105153,Igarapé do Meio,MA,Nordeste,16,5,0.3125,0.4318431982622144,1.0
2105203,Igarapé Grande,MA,Nordeste,6,0,0.0,0.38252090763058905,1.0
2105302,Imperatriz,MA,Nordeste,286,121,0.4230769230769231,0.41450355703423714,1.0
2105351,Itaipava do Grajaú,MA,Nordeste,18,6,0.3333333333333333,0.4335970927595443,1.0
2105401,Itapecuru Mirim,MA,Nordeste,85,37,0.43529411764705883,0.40243803705884734,1.0
2105427,Itinga do Maranhão,MA,Nordeste,25,6,0.24,0.4170516227534581,1.0
2105450,Jatobá,MA,Nordeste,12,5,0.4166666666666667,0.4086401249138354,1.0
2105476,Jenipapo dos Vieiras,MA,Nordeste,5,1,0.2,0.4313068187019157,1.0
2105500,João Lisboa,MA,Nordeste,20,11,0.55,0.4173065262420472,1.0
2105609,Joselândia,MA,Nordeste,12,5,0.4166666666666667,0.405400066453175,1.0
2105658,Junco do Maranhão,MA,Nordeste,7,3,0.42857142857142855,0.46109375925334106,1.0
2105708,Lago da Pedra,MA,Nordeste,44,8,0.18181818181818182,0.40336749021310925,1.0
2105807,Lago do Junco,MA,Nordeste,6,1,0.16666666666666666,0.3910131947424689,1.0
2105906,Lago Verde,MA,Nordeste,17,4,0.23529411764705882,0.4121182488150399,1.0
2105922,Lagoa do Mato,MA,Nordeste,7,2,0.2857142857142857,0.384379667852202,1.0
2105948,Lago dos Rodrigues,MA,Nordeste,3,0,0.0,0.3959095843067851,1.0
2105963,Lagoa Grande do Maranhão,MA,Nordeste,6,0,0.0,0.44853853031559715,1.0
2105989,Lajeado Novo,MA,Nordeste,7,4,0.5714285714285714,0.45239215020522117,1.0
2106003,Lima Campos,MA,Nordeste,15,1,0.06666666666666667,0.3952921153421114,1.0
2106102,Loreto,MA,Nordeste,15,6,0.4,0.42508748477042474,1.0
2106201,Luís Domingues,MA,Nordeste,7,2,0.2857142857142857,0.4729856025746376,1.0
2106300,Magalhães de Almeida,MA,Nordeste,13,3,0.23076923076923078,0.395945556207873,1.0
2106326,Maracaçumé,MA,Nordeste,44,28,0.6363636363636364,0.4457254161767223,1.0
2106359,Marajá do Sena,MA,Nordeste,6,4,0.6666666666666666,0.4096940944405454,1.0
2106375,Maranhãozinho,MA,Nordeste,12,0,0.0,0.4586701758904441,1.0
2106409,Mata Roma,MA,Nordeste,28,6,0.21428571428571427,0.4081184298859365,1.0
2106508,Matinha,MA,Nordeste,22,10,0.45454545454545453,0.47196283505683245,1.0
2106607,Matões,MA,Nordeste,32,26,0.8125,0.39557816827807946,1.0
2106631,Matões do Norte,MA,Nordeste,6,2,0.3333333333333333,0.39131588662781747,1.0
2106672,Milagres do Maranhão,MA,Nordeste,3,0,0.0,0.38287112624436737,1.0
2106706,Mirador,MA,Nordeste,21,10,0.47619047619047616,0.38946210015342675,1.0
2106755,Miranda do Norte,MA,Nordeste,21,13,0.6190476190476191,0.452336312218505,1.0
2106805,Mirinzal,MA,Nordeste,20,5,0.25,0.4745403026643986,1.0
2106904,Monção,MA,Nordeste,28,16,0.5714285714285714,0.46015592774539626,1.0
2107001,Montes Altos,MA,Nordeste,14,6,0.42857142857142855,0.4780573502505582,1.0
2107100,Morros,MA,Nordeste,25,14,0.56,0.4243442994502441,1.0
2107209,Nina Rodrigues,MA,Nordeste,13,7,0.5384615384615384,0.39586896677498606,1.0
2107258,Nova Colinas,MA,Nordeste,6,2,0.3333333333333333,0.45084915766217915,1.0
2107308,Nova Iorque,MA,Nordeste,3,1,0.3333333333333333,0.37000175261995283,1.0
2107357,Nova Olinda do Maranhão,MA,Nordeste,16,4,0.25,0.44167349925187926,1.0
2107407,Olho d'Água das Cunhãs,MA,Nordeste,13,6,0.46153846153846156,0.3826123535520441,1.0
2107456,Olinda Nova do Maranhão,MA,Nordeste,6,3,0.5,0.4460168184172943,1.0
2107506,Paço do Lumiar,MA,Nordeste,148,65,0.4391891891891892,0.4273233831556976,1.0
2107605,Palmeirândia,MA,Nordeste,6,4,0.6666666666666666,0.45705456081375145,1.0
2107704,Paraibano,MA,Nordeste,31,6,0.1935483870967742,0.37597521107341203,1.0
2107803,Parnarama,MA,Nordeste,33,14,0.42424242424242425,0.4003861091096671,1.0
2107902,Passagem Franca,MA,Nordeste,18,8,0.4444444444444444,0.4021842632087611,1.0
2108009,Pastos Bons,MA,Nordeste,24,7,0.2916666666666667,0.41281091878715764,1.0
2108058,Paulino Neves,MA,Nordeste,14,4,0.2857142857142857,0.4204131304396294,1.0
2108108,Paulo Ramos,MA,Nordeste,19,1,0.05263157894736842,0.39899343066999904,1.0
2108207,Pedreiras,MA,Nordeste,28,9,0.32142857142857145,0.38567633750020125,1.0
2108256,Pedro do Rosário,MA,Nordeste,8,3,0.375,0.5120415701479488,1.0
2108306,Penalva,MA,Nordeste,46,17,0.3695652173913043,0.5019313594462513,1.0
2108405,Peri Mirim,MA,Nordeste,10,3,0.3,0.45659167819334384,1.0
2108454,Peritoró,MA,Nordeste,30,12,0.4,0.36398401743462167,1.0
2108504,Pindaré-Mirim,MA,Nordeste,49,24,0.4897959183673469,0.42061558262989673,1.0
2108603,Pinheiro,MA,Nordeste,53,35,0.660377358490566,0.4435197389735827,1.0
2108702,Pio XII,MA,Nordeste,21,8,0.38095238095238093,0.42381972989451855,1.0
2108801,Pirapemas,MA,Nordeste,6,5,0.8333333333333334,0.4013857532185383,1.0
2108900,Poção de Pedras,MA,Nordeste,6,1,0.16666666666666666,0.399971303936705,1.0
2109007,Porto Franco,MA,Nordeste,35,12,0.34285714285714286,0.4157352826054722,1.0
2109056,Porto Rico do Maranhão,MA,Nordeste,6,3,0.5,0.46433772119711114,1.0
2109106,Presidente Dutra,MA,Nordeste,55,28,0.509090909090909,0.3925998969556318,1.0
2109205,Presidente Juscelino,MA,Nordeste,9,3,0.3333333333333333,0.3883967408217177,1.0
2109239,Presidente Médici,MA,Nordeste,6,0,0.0,0.41804578806077536,1.0
2109270,Presidente Sarney,MA,Nordeste,19,9,0.47368421052631576,0.4672527505407006,1.0
2109304,Presidente Vargas,MA,Nordeste,7,2,0.2857142857142857,0.3905223544506815,1.0
2109403,Primeira Cruz,MA,Nordeste,7,3,0.42857142857142855,0.4806780168450337,1.0
2109452,Raposa,MA,Nordeste,42,23,0.5476190476190477,0.4747503776160921,1.0
2109502,Riachão,MA,Nordeste,31,10,0.3225806451612903,0.4682209094833243,1.0
2109551,Ribamar Fiquene,MA,Nordeste,5,3,0.6,0.4337584586593134,1.0
2109601,Rosário,MA,Nordeste,23,11,0.4782608695652174,0.4491009516529877,1.0
2109700,Sambaíba,MA,Nordeste,6,0,0.0,0.4486398675382286,1.0
2109759,Santa Filomena do Maranhão,MA,Nordeste,7,5,0.7142857142857143,0.4171963076281572,1.0
2109809,Santa Helena,MA,Nordeste,20,4,0.2,0.47655824208357866,1.0
2109908,Santa Inês,MA,Nordeste,77,42,0.5454545454545454,0.4073602940382908,1.0
2110005,Santa Luzia,MA,Nordeste,65,22,0.3384615384615385,0.4145178956617942,1.0
2110039,Santa Luzia do Paruá,MA,Nordeste,23,3,0.13043478260869565,0.44399415188145086,1.0
2110104,Santa Quitéria do Maranhão,MA,Nordeste,20,3,0.15,0.39593806690960764,1.0
2110203,Santa Rita,MA,Nordeste,31,11,0.3548387096774194,0.43068166543445324,1.0
2110237,Santana do Maranhão,MA,Nordeste,8,4,0.5,0.415136696433303,1.0
2110278,Santo Amaro do Maranhão,MA,Nordeste,16,7,0.4375,0.4918471953610625,1.0
2110302,Santo Antônio dos Lopes,MA,Nordeste,8,2,0.25,0.3930092388021186,1.0
2110401,São Benedito do Rio Preto,MA,Nordeste,16,9,0.5625,0.44112246000716937,1.0
2110500,São Bento,MA,Nordeste,37,10,0.2702702702702703,0.4541485811249517,1.0
2110609,São Bernardo,MA,Nordeste,34,8,0.23529411764705882,0.3782193463128143,1.0
2110658,São Domingos do Azeitão,MA,Nordeste,8,5,0.625,0.41593193973197196,1.0
2110708,São Domingos do Maranhão,MA,Nordeste,30,11,0.36666666666666664,0.41804806429600866,1.0
2110807,São Félix de Balsas,MA,Nordeste,4,2,0.5,0.3833439563239256,1.0
2110856,São Francisco do Brejão,MA,Nordeste,14,7,0.5,0.44441427363671016,1.0
2110906,São Francisco do Maranhão,MA,Nordeste,11,1,0.09090909090909091,0.3605129512070182,1.0
2111003,São João Batista,MA,Nordeste,9,4,0.4444444444444444,0.43539163003876524,1.0
2111029,São João do Carú,MA,Nordeste,15,5,0.3333333333333333,0.4485942772160334,1.0
2111052,São João do Paraíso,MA,Nordeste,6,4,0.6666666666666666,0.4157483998577762,1.0
2111078,São João do Soter,MA,Nordeste,12,4,0.3333333333333333,0.3865501316156961,1.0
2111102,São João dos Patos,MA,Nordeste,35,13,0.37142857142857144,0.4096593879482797,1.0
2111201,São José de Ribamar,MA,Nordeste,176,73,0.4147727272727273,0.43420207793128784,1.0
2111250,São José dos Basílios,MA,Nordeste,6,1,0.16666666666666666,0.3998780414118139,1.0
2111300,São Luís,MA,Nordeste,624,278,0.44551282051282054,0.42112572786381974,1.0
2111409,São Luís Gonzaga do Maranhão,MA,Nordeste,14,2,0.14285714285714285,0.3942601792206588,1.0
2111508,São Mateus do Maranhão,MA,Nordeste,35,11,0.3142857142857143,0.3868334761328083,1.0
2111532,São Pedro da Água Branca,MA,Nordeste,18,8,0.4444444444444444,0.419603252873223,1.0
2111573,São Pedro dos Crentes,MA,Nordeste,12,6,0.5,0.44096832959949833,1.0
2111607,São Raimundo das Mangabeiras,MA,Nordeste,23,3,0.13043478260869565,0.428554493844724,1.0
2111631,São Raimundo do Doca Bezerra,MA,Nordeste,4,2,0.5,0.4028693467619824,1.0
2111672,São Roberto,MA,Nordeste,3,3,1.0,0.4002176920653642,1.0
2111706,São Vicente Ferrer,MA,Nordeste,11,1,0.09090909090909091,0.4174822553052557,1.0
2111722,Satubinha,MA,Nordeste,6,0,0.0,0.480888613415863,1.0
2111748,Senador Alexandre Costa,MA,Nordeste,12,0,0.0,0.4114484364669713,1.0
2111763,Senador La Rocque,MA,Nordeste,17,7,0.4117647058823529,0.4093145054077365,1.0
2111789,Serrano do Maranhão,MA,Nordeste,7,2,0.2857142857142857,0.45540804435022897,1.0
2111805,Sítio Novo,MA,Nordeste,20,9,0.45,0.45274085944077225,1.0
2111904,Sucupira do Norte,MA,Nordeste,9,5,0.5555555555555556,0.4421364689389121,1.0
2111953,Sucupira do Riachão,MA,Nordeste,2,0,0.0,0.391337737815842,1.0
2112001,Tasso Fragoso,MA,Nordeste,8,3,0.375,0.4500039820622057,1.0
2112100,Timbiras,MA,Nordeste,26,17,0.6538461538461539,0.3936280618878094,1.0
2112209,Timon,MA,Nordeste,159,29,0.18238993710691823,0.421805169927865,1.0
2112233,Trizidela do Vale,MA,Nordeste,13,2,0.15384615384615385,0.40861653992358665,1.0
2112274,Tufilândia,MA,Nordeste,6,3,0.5,0.42133420035858626,1.0
2112308,Tuntum,MA,Nordeste,25,9,0.36,0.4048053664662985,1.0
2112407,Turiaçu,MA,Nordeste,34,10,0.29411764705882354,0.4638824201062548,1.0
2112456,Turilândia,MA,Nordeste,23,12,0.5217391304347826,0.47943991951603315,1.0
2112506,Tutóia,MA,Nordeste,67,29,0.43283582089552236,0.44095045420676404,1.0
2112605,Urbano Santos,MA,Nordeste,29,16,0.5517241379310345,0.3923344528738443,1.0
2112704,Vargem Grande,MA,Nordeste,53,1,0.018867924528301886,0.4114022710558731,1.0
2112803,Viana,MA,Nordeste,60,29,0.48333333333333334,0.46804475776644405,1.0
2112852,Vila Nova dos Martírios,MA,Nordeste,19,5,0.2631578947368421,0.4267501068772528,1.0
2112902,Vitória do Mearim,MA,Nordeste,32,16,0.5,0.4287855490385213,1.0
2113009,Vitorino Freire,MA,Nordeste,19,4,0.21052631578947367,0.4061097108224846,1.0
2114007,Zé Doca,MA,Nordeste,39,12,0.3076923076923077,0.4484074250758212,1.0
2200053,Acauã,PI,Nordeste,7,2,0.2857142857142857,0.46495553666236117,1.0
2200103,Agricolândia,PI,Nordeste,5,2,0.4,0.4680479565710467,1.0
2200202,Água Branca,PI,Nordeste,28,1,0.03571428571428571,0.46494591109571254,1.0
2200251,Alagoinha do Piauí,PI,Nordeste,7,2,0.2857142857142857,0.3861249017177065,1.0
2200277,Alegrete do Piauí,PI,Nordeste,2,1,0.5,0.42590815289308004,1.0
2200301,Alto Longá,PI,Nordeste,7,0,0.0,0.44360824807480104,1.0
2200400,Altos,PI,Nordeste,65,29,0.4461538461538462,0.468263777014597,1.0
2200459,Alvorada do Gurguéia,PI,Nordeste,8,5,0.625,0.4937131893226696,1.0
2200509,Amarante,PI,Nordeste,19,12,0.631578947368421,0.4491120394334342,1.0
2200608,Angical do Piauí,PI,Nordeste,8,0,0.0,0.465111746076314,1.0
2200707,Anísio de Abreu,PI,Nordeste,12,4,0.3333333333333333,0.4442870042032639,1.0
2200806,Antônio Almeida,PI,Nordeste,1,0,0.0,0.46850643669671177,1.0
2200905,Aroazes,PI,Nordeste,2,2,1.0,0.4490991567254653,1.0
2200954,Aroeiras do Itaim,PI,Nordeste,2,1,0.5,0.43763548308553046,1.0
2201002,Arraial,PI,Nordeste,3,0,0.0,0.44565770594226056,1.0
2201051,Assunção do Piauí,PI,Nordeste,3,0,0.0,0.46402001658251235,1.0
2201101,Avelino Lopes,PI,Nordeste,10,5,0.5,0.5288970422703492,1.0
2201150,Baixa Grande do Ribeiro,PI,Nordeste,14,3,0.21428571428571427,0.5380811744047349,1.0
2201176,Barra D'Alcântara,PI,Nordeste,3,0,0.0,0.45740905986297875,1.0
2201200,Barras,PI,Nordeste,47,15,0.3191489361702128,0.42685852255688744,1.0
2201309,Barreiras do Piauí,PI,Nordeste,2,0,0.0,0.5450193891526037,1.0
2201408,Barro Duro,PI,Nordeste,1,1,1.0,0.448334537132672,1.0
2201507,Batalha,PI,Nordeste,27,17,0.6296296296296297,0.4483225788166133,1.0
2201556,Bela Vista do Piauí,PI,Nordeste,7,1,0.14285714285714285,0.5087995202832132,1.0
2201572,Belém do Piauí,PI,Nordeste,1,0,0.0,0.42464004119516185,1.0
2201606,Beneditinos,PI,Nordeste,10,2,0.2,0.4612490158732315,1.0
2201705,Bertolínia,PI,Nordeste,8,5,0.625,0.4766864536272921,1.0
2201739,Betânia do Piauí,PI,Nordeste,8,1,0.125,0.45388581356296176,1.0
2201770,Boa Hora,PI,Nordeste,5,4,0.8,0.4166407051467308,1.0
2201804,Bocaina,PI,Nordeste,2,1,0.5,0.47861089189613804,1.0
2201903,Bom Jesus,PI,Nordeste,29,0,0.0,0.48271434734986685,1.0
2201919,Bom Princípio do Piauí,PI,Nordeste,3,0,0.0,0.4718873028742417,1.0
2201929,Bonfim do Piauí,PI,Nordeste,7,5,0.7142857142857143,0.43366712665434254,1.0
2201945,Boqueirão do Piauí,PI,Nordeste,6,2,0.3333333333333333,0.46977187266475395,1.0
2201960,Brasileira,PI,Nordeste,8,5,0.625,0.4195327519639538,1.0
2201988,Brejo do Piauí,PI,Nordeste,4,0,0.0,0.4398084628581366,1.0
2202000,Buriti dos Lopes,PI,Nordeste,17,6,0.35294117647058826,0.4738772240539042,1.0
2202026,Buriti dos Montes,PI,Nordeste,2,0,0.0,0.44629180942203217,1.0
2202059,Cabeceiras do Piauí,PI,Nordeste,8,4,0.5,0.4270778017025709,1.0
2202075,Cajazeiras do Piauí,PI,Nordeste,1,0,0.0,0.4639164224265243,1.0
2202083,Cajueiro da Praia,PI,Nordeste,9,2,0.2222222222222222,0.5022203340705453,1.0
2202091,Caldeirão Grande do Piauí,PI,Nordeste,2,0,0.0,0.38796180668938485,1.0
2202109,Campinas do Piauí,PI,Nordeste,4,0,0.0,0.47839624548833004,1.0
2202117,Campo Alegre do Fidalgo,PI,Nordeste,1,0,0.0,0.45811586152528283,1.0
2202133,Campo Grande do Piauí,PI,Nordeste,11,0,0.0,0.41904774372169273,1.0
2202174,Campo Largo do Piauí,PI,Nordeste,6,2,0.3333333333333333,0.4360074637017881,1.0
2202208,Campo Maior,PI,Nordeste,47,18,0.3829787234042553,0.4617198041573568,1.0
2202251,Canavieira,PI,Nordeste,3,0,0.0,0.4702124262341331,1.0
2202307,Canto do Buriti,PI,Nordeste,21,14,0.6666666666666666,0.45047092698211244,1.0
2202406,Capitão de Campos,PI,Nordeste,15,7,0.4666666666666667,0.4417471299921961,1.0
2202455,Capitão Gervásio Oliveira,PI,Nordeste,2,0,0.0,0.43835362102083586,1.0
2202505,Caracol,PI,Nordeste,15,9,0.6,0.4287040541014705,1.0
2202539,Caraúbas do Piauí,PI,Nordeste,6,1,0.16666666666666666,0.4103106136846213,1.0
2202554,Caridade do Piauí,PI,Nordeste,10,1,0.1,0.4729908052845505,1.0
2202604,Castelo do Piauí,PI,Nordeste,16,5,0.3125,0.4635378166688874,1.0
2202653,Caxingó,PI,Nordeste,3,1,0.3333333333333333,0.41667888324304303,1.0
2202703,Cocal,PI,Nordeste,32,5,0.15625,0.481574550494856,1.0
2202711,Cocal de Telha,PI,Nordeste,5,4,0.8,0.46430452244235854,1.0
2202729,Cocal dos Alves,PI,Nordeste,11,1,0.09090909090909091,0.47985993801687743,1.0
2202737,Coivaras,PI,Nordeste,7,0,0.0,0.4823786792242113,1.0
2202752,Colônia do Gurguéia,PI,Nordeste,3,2,0.6666666666666666,0.480469816874942,1.0
2202778,Colônia do Piauí,PI,Nordeste,8,4,0.5,0.4287473668538302,1.0
2202802,Conceição do Canindé,PI,Nordeste,5,3,0.6,0.43199581992053276,1.0
2202851,Coronel José Dias,PI,Nordeste,4,1,0.25,0.4446039742676289,1.0
2202901,Corrente,PI,Nordeste,27,21,0.7777777777777778,0.4879614691677214,1.0
2203008,Cristalândia do Piauí,PI,Nordeste,5,1,0.2,0.5012310243501943,1.0
2203206,Curimatá,PI,Nordeste,13,2,0.15384615384615385,0.5181020528531537,1.0
2203230,Currais,PI,Nordeste,1,0,0.0,0.4654873338698148,1.0
2203255,Curralinhos,PI,Nordeste,3,3,1.0,0.5027606899320269,1.0
2203271,Curral Novo do Piauí,PI,Nordeste,7,2,0.2857142857142857,0.4435305469887828,1.0
2203305,Demerval Lobão,PI,Nordeste,8,0,0.0,0.47234893046860726,1.0
2203354,Dirceu Arcoverde,PI,Nordeste,6,6,1.0,0.44652411870368186,1.0
2203404,Dom Expedito Lopes,PI,Nordeste,10,1,0.1,0.47519475263297506,1.0
2203420,Domingos Mourão,PI,Nordeste,6,0,0.0,0.4593058069382012,1.0
2203453,Dom Inocêncio,PI,Nordeste,7,0,0.0,0.47933845435152955,1.0
2203503,Elesbão Veloso,PI,Nordeste,3,2,0.6666666666666666,0.430419855081126,1.0
2203602,Eliseu Martins,PI,Nordeste,4,3,0.75,0.5131747585239077,1.0
2203701,Esperantina,PI,Nordeste,43,11,0.2558139534883721,0.44684491553912464,1.0
2203750,Fartura do Piauí,PI,Nordeste,1,0,0.0,0.4245470595717443,1.0
2203800,Flores do Piauí,PI,Nordeste,3,2,0.6666666666666666,0.4621956923802301,1.0
2203909,Floriano,PI,Nordeste,67,36,0.5373134328358209,0.48951900332888987,1.0
2204006,Francinópolis,PI,Nordeste,2,0,0.0,0.4423778454072428,1.0
2204105,Francisco Ayres,PI,Nordeste,8,7,0.875,0.45684745727714604,1.0
2204154,Francisco Macedo,PI,Nordeste,2,0,0.0,0.42045211681045425,1.0
2204204,Francisco Santos,PI,Nordeste,5,4,0.8,0.4383998884458933,1.0
2204303,Fronteiras,PI,Nordeste,8,1,0.125,0.43633847333678233,1.0
2204352,Geminiano,PI,Nordeste,5,2,0.4,0.4200605439616548,1.0
2204402,Gilbués,PI,Nordeste,16,10,0.625,0.5449552401185682,1.0
2204501,Guadalupe,PI,Nordeste,14,2,0.14285714285714285,0.5025599101453051,1.0
2204550,Guaribas,PI,Nordeste,6,1,0.16666666666666666,0.44505117597298377,1.0
2204600,Hugo Napoleão,PI,Nordeste,3,0,0.0,0.42812738521793325,1.0
2204659,Ilha Grande,PI,Nordeste,11,4,0.36363636363636365,0.5110319853043928,1.0
2204709,Inhuma,PI,Nordeste,11,2,0.18181818181818182,0.43143196089268626,1.0
2204808,Ipiranga do Piauí,PI,Nordeste,10,1,0.1,0.46523551325428236,1.0
2204907,Isaías Coelho,PI,Nordeste,11,7,0.6363636363636364,0.3991876149081264,1.0
2205003,Itainópolis,PI,Nordeste,5,1,0.2,0.42141728007659773,1.0
2205102,Itaueira,PI,Nordeste,5,0,0.0,0.4813037370739119,1.0
2205151,Jacobina do Piauí,PI,Nordeste,6,2,0.3333333333333333,0.4448473977089507,1.0
2205201,Jaicós,PI,Nordeste,18,9,0.5,0.44434494321226126,1.0
2205250,Jardim do Mulato,PI,Nordeste,7,1,0.14285714285714285,0.45677369622819797,1.0
2205276,Jatobá do Piauí,PI,Nordeste,3,0,0.0,0.4644645607776312,1.0
2205300,Jerumenha,PI,Nordeste,2,1,0.5,0.4914881216622171,1.0
2205359,João Costa,PI,Nordeste,3,0,0.0,0.45439709564223635,1.0
2205409,Joaquim Pires,PI,Nordeste,24,4,0.16666666666666666,0.45677167733135465,1.0
2205458,Joca Marques,PI,Nordeste,5,1,0.2,0.4516425907554201,1.0
2205508,José de Freitas,PI,Nordeste,38,23,0.6052631578947368,0.47149747490366645,1.0
2205516,Juazeiro do Piauí,PI,Nordeste,5,1,0.2,0.45893964683420674,1.0
2205524,Júlio Borges,PI,Nordeste,3,0,0.0,0.5053894594884027,1.0
2205532,Jurema,PI,Nordeste,11,0,0.0,0.44245980949729585,1.0
2205540,Lagoinha do Piauí,PI,Nordeste,4,0,0.0,0.4789469962203503,1.0
2205557,Lagoa Alegre,PI,Nordeste,11,4,0.36363636363636365,0.4604596469562574,1.0
2205565,Lagoa do Barro do Piauí,PI,Nordeste,8,4,0.5,0.5218888784700391,1.0
2205573,Lagoa de São Francisco,PI,Nordeste,7,2,0.2857142857142857,0.46243975210841626,1.0
2205581,Lagoa do Piauí,PI,Nordeste,4,1,0.25,0.46858556708771004,1.0
2205599,Lagoa do Sítio,PI,Nordeste,3,1,0.3333333333333333,0.4541538991609604,1.0
2205607,Landri Sales,PI,Nordeste,10,0,0.0,0.48693400766694106,1.0
2205706,Luís Correia,PI,Nordeste,28,13,0.4642857142857143,0.49906808977521167,1.0
2205805,Luzilândia,PI,Nordeste,20,12,0.6,0.4513309737323934,1.0
2205854,Madeiro,PI,Nordeste,12,5,0.4166666666666667,0.43925385799298255,1.0
2205904,Manoel Emídio,PI,Nordeste,10,3,0.3,0.4962924709183688,1.0
2205953,Marcolândia,PI,Nordeste,16,1,0.0625,0.4433894799380934,1.0
2206001,Marcos Parente,PI,Nordeste,5,1,0.2,0.4958882468913613,1.0
2206050,Massapê do Piauí,PI,Nordeste,5,1,0.2,0.4069608859860102,1.0
2206100,Matias Olímpio,PI,Nordeste,13,7,0.5384615384615384,0.4321625231937777,1.0
2206209,Miguel Alves,PI,Nordeste,42,16,0.38095238095238093,0.43765045357631666,1.0
2206308,Miguel Leão,PI,Nordeste,1,0,0.0,0.44552495355548016,1.0
2206357,Milton Brandão,PI,Nordeste,1,1,1.0,0.47076377888269294,1.0
2206407,Monsenhor Gil,PI,Nordeste,17,9,0.5294117647058824,0.4744602082607158,1.0
2206506,Monsenhor Hipólito,PI,Nordeste,6,1,0.16666666666666666,0.4360277138659711,1.0
2206605,Monte Alegre do Piauí,PI,Nordeste,12,6,0.5,0.49512629336844904,1.0
2206654,Morro Cabeça no Tempo,PI,Nordeste,8,8,1.0,0.5110725518380551,1.0
2206670,Morro do Chapéu do Piauí,PI,Nordeste,5,0,0.0,0.4404884105511214,1.0
2206696,Murici dos Portelas,PI,Nordeste,7,1,0.14285714285714285,0.4134017759010761,1.0
2206704,Nazaré do Piauí,PI,Nordeste,6,4,0.6666666666666666,0.4385185958436837,1.0
2206720,Nazária,PI,Nordeste,10,5,0.5,0.442337934051487,1.0
2206753,Nossa Senhora de Nazaré,PI,Nordeste,2,0,0.0,0.48713223828073504,1.0
2206803,Nossa Senhora dos Remédios,PI,Nordeste,21,8,0.38095238095238093,0.435541409698169,1.0
2206902,Novo Oriente do Piauí,PI,Nordeste,7,0,0.0,0.4440345002961261,1.0
2206951,Novo Santo Antônio,PI,Nordeste,7,2,0.2857142857142857,0.43338405457382007,1.0
2207009,Oeiras,PI,Nordeste,35,5,0.14285714285714285,0.4397895952121945,1.0
2207108,Olho D'Água do Piauí,PI,Nordeste,4,1,0.25,0.527871632429357,1.0
2207207,Padre Marcos,PI,Nordeste,4,0,0.0,0.3954807829601883,1.0
2207306,Paes Landim,PI,Nordeste,4,4,1.0,0.4792899476133683,1.0
2207355,Pajeú do Piauí,PI,Nordeste,1,0,0.0,0.442774462284638,1.0
2207405,Palmeira do Piauí,PI,Nordeste,4,0,0.0,0.5106544694610955,1.0
2207504,Palmeirais,PI,Nordeste,16,9,0.5625,0.46819827496064925,1.0
2207553,Paquetá,PI,Nordeste,1,1,1.0,0.4110093738579581,1.0
2207603,Parnaguá,PI,Nordeste,9,6,0.6666666666666666,0.4853061343918793,1.0
2207702,Parnaíba,PI,Nordeste,144,85,0.5902777777777778,0.48568833612553575,1.0
2207751,Passagem Franca do Piauí,PI,Nordeste,10,5,0.5,0.41872254717535096,1.0
2207777,Patos do Piauí,PI,Nordeste,2,1,0.5,0.39916881971804885,1.0
2207793,Pau D'Arco do Piauí,PI,Nordeste,3,1,0.3333333333333333,0.47410501862252685,1.0
2207801,Paulistana,PI,Nordeste,33,16,0.48484848484848486,0.43801158635858084,1.0
2207850,Pavussu,PI,Nordeste,6,0,0.0,0.44708076447084655,1.0
2207900,Pedro II,PI,Nordeste,37,18,0.4864864864864865,0.465597289896734,1.0
2207934,Pedro Laurentino,PI,Nordeste,3,2,0.6666666666666666,0.5264584002370423,1.0
2207959,Nova Santa Rita,PI,Nordeste,10,6,0.6,0.4554284495796459,1.0
2208007,Picos,PI,Nordeste,58,35,0.603448275862069,0.46237535223444426,1.0
2208106,Pimenteiras,PI,Nordeste,9,5,0.5555555555555556,0.4353974692681245,1.0
2208205,Pio IX,PI,Nordeste,22,8,0.36363636363636365,0.4492849397279747,1.0
2208304,Piracuruca,PI,Nordeste,35,9,0.2571428571428571,0.4464099971517739,1.0
2208403,Piripiri,PI,Nordeste,61,26,0.4262295081967213,0.4480626408968724,1.0
2208502,Porto,PI,Nordeste,18,11,0.6111111111111112,0.4381678612979343,1.0
2208551,Porto Alegre do Piauí,PI,Nordeste,3,2,0.6666666666666666,0.5087474059557762,1.0
2208601,Prata do Piauí,PI,Nordeste,6,2,0.3333333333333333,0.4368866627177279,1.0
2208650,Queimada Nova,PI,Nordeste,8,3,0.375,0.4517818712540803,1.0
2208700,Redenção do Gurguéia,PI,Nordeste,5,1,0.2,0.5033486512410796,1.0
2208809,Regeneração,PI,Nordeste,16,9,0.5625,0.4291798540979176,1.0
2208858,Riacho Frio,PI,Nordeste,6,0,0.0,0.5397661468717764,1.0
2208874,Ribeira do Piauí,PI,Nordeste,1,1,1.0,0.5040004819716624,1.0
2208908,Ribeiro Gonçalves,PI,Nordeste,10,1,0.1,0.4723969240981636,1.0
2209005,Rio Grande do Piauí,PI,Nordeste,9,6,0.6666666666666666,0.4485252983455303,1.0
2209104,Santa Cruz do Piauí,PI,Nordeste,4,0,0.0,0.41246177453424737,1.0
2209153,Santa Cruz dos Milagres,PI,Nordeste,1,0,0.0,0.4375570328574362,1.0
2209203,Santa Filomena,PI,Nordeste,10,6,0.6,0.4919590402048518,1.0
2209302,Santa Luz,PI,Nordeste,4,1,0.25,0.475260483413636,1.0
2209351,Santana do Piauí,PI,Nordeste,1,0,0.0,0.47506677093278793,1.0
2209377,Santa Rosa do Piauí,PI,Nordeste,7,3,0.42857142857142855,0.44775853305397134,1.0
2209401,Santo Antônio de Lisboa,PI,Nordeste,3,1,0.3333333333333333,0.4690562591736709,1.0
2209450,Santo Antônio dos Milagres,PI,Nordeste,1,0,0.0,0.41116848543906914,1.0
2209500,Santo Inácio do Piauí,PI,Nordeste,3,2,0.6666666666666666,0.4357571569131908,1.0
2209559,São Braz do Piauí,PI,Nordeste,3,1,0.3333333333333333,0.41842506476741387,1.0
2209609,São Félix do Piauí,PI,Nordeste,4,1,0.25,0.40241963258266944,1.0
2209658,São Francisco de Assis do Piauí,PI,Nordeste,4,4,1.0,0.44629179570281496,1.0
2209708,São Francisco do Piauí,PI,Nordeste,7,2,0.2857142857142857,0.4341919472907363,1.0
2209757,São Gonçalo do Gurguéia,PI,Nordeste,4,2,0.5,0.5028499422435531,1.0
2209807,São Gonçalo do Piauí,PI,Nordeste,3,3,1.0,0.448764634471857,1.0
2209856,São João da Canabrava,PI,Nordeste,3,0,0.0,0.42923674183494426,1.0
2209872,São João da Fronteira,PI,Nordeste,7,3,0.42857142857142855,0.48791045026042257,1.0
2209906,São João da Serra,PI,Nordeste,2,0,0.0,0.4019864987739906,1.0
2209955,São João da Varjota,PI,Nordeste,2,0,0.0,0.4096914714272798,1.0
2209971,São João do Arraial,PI,Nordeste,12,3,0.25,0.46909151154454953,1.0
2210003,São João do Piauí,PI,Nordeste,21,6,0.2857142857142857,0.4644689213384642,1.0
2210052,São José do Divino,PI,Nordeste,4,0,0.0,0.4310859854267045,1.0
2210102,São José do Peixe,PI,Nordeste,6,1,0.16666666666666666,0.47777880416798735,1.0
2210300,São Julião,PI,Nordeste,10,1,0.1,0.40316858960616686,1.0
2210359,São Lourenço do Piauí,PI,Nordeste,3,2,0.6666666666666666,0.4486570334402333,1.0
2210383,São Miguel da Baixa Grande,PI,Nordeste,4,0,0.0,0.4274017325724069,1.0
2210391,São Miguel do Fidalgo,PI,Nordeste,1,0,0.0,0.47059391365132086,1.0
2210409,São Miguel do Tapuio,PI,Nordeste,11,5,0.45454545454545453,0.4339184326854306,1.0
2210508,São Pedro do Piauí,PI,Nordeste,23,9,0.391304347826087,0.45076590126431737,1.0
2210607,São Raimundo Nonato,PI,Nordeste,54,15,0.2777777777777778,0.4692370766986893,1.0
2210623,Sebastião Barros,PI,Nordeste,3,2,0.6666666666666666,0.5317893931190698,1.0
2210631,Sebastião Leal,PI,Nordeste,3,1,0.3333333333333333,0.4859643627153895,1.0
2210656,Sigefredo Pacheco,PI,Nordeste,6,2,0.3333333333333333,0.439815993099326,1.0
2210706,Simões,PI,Nordeste,13,1,0.07692307692307693,0.43228724704415444,1.0
2210805,Simplício Mendes,PI,Nordeste,4,0,0.0,0.46666530375204807,1.0
2210904,Socorro do Piauí,PI,Nordeste,2,2,1.0,0.46713628894904613,1.0
2210938,Sussuapara,PI,Nordeste,7,2,0.2857142857142857,0.4632701459468618,1.0
2210953,Tamboril do Piauí,PI,Nordeste,3,0,0.0,0.4560158869296768,1.0
2210979,Tanque do Piauí,PI,Nordeste,3,2,0.6666666666666666,0.47109065993077,1.0
2211001,Teresina,PI,Nordeste,675,278,0.41185185185185186,0.48563840297486416,1.0
2211100,União,PI,Nordeste,51,31,0.6078431372549019,0.4712326336888675,1.0
2211209,Uruçuí,PI,Nordeste,32,23,0.71875,0.509506436651572,1.0
2211308,Valença do Piauí,PI,Nordeste,17,11,0.6470588235294118,0.4458566158040911,1.0
2211357,Várzea Branca,PI,Nordeste,3,1,0.3333333333333333,0.42861947161028136,1.0
2211407,Várzea Grande,PI,Nordeste,2,0,0.0,0.4524103849974582,1.0
2211506,Vera Mendes,PI,Nordeste,4,4,1.0,0.41641208816085207,1.0
2211605,Vila Nova do Piauí,PI,Nordeste,4,0,0.0,0.42362115669526623,1.0
2211704,Wall Ferraz,PI,Nordeste,4,2,0.5,0.4053996061556615,1.0
2300101,Abaiara,CE,Nordeste,9,0,0.0,0.13552374069161843,0.0
2300150,Acarape,CE,Nordeste,21,4,0.19047619047619047,0.17374341210923128,0.0
2300200,Acaraú,CE,Nordeste,78,1,0.01282051282051282,0.15876195989069286,0.0
2300309,Acopiara,CE,Nordeste,30,11,0.36666666666666664,0.1315311276791803,0.0
2300408,Aiuaba,CE,Nordeste,17,1,0.058823529411764705,0.13617922145613215,0.0
2300507,Alcântaras,CE,Nordeste,12,0,0.0,0.14963667846633633,0.0
2300606,Altaneira,CE,Nordeste,7,0,0.0,0.14357499938254556,0.0
2300705,Alto Santo,CE,Nordeste,19,1,0.05263157894736842,0.14664438359285847,0.0
2300754,Amontada,CE,Nordeste,73,13,0.1780821917808219,0.1677597342988808,0.0
2300804,Antonina do Norte,CE,Nordeste,6,2,0.3333333333333333,0.13642175104002596,0.0
2300903,Apuiarés,CE,Nordeste,11,3,0.2727272727272727,0.15737369529220258,0.0
2301000,Aquiraz,CE,Nordeste,109,19,0.1743119266055046,0.17149375920612187,0.0
2301109,Aracati,CE,Nordeste,105,8,0.0761904761904762,0.16538766743425126,0.0
2301208,Aracoiaba,CE,Nordeste,33,3,0.09090909090909091,0.1410217599768694,0.0
2301257,Ararendá,CE,Nordeste,19,1,0.05263157894736842,0.13758325801457105,0.0
2301307,Araripe,CE,Nordeste,39,10,0.2564102564102564,0.14535147124080994,0.0
2301406,Aratuba,CE,Nordeste,16,4,0.25,0.16042928276215018,0.0
2301505,Arneiroz,CE,Nordeste,3,0,0.0,0.13450144105672257,0.0
2301604,Assaré,CE,Nordeste,22,0,0.0,0.14293701968094485,0.0
2301703,Aurora,CE,Nordeste,28,8,0.2857142857142857,0.1479352896330628,0.0
2301802,Baixio,CE,Nordeste,1,0,0.0,0.15784121655913974,0.0
2301851,Banabuiú,CE,Nordeste,25,6,0.24,0.13792354784426386,0.0
2301901,Barbalha,CE,Nordeste,73,8,0.1095890410958904,0.1494488366275709,0.0
2301950,Barreira,CE,Nordeste,26,2,0.07692307692307693,0.15731419963000226,0.0
2302008,Barro,CE,Nordeste,16,11,0.6875,0.166974260741514,0.0
2302057,Barroquinha,CE,Nordeste,30,3,0.1,0.1355595223808047,0.0
2302107,Baturité,CE,Nordeste,36,5,0.1388888888888889,0.16751278322743435,0.0
2302206,Beberibe,CE,Nordeste,64,13,0.203125,0.15461277713605848,0.0
2302305,Bela Cruz,CE,Nordeste,24,1,0.041666666666666664,0.15997782531583982,0.0
2302404,Boa Viagem,CE,Nordeste,35,4,0.11428571428571428,0.1343821962629126,0.0
2302503,Brejo Santo,CE,Nordeste,60,0,0.0,0.15271398542290296,0.0
2302602,Camocim,CE,Nordeste,65,1,0.015384615384615385,0.1556610153366973,0.0
2302701,Campos Sales,CE,Nordeste,18,3,0.16666666666666666,0.13601933952333523,0.0
2302800,Canindé,CE,Nordeste,79,1,0.012658227848101266,0.15949674359565058,0.0
2302909,Capistrano,CE,Nordeste,22,5,0.22727272727272727,0.1518246495663047,0.0
2303006,Caridade,CE,Nordeste,10,0,0.0,0.17427346828038215,0.0
2303105,Cariré,CE,Nordeste,10,0,0.0,0.14626502807130803,0.0
2303204,Caririaçu,CE,Nordeste,29,5,0.1724137931034483,0.15065379284976246,0.0
2303303,Cariús,CE,Nordeste,10,0,0.0,0.1303001001152312,0.0
2303402,Carnaubal,CE,Nordeste,16,3,0.1875,0.1415425287679115,0.0
2303501,Cascavel,CE,Nordeste,97,22,0.2268041237113402,0.16091094697155106,0.0
2303600,Catarina,CE,Nordeste,9,3,0.3333333333333333,0.1388608881778839,0.0
2303659,Catunda,CE,Nordeste,9,0,0.0,0.14221225640500146,0.0
2303709,Caucaia,CE,Nordeste,388,108,0.27835051546391754,0.17530381134911183,0.0
2303808,Cedro,CE,Nordeste,15,0,0.0,0.14840586158031843,0.0
2303907,Chaval,CE,Nordeste,15,2,0.13333333333333333,0.1461776692162965,0.0
2303931,Choró,CE,Nordeste,13,1,0.07692307692307693,0.13641170460386887,0.0
2303956,Chorozinho,CE,Nordeste,23,0,0.0,0.15660561925569738,0.0
2304004,Coreaú,CE,Nordeste,31,0,0.0,0.1171782495920719,0.0
2304103,Crateús,CE,Nordeste,55,1,0.01818181818181818,0.1470640022266688,0.0
2304202,Crato,CE,Nordeste,118,5,0.0423728813559322,0.15625517484654394,0.0
2304236,Croatá,CE,Nordeste,25,0,0.0,0.1343752533890923,0.0
2304251,Cruz,CE,Nordeste,55,2,0.03636363636363636,0.15745747572973903,0.0
2304269,Deputado Irapuan Pinheiro,CE,Nordeste,8,0,0.0,0.13321004788040858,0.0
2304277,Ererê,CE,Nordeste,5,0,0.0,0.1434586424034685,0.0
2304285,Eusébio,CE,Nordeste,93,4,0.043010752688172046,0.17699807076420038,0.0
2304301,Farias Brito,CE,Nordeste,20,0,0.0,0.13738112151916426,0.0
2304350,Forquilha,CE,Nordeste,20,0,0.0,0.1422981034826979,0.0
2304400,Fortaleza,CE,Nordeste,1770,466,0.2632768361581921,0.17265548668175332,0.0
2304459,Fortim,CE,Nordeste,24,3,0.125,0.15826084229910342,0.0
2304509,Frecheirinha,CE,Nordeste,24,1,0.041666666666666664,0.13284092822929627,0.0
2304608,General Sampaio,CE,Nordeste,7,0,0.0,0.14967143185294537,0.0
2304657,Graça,CE,Nordeste,16,0,0.0,0.13230388950847138,0.0
2304707,Granja,CE,Nordeste,62,1,0.016129032258064516,0.1307115016899496,0.0
2304806,Granjeiro,CE,Nordeste,6,1,0.16666666666666666,0.1591613960513838,0.0
2304905,Groaíras,CE,Nordeste,8,0,0.0,0.14803112797817153,0.0
2304954,Guaiúba,CE,Nordeste,18,5,0.2777777777777778,0.1644359315173871,0.0
2305001,Guaraciaba do Norte,CE,Nordeste,60,1,0.016666666666666666,0.1509178588659279,0.0
2305100,Guaramiranga,CE,Nordeste,8,0,0.0,0.16812053517158,0.0
2305209,Hidrolândia,CE,Nordeste,17,0,0.0,0.14359272282065694,0.0
2305233,Horizonte,CE,Nordeste,89,3,0.033707865168539325,0.1825298019563576,0.0
2305266,Ibaretama,CE,Nordeste,10,7,0.7,0.13473293115470908,0.0
2305308,Ibiapina,CE,Nordeste,26,0,0.0,0.1601371756947854,0.0
2305332,Ibicuitinga,CE,Nordeste,7,0,0.0,0.15015553398338546,0.0
2305357,Icapuí,CE,Nordeste,33,11,0.3333333333333333,0.15758091258249807,0.0
2305407,Icó,CE,Nordeste,49,10,0.20408163265306123,0.13562037821499573,0.0
2305506,Iguatu,CE,Nordeste,68,19,0.27941176470588236,0.14207398939278615,0.0
2305605,Independência,CE,Nordeste,10,0,0.0,0.13445325981815892,0.0
2305654,Ipaporanga,CE,Nordeste,7,0,0.0,0.1405901183067394,0.0
2305704,Ipaumirim,CE,Nordeste,11,3,0.2727272727272727,0.1588426269689146,0.0
2305803,Ipu,CE,Nordeste,45,6,0.13333333333333333,0.14883522368782964,0.0
2305902,Ipueiras,CE,Nordeste,49,0,0.0,0.1492914302528987,0.0
2306009,Iracema,CE,Nordeste,22,4,0.18181818181818182,0.1360141523094489,0.0
2306108,Irauçuba,CE,Nordeste,24,1,0.041666666666666664,0.15064123692144427,0.0
2306207,Itaiçaba,CE,Nordeste,4,0,0.0,0.15748086423130248,0.0
2306256,Itaitinga,CE,Nordeste,68,15,0.22058823529411764,0.18788806635864064,0.0
2306306,Itapagé,CE,Nordeste,37,3,0.08108108108108109,0.16226203342023615,0.0
2306405,Itapipoca,CE,Nordeste,122,11,0.09016393442622951,0.1548480540966879,0.0
2306504,Itapiúna,CE,Nordeste,17,0,0.0,0.14405585291463086,0.0
2306553,Itarema,CE,Nordeste,52,5,0.09615384615384616,0.16841335182446412,0.0
2306603,Itatira,CE,Nordeste,24,0,0.0,0.15204208439896671,0.0
2306702,Jaguaretama,CE,Nordeste,20,1,0.05,0.14531440713615884,0.0
2306801,Jaguaribara,CE,Nordeste,16,1,0.0625,0.15510903486879402,0.0
2306900,Jaguaribe,CE,Nordeste,40,5,0.125,0.15462303583571657,0.0
2307007,Jaguaruana,CE,Nordeste,30,2,0.06666666666666667,0.15347231370539063,0.0
2307106,Jardim,CE,Nordeste,27,10,0.37037037037037035,0.13784443892477072,0.0
2307205,Jati,CE,Nordeste,13,2,0.15384615384615385,0.13666375722167068,0.0
2307254,Jijoca de Jericoacoara,CE,Nordeste,38,1,0.02631578947368421,0.16190419206445672,0.0
2307304,Juazeiro do Norte,CE,Nordeste,224,87,0.38839285714285715,0.15923476216736207,0.0
2307403,Jucás,CE,Nordeste,24,2,0.08333333333333333,0.13752205145006002,0.0
2307502,Lavras da Mangabeira,CE,Nordeste,18,3,0.16666666666666666,0.14192135946291584,0.0
2307601,Limoeiro do Norte,CE,Nordeste,59,5,0.0847457627118644,0.15604045051710957,0.0
2307635,Madalena,CE,Nordeste,14,1,0.07142857142857142,0.15575113249792386,0.0
2307650,Maracanaú,CE,Nordeste,314,37,0.1178343949044586,0.18519330717255117,0.0
2307700,Maranguape,CE,Nordeste,121,19,0.15702479338842976,0.17434805736903092,0.0
2307809,Marco,CE,Nordeste,51,0,0.0,0.1476764602492605,0.0
2307908,Martinópole,CE,Nordeste,12,0,0.0,0.14523454867522323,0.0
2308005,Massapê,CE,Nordeste,37,2,0.05405405405405406,0.14238959416304986,0.0
2308104,Mauriti,CE,Nordeste,46,2,0.043478260869565216,0.14259688273376347,0.0
2308203,Meruoca,CE,Nordeste,22,1,0.045454545454545456,0.1865649511184192,0.0
2308302,Milagres,CE,Nordeste,21,2,0.09523809523809523,0.1370355922270018,0.0
2308351,Milhã,CE,Nordeste,13,2,0.15384615384615385,0.13462329446526744,0.0
2308377,Miraíma,CE,Nordeste,18,0,0.0,0.13760052440924453,0.0
2308401,Missão Velha,CE,Nordeste,49,10,0.20408163265306123,0.1458539220790066,0.0
2308500,Mombaça,CE,Nordeste,43,3,0.06976744186046512,0.13747669829110443,0.0
2308609,Monsenhor Tabosa,CE,Nordeste,16,1,0.0625,0.1378141842444548,0.0
2308708,Morada Nova,CE,Nordeste,66,14,0.21212121212121213,0.14926950556414442,0.0
2308807,Moraújo,CE,Nordeste,7,0,0.0,0.13400500450516573,0.0
2308906,Morrinhos,CE,Nordeste,36,0,0.0,0.15542209148095731,0.0
2309003,Mucambo,CE,Nordeste,17,0,0.0,0.13685933549081808,0.0
2309102,Mulungu,CE,Nordeste,13,1,0.07692307692307693,0.16195927514598185,0.0
2309201,Nova Olinda,CE,Nordeste,20,0,0.0,0.1611730376422612,0.0
2309300,Nova Russas,CE,Nordeste,27,0,0.0,0.15080741376035345,0.0
2309409,Novo Oriente,CE,Nordeste,28,0,0.0,0.12758132073273143,0.0
2309458,Ocara,CE,Nordeste,36,2,0.05555555555555555,0.15274930775459605,0.0
2309508,Orós,CE,Nordeste,33,3,0.09090909090909091,0.13710588244956945,0.0
2309607,Pacajus,CE,Nordeste,58,6,0.10344827586206896,0.1730464451036351,0.0
2309706,Pacatuba,CE,Nordeste,72,12,0.16666666666666666,0.19246003659379685,0.0
2309805,Pacoti,CE,Nordeste,11,1,0.09090909090909091,0.16531054048501803,0.0
2309904,Pacujá,CE,Nordeste,12,0,0.0,0.13941392284264786,0.0
2310001,Palhano,CE,Nordeste,14,4,0.2857142857142857,0.14113263339428928,0.0
2310100,Palmácia,CE,Nordeste,11,0,0.0,0.16293517321459527,0.0
2310209,Paracuru,CE,Nordeste,56,2,0.03571428571428571,0.1835188326365856,0.0
2310258,Paraipaba,CE,Nordeste,41,1,0.024390243902439025,0.1799480925280137,0.0
2310308,Parambu,CE,Nordeste,24,0,0.0,0.1365824047657055,0.0
2310407,Paramoti,CE,Nordeste,5,0,0.0,0.1547613759477804,0.0
2310506,Pedra Branca,CE,Nordeste,38,0,0.0,0.1306686954807048,0.0
2310605,Penaforte,CE,Nordeste,12,3,0.25,0.149058139326662,0.0
2310704,Pentecoste,CE,Nordeste,36,4,0.1111111111111111,0.1551165081074355,0.0
2310803,Pereiro,CE,Nordeste,21,2,0.09523809523809523,0.15366319166779607,0.0
2310852,Pindoretama,CE,Nordeste,29,2,0.06896551724137931,0.1794486680616355,0.0
2310902,Piquet Carneiro,CE,Nordeste,16,0,0.0,0.15606917794861086,0.0
2310951,Pires Ferreira,CE,Nordeste,4,0,0.0,0.14928949006931425,0.0
2311009,Poranga,CE,Nordeste,14,0,0.0,0.13567269091123677,0.0
2311108,Porteiras,CE,Nordeste,20,0,0.0,0.131242597119271,0.0
2311207,Potengi,CE,Nordeste,10,2,0.2,0.14209776631558024,0.0
2311231,Potiretama,CE,Nordeste,8,0,0.0,0.14915984532285154,0.0
2311264,Quiterianópolis,CE,Nordeste,22,0,0.0,0.13039752791902684,0.0
2311306,Quixadá,CE,Nordeste,76,4,0.05263157894736842,0.14512339384490736,0.0
2311355,Quixelô,CE,Nordeste,14,2,0.14285714285714285,0.12826558370206398,0.0
2311405,Quixeramobim,CE,Nordeste,69,0,0.0,0.14689615941699807,0.0
2311504,Quixeré,CE,Nordeste,11,1,0.09090909090909091,0.15286972038762148,0.0
2311603,Redenção,CE,Nordeste,21,2,0.09523809523809523,0.1580622118772106,0.0
2311702,Reriutaba,CE,Nordeste,20,0,0.0,0.14735510891886672,0.0
2311801,Russas,CE,Nordeste,64,10,0.15625,0.15776518868272227,0.0
2311900,Saboeiro,CE,Nordeste,18,6,0.3333333333333333,0.13464773550339493,0.0
2311959,Salitre,CE,Nordeste,22,0,0.0,0.12278306908606172,0.0
2312007,Santana do Acaraú,CE,Nordeste,24,0,0.0,0.1510042601475995,0.0
2312106,Santana do Cariri,CE,Nordeste,10,0,0.0,0.13401317199505602,0.0
2312205,Santa Quitéria,CE,Nordeste,37,1,0.02702702702702703,0.1436863365074137,0.0
2312304,São Benedito,CE,Nordeste,72,3,0.041666666666666664,0.15278947563092382,0.0
2312403,São Gonçalo do Amarante,CE,Nordeste,98,12,0.12244897959183673,0.16172417276080697,0.0
2312502,São João do Jaguaribe,CE,Nordeste,7,0,0.0,0.1461785344961568,0.0
2312601,São Luís do Curu,CE,Nordeste,12,4,0.3333333333333333,0.16725483447546952,0.0
2312700,Senador Pompeu,CE,Nordeste,18,0,0.0,0.14816226697667179,0.0
2312809,Senador Sá,CE,Nordeste,9,0,0.0,0.13665184207672532,0.0
2312908,Sobral,CE,Nordeste,211,4,0.018957345971563982,0.14739569361997862,0.0
2313005,Solonópole,CE,Nordeste,19,0,0.0,0.14477289271134564,0.0
2313104,Tabuleiro do Norte,CE,Nordeste,28,4,0.14285714285714285,0.15319119410654403,0.0
2313203,Tamboril,CE,Nordeste,34,0,0.0,0.14298616428682365,0.0
2313252,Tarrafas,CE,Nordeste,6,0,0.0,0.13204477456000552,0.0
2313302,Tauá,CE,Nordeste,50,7,0.14,0.14259183374424256,0.0
2313351,Tejuçuoca,CE,Nordeste,26,4,0.15384615384615385,0.16395491135378856,0.0
2313401,Tianguá,CE,Nordeste,107,16,0.14953271028037382,0.1492147415664722,0.0
2313500,Trairi,CE,Nordeste,74,9,0.12162162162162163,0.18254705396411397,0.0
2313559,Tururu,CE,Nordeste,15,1,0.06666666666666667,0.15258199669981642,0.0
2313609,Ubajara,CE,Nordeste,41,3,0.07317073170731707,0.1478723887355331,0.0
2313708,Umari,CE,Nordeste,7,1,0.14285714285714285,0.14573158450745685,0.0
2313757,Umirim,CE,Nordeste,26,5,0.19230769230769232,0.1572025493882695,0.0
2313807,Uruburetama,CE,Nordeste,30,3,0.1,0.14947591645101646,0.0
2313906,Uruoca,CE,Nordeste,12,0,0.0,0.1334072686251483,0.0
2313955,Varjota,CE,Nordeste,23,1,0.043478260869565216,0.15805801315582968,0.0
2314003,Várzea Alegre,CE,Nordeste,40,3,0.075,0.13826550026418005,0.0
2314102,Viçosa do Ceará,CE,Nordeste,67,6,0.08955223880597014,0.14874607472085388,0.0
2400109,Acari,RN,Nordeste,7,3,0.42857142857142855,0.6117463292659038,1.0
2400208,Açu,RN,Nordeste,31,22,0.7096774193548387,0.6072986857822859,1.0
2400307,Afonso Bezerra,RN,Nordeste,4,0,0.0,0.6012570133763346,1.0
2400406,Água Nova,RN,Nordeste,3,2,0.6666666666666666,0.6152016021625033,1.0
2400505,Alexandria,RN,Nordeste,12,3,0.25,0.5752667198770324,1.0
2400604,Almino Afonso,RN,Nordeste,5,2,0.4,0.5997072475593024,1.0
2400703,Alto do Rodrigues,RN,Nordeste,10,4,0.4,0.6121177542939199,1.0
2400802,Angicos,RN,Nordeste,6,4,0.6666666666666666,0.5986048727012737,1.0
2400901,Antônio Martins,RN,Nordeste,4,2,0.5,0.6242560907016435,1.0
2401008,Apodi,RN,Nordeste,22,12,0.5454545454545454,0.5896834154143386,1.0
2401107,Areia Branca,RN,Nordeste,13,9,0.6923076923076923,0.6241700425523453,1.0
2401206,Arês,RN,Nordeste,17,14,0.8235294117647058,0.622836334956004,1.0
2401305,Campo Grande,RN,Nordeste,2,0,0.0,0.587198933615642,1.0
2401404,Baía Formosa,RN,Nordeste,12,7,0.5833333333333334,0.6345276112219312,1.0
2401453,Baraúna,RN,Nordeste,17,10,0.5882352941176471,0.6380705825447195,1.0
2401503,Barcelona,RN,Nordeste,2,0,0.0,0.6332342835119484,1.0
2401602,Bento Fernandes,RN,Nordeste,8,6,0.75,0.6313500205465676,1.0
2401701,Bom Jesus,RN,Nordeste,4,1,0.25,0.5880098717136575,1.0
2401800,Brejinho,RN,Nordeste,9,4,0.4444444444444444,0.5808694294280762,1.0
2401859,Caiçara do Norte,RN,Nordeste,7,6,0.8571428571428571,0.6521485930411591,1.0
2401909,Caiçara do Rio do Vento,RN,Nordeste,3,3,1.0,0.6303267657512169,1.0
2402006,Caicó,RN,Nordeste,35,21,0.6,0.6196243998173884,1.0
2402105,Campo Redondo,RN,Nordeste,6,3,0.5,0.5964195454125061,1.0
2402204,Canguaretama,RN,Nordeste,32,26,0.8125,0.6461923762805539,1.0
2402303,Caraúbas,RN,Nordeste,13,6,0.46153846153846156,0.5884976164799305,1.0
2402402,Carnaúba dos Dantas,RN,Nordeste,6,4,0.6666666666666666,0.6489897918718626,1.0
2402501,Carnaubais,RN,Nordeste,3,1,0.3333333333333333,0.6497027683415899,1.0
2402600,Ceará-Mirim,RN,Nordeste,62,40,0.6451612903225806,0.6291220342589925,1.0
2402709,Cerro Corá,RN,Nordeste,12,10,0.8333333333333334,0.6150954748044577,1.0
2402808,Coronel Ezequiel,RN,Nordeste,5,4,0.8,0.6060828946557403,1.0
2402907,Coronel João Pessoa,RN,Nordeste,2,0,0.0,0.5910527307362166,1.0
2403004,Cruzeta,RN,Nordeste,12,6,0.5,0.5904902300919769,1.0
2403103,Currais Novos,RN,Nordeste,30,11,0.36666666666666664,0.6113324306913513,1.0
2403202,Doutor Severiano,RN,Nordeste,6,2,0.3333333333333333,0.6287318823413661,1.0
2403251,Parnamirim,RN,Nordeste,133,87,0.6541353383458647,0.6402026175790486,1.0
2403301,Encanto,RN,Nordeste,6,3,0.5,0.6197132752650203,1.0
2403400,Equador,RN,Nordeste,6,3,0.5,0.6203335970759671,1.0
2403509,Espírito Santo,RN,Nordeste,6,1,0.16666666666666666,0.5880653743463009,1.0
2403608,Extremoz,RN,Nordeste,58,39,0.6724137931034483,0.6406905972398352,1.0
2403707,Felipe Guerra,RN,Nordeste,2,1,0.5,0.6310510436618978,1.0
2403756,Fernando Pedroza,RN,Nordeste,4,1,0.25,0.5955465082383463,1.0
2403806,Florânia,RN,Nordeste,5,3,0.6,0.607937098256403,1.0
2403905,Francisco Dantas,RN,Nordeste,1,0,0.0,0.6110845917241234,1.0
2404002,Frutuoso Gomes,RN,Nordeste,5,3,0.6,0.6132972198654082,1.0
2404101,Galinhos,RN,Nordeste,2,0,0.0,0.6610601459008352,1.0
2404200,Goianinha,RN,Nordeste,40,21,0.525,0.6009099589905824,1.0
2404309,Governador Dix-Sept Rosado,RN,Nordeste,7,2,0.2857142857142857,0.6168953458793535,1.0
2404408,Grossos,RN,Nordeste,12,6,0.5,0.5788676190861267,1.0
2404507,Guamaré,RN,Nordeste,7,4,0.5714285714285714,0.6564917168870098,1.0
2404606,Ielmo Marinho,RN,Nordeste,18,12,0.6666666666666666,0.6505120899248491,1.0
2404705,Ipanguaçu,RN,Nordeste,11,5,0.45454545454545453,0.5968858614078748,1.0
2404804,Ipueira,RN,Nordeste,2,2,1.0,0.5840399948048866,1.0
2404853,Itajá,RN,Nordeste,11,7,0.6363636363636364,0.5919069987911061,1.0
2404903,Itaú,RN,Nordeste,5,1,0.2,0.6410158313418569,1.0
2405009,Jaçanã,RN,Nordeste,9,7,0.7777777777777778,0.6216596465303393,1.0
2405108,Jandaíra,RN,Nordeste,5,3,0.6,0.6085621377492283,1.0
2405207,Janduís,RN,Nordeste,2,1,0.5,0.5975248394930308,1.0
2405306,Boa Saúde,RN,Nordeste,2,1,0.5,0.5937694290594258,1.0
2405405,Japi,RN,Nordeste,4,2,0.5,0.5772453689729645,1.0
2405504,Jardim de Angicos,RN,Nordeste,6,4,0.6666666666666666,0.660283486967332,1.0
2405603,Jardim de Piranhas,RN,Nordeste,6,2,0.3333333333333333,0.6105614047822999,1.0
2405702,Jardim do Seridó,RN,Nordeste,9,6,0.6666666666666666,0.6268604087791059,1.0
2405801,João Câmara,RN,Nordeste,30,19,0.6333333333333333,0.6337121823035029,1.0
2406007,José da Penha,RN,Nordeste,5,1,0.2,0.5991595589632063,1.0
2406106,Jucurutu,RN,Nordeste,14,6,0.42857142857142855,0.5890716688269702,1.0
2406155,Jundiá,RN,Nordeste,2,2,1.0,0.5628012044739865,1.0
2406205,Lagoa d'Anta,RN,Nordeste,4,4,1.0,0.5732298686392545,1.0
2406304,Lagoa de Pedras,RN,Nordeste,7,5,0.7142857142857143,0.5849265422181158,1.0
2406403,Lagoa de Velhos,RN,Nordeste,1,1,1.0,0.6316677109361561,1.0
2406502,Lagoa Nova,RN,Nordeste,24,18,0.75,0.6164004798455772,1.0
2406601,Lagoa Salgada,RN,Nordeste,3,2,0.6666666666666666,0.5469249987994544,1.0
2406700,Lajes,RN,Nordeste,8,7,0.875,0.6007965292146547,1.0
2406809,Lajes Pintadas,RN,Nordeste,7,3,0.42857142857142855,0.6013663708573258,1.0
2406908,Lucrécia,RN,Nordeste,2,2,1.0,0.5937655976192757,1.0
2407005,Luís Gomes,RN,Nordeste,10,8,0.8,0.5928684040294991,1.0
2407104,Macaíba,RN,Nordeste,48,35,0.7291666666666666,0.6219089125364418,1.0
2407203,Macau,RN,Nordeste,15,11,0.7333333333333333,0.6275165650151925,1.0
2407252,Major Sales,RN,Nordeste,3,1,0.3333333333333333,0.59304392995981,1.0
2407302,Marcelino Vieira,RN,Nordeste,2,2,1.0,0.5783292406890517,1.0
2407401,Martins,RN,Nordeste,10,3,0.3,0.6524171417141418,1.0
2407500,Maxaranguape,RN,Nordeste,11,6,0.5454545454545454,0.6480674015734529,1.0
2407609,Messias Targino,RN,Nordeste,8,7,0.875,0.563349980650627,1.0
2407708,Montanhas,RN,Nordeste,15,11,0.7333333333333333,0.6383309537962589,1.0
2407807,Monte Alegre,RN,Nordeste,20,7,0.35,0.6039838839276385,1.0
2407906,Monte das Gameleiras,RN,Nordeste,2,0,0.0,0.6059652335126355,1.0
2408003,Mossoró,RN,Nordeste,181,98,0.5414364640883977,0.6118025026107771,1.0
2408102,Natal,RN,Nordeste,355,226,0.6366197183098592,0.6362045912986906,1.0
2408201,Nísia Floresta,RN,Nordeste,25,9,0.36,0.6294811003888972,1.0
2408300,Nova Cruz,RN,Nordeste,18,11,0.6111111111111112,0.572521365980926,1.0
2408409,Olho-d'Água do Borges,RN,Nordeste,1,1,1.0,0.6002146535886377,1.0
2408508,Ouro Branco,RN,Nordeste,6,2,0.3333333333333333,0.616155816612499,1.0
2408607,Paraná,RN,Nordeste,4,3,0.75,0.5823084823620943,1.0
2408805,Parazinho,RN,Nordeste,5,4,0.8,0.6492323456675144,1.0
2408904,Parelhas,RN,Nordeste,28,10,0.35714285714285715,0.6050647100660415,1.0
2408953,Rio do Fogo,RN,Nordeste,8,5,0.625,0.6436108987957712,1.0
2409100,Passa e Fica,RN,Nordeste,11,9,0.8181818181818182,0.5847586800575009,1.0
2409209,Passagem,RN,Nordeste,4,2,0.5,0.6269185511465265,1.0
2409308,Patu,RN,Nordeste,12,8,0.6666666666666666,0.5982327792691142,1.0
2409332,Santa Maria,RN,Nordeste,3,2,0.6666666666666666,0.6304884117724484,1.0
2409407,Pau dos Ferros,RN,Nordeste,24,15,0.625,0.6134014549841802,1.0
2409704,Pedro Avelino,RN,Nordeste,2,2,1.0,0.6278329896318635,1.0
2409803,Pedro Velho,RN,Nordeste,9,5,0.5555555555555556,0.6203279236283372,1.0
2409902,Pendências,RN,Nordeste,13,10,0.7692307692307693,0.6260923354343192,1.0
2410108,Poço Branco,RN,Nordeste,11,8,0.7272727272727273,0.6284357140913416,1.0
2410207,Portalegre,RN,Nordeste,6,2,0.3333333333333333,0.6266248900726928,1.0
2410256,Porto do Mangue,RN,Nordeste,3,3,1.0,0.6258602318233182,1.0
2410306,Serra Caiada,RN,Nordeste,3,1,0.3333333333333333,0.6184049616199847,1.0
2410405,Pureza,RN,Nordeste,7,5,0.7142857142857143,0.6147503962673985,1.0
2410504,Rafael Fernandes,RN,Nordeste,1,1,1.0,0.563034556687104,1.0
2410603,Rafael Godeiro,RN,Nordeste,2,2,1.0,0.5968765783117335,1.0
2410702,Riacho da Cruz,RN,Nordeste,2,0,0.0,0.639202275624615,1.0
2410801,Riacho de Santana,RN,Nordeste,2,0,0.0,0.6055807831959652,1.0
2410900,Riachuelo,RN,Nordeste,8,7,0.875,0.6002594152387206,1.0
2411007,Rodolfo Fernandes,RN,Nordeste,5,4,0.8,0.5815842918117777,1.0
2411056,Tibau,RN,Nordeste,4,2,0.5,0.6307847624684145,1.0
2411106,Ruy Barbosa,RN,Nordeste,1,1,1.0,0.5858046228856566,1.0
2411205,Santa Cruz,RN,Nordeste,44,26,0.5909090909090909,0.6068597471074635,1.0
2411403,Santana do Matos,RN,Nordeste,5,0,0.0,0.5869026807384303,1.0
2411429,Santana do Seridó,RN,Nordeste,5,3,0.6,0.6254140673296251,1.0
2411502,Santo Antônio,RN,Nordeste,10,6,0.6,0.5878588194704069,1.0
2411601,São Bento do Norte,RN,Nordeste,8,5,0.625,0.6125019998257453,1.0
2411700,São Bento do Trairí,RN,Nordeste,3,2,0.6666666666666666,0.5977088162039543,1.0
2411809,São Fernando,RN,Nordeste,2,1,0.5,0.6168027985834648,1.0
2411908,São Francisco do Oeste,RN,Nordeste,4,1,0.25,0.6027591202105256,1.0
2412005,São Gonçalo do Amarante,RN,Nordeste,63,42,0.6666666666666666,0.6509473807224296,1.0
2412104,São João do Sabugi,RN,Nordeste,8,2,0.25,0.6169086618003674,1.0
2412203,São José de Mipibu,RN,Nordeste,53,33,0.6226415094339622,0.6214814247712489,1.0
2412302,São José do Campestre,RN,Nordeste,8,4,0.5,0.5744810518793078,1.0
2412401,São José do Seridó,RN,Nordeste,5,2,0.4,0.6127035078149381,1.0
2412500,São Miguel,RN,Nordeste,21,8,0.38095238095238093,0.6046629649025959,1.0
2412559,São Miguel do Gostoso,RN,Nordeste,13,10,0.7692307692307693,0.6210003008802801,1.0
2412609,São Paulo do Potengi,RN,Nordeste,9,5,0.5555555555555556,0.618261990755461,1.0
2412708,São Pedro,RN,Nordeste,3,3,1.0,0.6098585409115099,1.0
2412807,São Rafael,RN,Nordeste,4,1,0.25,0.5839862856387046,1.0
2412906,São Tomé,RN,Nordeste,3,1,0.3333333333333333,0.591572475623449,1.0
2413003,São Vicente,RN,Nordeste,4,2,0.5,0.6099872813913451,1.0
2413102,Senador Elói de Souza,RN,Nordeste,6,6,1.0,0.5922620036951322,1.0
2413201,Senador Georgino Avelino,RN,Nordeste,5,0,0.0,0.6531303501473151,1.0
2413300,Serra de São Bento,RN,Nordeste,4,3,0.75,0.5709591476085323,1.0
2413359,Serra do Mel,RN,Nordeste,6,6,1.0,0.6522396946967315,1.0
2413409,Serra Negra do Norte,RN,Nordeste,6,5,0.8333333333333334,0.6207736176844203,1.0
2413508,Serrinha,RN,Nordeste,7,3,0.42857142857142855,0.5996768110020337,1.0
2413557,Serrinha dos Pintos,RN,Nordeste,9,2,0.2222222222222222,0.6164473877151929,1.0
2413607,Severiano Melo,RN,Nordeste,8,4,0.5,0.6006227721820439,1.0
2413706,Sítio Novo,RN,Nordeste,4,2,0.5,0.6175343579613548,1.0
2413805,Taboleiro Grande,RN,Nordeste,3,0,0.0,0.6304883455473129,1.0
2413904,Taipu,RN,Nordeste,13,7,0.5384615384615384,0.5980182932277518,1.0
2414001,Tangará,RN,Nordeste,10,3,0.3,0.6048214625997288,1.0
2414100,Tenente Ananias,RN,Nordeste,11,6,0.5454545454545454,0.6217499666806574,1.0
2414159,Tenente Laurentino Cruz,RN,Nordeste,3,2,0.6666666666666666,0.6430600272487752,1.0
2414209,Tibau do Sul,RN,Nordeste,16,11,0.6875,0.6337260740902052,1.0
2414308,Timbaúba dos Batistas,RN,Nordeste,1,1,1.0,0.6066754523395341,1.0
2414407,Touros,RN,Nordeste,24,14,0.5833333333333334,0.6271023082416584,1.0
2414456,Triunfo Potiguar,RN,Nordeste,1,1,1.0,0.6066051884521302,1.0
2414506,Umarizal,RN,Nordeste,3,2,0.6666666666666666,0.5978964000440445,1.0
2414605,Upanema,RN,Nordeste,3,2,0.6666666666666666,0.6038505396305468,1.0
2414704,Várzea,RN,Nordeste,3,0,0.0,0.5697808125355783,1.0
2414753,Venha-Ver,RN,Nordeste,1,0,0.0,0.6272964370054326,1.0
2414803,Vera Cruz,RN,Nordeste,13,6,0.46153846153846156,0.5925571509842478,1.0
2415008,Vila Flor,RN,Nordeste,6,1,0.16666666666666666,0.66681365796399,1.0
2500106,Água Branca,PB,Nordeste,10,6,0.6,0.5229567723207059,1.0
2500205,Aguiar,PB,Nordeste,2,0,0.0,0.4309449623842635,1.0
2500304,Alagoa Grande,PB,Nordeste,39,33,0.8461538461538461,0.48120556692740135,1.0
2500403,Alagoa Nova,PB,Nordeste,24,1,0.041666666666666664,0.5212280607568147,1.0
2500502,Alagoinha,PB,Nordeste,13,6,0.46153846153846156,0.46262737390938413,1.0
2500536,Alcantil,PB,Nordeste,9,7,0.7777777777777778,0.4775035166447157,1.0
2500577,Algodão de Jandaíra,PB,Nordeste,5,3,0.6,0.4693127956371387,1.0
2500601,Alhandra,PB,Nordeste,25,20,0.8,0.5334335256072078,1.0
2500700,São João do Rio do Peixe,PB,Nordeste,13,5,0.38461538461538464,0.4930021836381375,1.0
2500734,Amparo,PB,Nordeste,2,1,0.5,0.5305027407222737,1.0
2500775,Aparecida,PB,Nordeste,7,1,0.14285714285714285,0.5136927477617264,1.0
2500809,Araçagi,PB,Nordeste,10,4,0.4,0.4818823322035003,1.0
2500908,Arara,PB,Nordeste,6,5,0.8333333333333334,0.4891096187610818,1.0
2501005,Araruna,PB,Nordeste,20,10,0.5,0.45707272061293447,1.0
2501104,Areia,PB,Nordeste,19,1,0.05263157894736842,0.5094781616825861,1.0
2501153,Areia de Baraúnas,PB,Nordeste,5,4,0.8,0.4840295645170162,1.0
2501203,Areial,PB,Nordeste,14,9,0.6428571428571429,0.501207391918206,1.0
2501302,Aroeiras,PB,Nordeste,26,12,0.46153846153846156,0.495216995961161,1.0
2501351,Assunção,PB,Nordeste,6,0,0.0,0.46778736659932313,1.0
2501401,Baía da Traição,PB,Nordeste,17,10,0.5882352941176471,0.5433222705273286,1.0
2501500,Bananeiras,PB,Nordeste,12,5,0.4166666666666667,0.4830746932499346,1.0
2501534,Baraúna,PB,Nordeste,8,2,0.25,0.4955207135128634,1.0
2501575,Barra de Santana,PB,Nordeste,8,4,0.5,0.5009200658258912,1.0
2501609,Barra de Santa Rosa,PB,Nordeste,5,2,0.4,0.47520064484708796,1.0
2501708,Barra de São Miguel,PB,Nordeste,6,3,0.5,0.5524329785138598,1.0
2501807,Bayeux,PB,Nordeste,41,30,0.7317073170731707,0.5516568977235371,1.0
2501906,Belém,PB,Nordeste,13,12,0.9230769230769231,0.47097908884724937,1.0
2502003,Belém do Brejo do Cruz,PB,Nordeste,9,7,0.7777777777777778,0.44246791027336785,1.0
2502052,Bernardino Batista,PB,Nordeste,3,0,0.0,0.5134794760615649,1.0
2502102,Boa Ventura,PB,Nordeste,8,6,0.75,0.4877821730448689,1.0
2502151,Boa Vista,PB,Nordeste,10,5,0.5,0.5379157308926346,1.0
2502201,Bom Jesus,PB,Nordeste,2,0,0.0,0.5225653109743145,1.0
2502300,Bom Sucesso,PB,Nordeste,4,2,0.5,0.49204656584987816,1.0
2502409,Bonito de Santa Fé,PB,Nordeste,8,2,0.25,0.5067679720397233,1.0
2502508,Boqueirão,PB,Nordeste,11,6,0.5454545454545454,0.5184517851660919,1.0
2502607,Igaracy,PB,Nordeste,4,1,0.25,0.456040762426563,1.0
2502706,Borborema,PB,Nordeste,3,2,0.6666666666666666,0.5036013926396697,1.0
2502805,Brejo do Cruz,PB,Nordeste,11,6,0.5454545454545454,0.48149158314483614,1.0
2502904,Brejo dos Santos,PB,Nordeste,6,0,0.0,0.4837692588973434,1.0
2503001,Caaporã,PB,Nordeste,24,17,0.7083333333333334,0.5275271782759114,1.0
2503100,Cabaceiras,PB,Nordeste,4,1,0.25,0.553774173716693,1.0
2503209,Cabedelo,PB,Nordeste,60,30,0.5,0.5524047841224462,1.0
2503308,Cachoeira dos Índios,PB,Nordeste,8,3,0.375,0.5118088552001929,1.0
2503407,Cacimba de Areia,PB,Nordeste,2,2,1.0,0.49614617885302925,1.0
2503506,Cacimba de Dentro,PB,Nordeste,22,7,0.3181818181818182,0.46563937631574337,1.0
2503555,Cacimbas,PB,Nordeste,6,3,0.5,0.4869136023102978,1.0
2503605,Caiçara,PB,Nordeste,4,0,0.0,0.47601959633511703,1.0
2503704,Cajazeiras,PB,Nordeste,48,23,0.4791666666666667,0.5016070482288645,1.0
2503803,Caldas Brandão,PB,Nordeste,1,1,1.0,0.4830641688933348,1.0
2503902,Camalaú,PB,Nordeste,10,3,0.3,0.5066330464447361,1.0
2504009,Campina Grande,PB,Nordeste,279,151,0.5412186379928315,0.5330182042922119,1.0
2504033,Capim,PB,Nordeste,17,7,0.4117647058823529,0.5024334613881511,1.0
2504074,Caraúbas,PB,Nordeste,6,0,0.0,0.5617426774141827,1.0
2504108,Carrapateira,PB,Nordeste,1,0,0.0,0.47048148691949043,1.0
2504157,Casserengue,PB,Nordeste,14,7,0.5,0.4639654865703416,1.0
2504207,Catingueira,PB,Nordeste,3,0,0.0,0.47614313775159633,1.0
2504306,Catolé do Rocha,PB,Nordeste,22,14,0.6363636363636364,0.511116244828316,1.0
2504355,Caturité,PB,Nordeste,5,1,0.2,0.5164895871929367,1.0
2504405,Conceição,PB,Nordeste,13,0,0.0,0.47280236556322525,1.0
2504504,Condado,PB,Nordeste,3,1,0.3333333333333333,0.4932275716211667,1.0
2504603,Conde,PB,Nordeste,39,10,0.2564102564102564,0.5096329987794099,1.0
2504702,Congo,PB,Nordeste,4,4,1.0,0.5040816178167495,1.0
2504801,Coremas,PB,Nordeste,7,4,0.5714285714285714,0.4731730146600836,1.0
2504850,Coxixola,PB,Nordeste,1,0,0.0,0.5132782008815677,1.0
2504900,Cruz do Espírito Santo,PB,Nordeste,8,3,0.375,0.5118172413613662,1.0
2505006,Cubati,PB,Nordeste,11,0,0.0,0.5368180246755744,1.0
2505105,Cuité,PB,Nordeste,15,4,0.26666666666666666,0.49291947474262354,1.0
2505204,Cuitegi,PB,Nordeste,4,3,0.75,0.49008303937506337,1.0
2505238,Cuité de Mamanguape,PB,Nordeste,7,6,0.8571428571428571,0.4937380531997322,1.0
2505279,Curral de Cima,PB,Nordeste,1,0,0.0,0.4717859864952102,1.0
2505303,Curral Velho,PB,Nordeste,1,0,0.0,0.45212501258036253,1.0
2505352,Damião,PB,Nordeste,5,1,0.2,0.49606287078442046,1.0
2505402,Desterro,PB,Nordeste,5,1,0.2,0.5224346511506431,1.0
2505501,Vista Serrana,PB,Nordeste,3,2,0.6666666666666666,0.5264550237136357,1.0
2505709,Dona Inês,PB,Nordeste,7,0,0.0,0.4608448749443047,1.0
2505808,Duas Estradas,PB,Nordeste,2,0,0.0,0.48759047852644233,1.0
2505907,Emas,PB,Nordeste,4,2,0.5,0.48654306124879876,1.0
2506004,Esperança,PB,Nordeste,25,5,0.2,0.5033105305691145,1.0
2506103,Fagundes,PB,Nordeste,12,8,0.6666666666666666,0.5188489115248673,1.0
2506202,Frei Martinho,PB,Nordeste,1,0,0.0,0.4662603069596538,1.0
2506251,Gado Bravo,PB,Nordeste,3,0,0.0,0.5269760248731798,1.0
2506301,Guarabira,PB,Nordeste,42,14,0.3333333333333333,0.5040991220265427,1.0
2506400,Gurinhém,PB,Nordeste,8,8,1.0,0.47964568247804873,1.0
2506509,Gurjão,PB,Nordeste,2,0,0.0,0.519347842894954,1.0
2506608,Ibiara,PB,Nordeste,4,2,0.5,0.43919834654379497,1.0
2506707,Imaculada,PB,Nordeste,12,7,0.5833333333333334,0.502264132665326,1.0
2506806,Ingá,PB,Nordeste,16,9,0.5625,0.4596632094396663,1.0
2506905,Itabaiana,PB,Nordeste,15,7,0.4666666666666667,0.5011559420737158,1.0
2507002,Itaporanga,PB,Nordeste,13,7,0.5384615384615384,0.5253229146064028,1.0
2507101,Itapororoca,PB,Nordeste,21,5,0.23809523809523808,0.49772352304020806,1.0
2507200,Itatuba,PB,Nordeste,4,3,0.75,0.4626514243808667,1.0
2507309,Jacaraú,PB,Nordeste,12,6,0.5,0.5219074988633143,1.0
2507408,Jericó,PB,Nordeste,5,5,1.0,0.49239117069216454,1.0
2507507,João Pessoa,PB,Nordeste,569,256,0.44991212653778556,0.5427852477882197,1.0
2507606,Juarez Távora,PB,Nordeste,6,3,0.5,0.4735764536915166,1.0
2507705,Juazeirinho,PB,Nordeste,16,13,0.8125,0.5291687325278498,1.0
2507804,Junco do Seridó,PB,Nordeste,6,2,0.3333333333333333,0.5279852709059016,1.0
2507903,Juripiranga,PB,Nordeste,13,6,0.46153846153846156,0.5197838652045115,1.0
2508000,Juru,PB,Nordeste,10,7,0.7,0.4779433813377373,1.0
2508109,Lagoa,PB,Nordeste,5,4,0.8,0.4756588956342348,1.0
2508208,Lagoa de Dentro,PB,Nordeste,5,5,1.0,0.4970277546216342,1.0
2508307,Lagoa Seca,PB,Nordeste,24,12,0.5,0.5249722121409113,1.0
2508406,Lastro,PB,Nordeste,3,0,0.0,0.5296863796486364,1.0
2508505,Livramento,PB,Nordeste,8,1,0.125,0.5479907007321847,1.0
2508554,Logradouro,PB,Nordeste,1,0,0.0,0.48085995526870096,1.0
2508604,Lucena,PB,Nordeste,14,8,0.5714285714285714,0.5386251088569294,1.0
2508703,Mãe d'Água,PB,Nordeste,1,0,0.0,0.5329269076491363,1.0
2508802,Malta,PB,Nordeste,6,1,0.16666666666666666,0.4757316748644504,1.0
2508901,Mamanguape,PB,Nordeste,47,10,0.2127659574468085,0.5218838643988722,1.0
2509008,Manaíra,PB,Nordeste,9,3,0.3333333333333333,0.48322127593599146,1.0
2509057,Marcação,PB,Nordeste,12,10,0.8333333333333334,0.5370328691780751,1.0
2509107,Mari,PB,Nordeste,21,8,0.38095238095238093,0.513650039211204,1.0
2509156,Marizópolis,PB,Nordeste,5,0,0.0,0.5093353607258083,1.0
2509206,Massaranduba,PB,Nordeste,14,9,0.6428571428571429,0.5073219582154034,1.0
2509305,Mataraca,PB,Nordeste,20,11,0.55,0.5646841048648994,1.0
2509339,Matinhas,PB,Nordeste,3,0,0.0,0.5317195158335605,1.0
2509396,Maturéia,PB,Nordeste,12,6,0.5,0.5192494267786902,1.0
2509404,Mogeiro,PB,Nordeste,7,3,0.42857142857142855,0.4988319550274626,1.0
2509503,Montadas,PB,Nordeste,5,0,0.0,0.5265398628609552,1.0
2509602,Monte Horebe,PB,Nordeste,5,1,0.2,0.4967995539711375,1.0
2509701,Monteiro,PB,Nordeste,32,9,0.28125,0.49017711535170205,1.0
2509800,Mulungu,PB,Nordeste,10,2,0.2,0.4790218688561653,1.0
2509909,Natuba,PB,Nordeste,5,1,0.2,0.4737778375163254,1.0
2510006,Nazarezinho,PB,Nordeste,2,1,0.5,0.4802080277073615,1.0
2510105,Nova Floresta,PB,Nordeste,12,2,0.16666666666666666,0.5076263738782509,1.0
2510204,Nova Olinda,PB,Nordeste,7,3,0.42857142857142855,0.499569683284823,1.0
2510303,Nova Palmeira,PB,Nordeste,2,0,0.0,0.5268692675134937,1.0
2510402,Olho d'Água,PB,Nordeste,7,1,0.14285714285714285,0.45190515550156546,1.0
2510501,Olivedos,PB,Nordeste,2,1,0.5,0.5439657339309796,1.0
2510600,Ouro Velho,PB,Nordeste,2,0,0.0,0.5273358264773179,1.0
2510709,Passagem,PB,Nordeste,1,0,0.0,0.4561299128041395,1.0
2510808,Patos,PB,Nordeste,80,29,0.3625,0.49878346030113274,1.0
2510907,Paulista,PB,Nordeste,4,2,0.5,0.47049888475181467,1.0
2511004,Pedra Branca,PB,Nordeste,2,0,0.0,0.5099605881665986,1.0
2511103,Pedra Lavrada,PB,Nordeste,8,1,0.125,0.5176575567643946,1.0
2511202,Pedras de Fogo,PB,Nordeste,34,12,0.35294117647058826,0.5096759270916913,1.0
2511301,Piancó,PB,Nordeste,3,3,1.0,0.47622475205967624,1.0
2511400,Picuí,PB,Nordeste,19,13,0.6842105263157895,0.5222434205396468,1.0
2511509,Pilar,PB,Nordeste,12,5,0.4166666666666667,0.4987430459750996,1.0
2511608,Pilões,PB,Nordeste,9,4,0.4444444444444444,0.4936460597823302,1.0
2511707,Pilõezinhos,PB,Nordeste,6,3,0.5,0.4863446001900266,1.0
2511806,Pirpirituba,PB,Nordeste,5,3,0.6,0.4982477005240561,1.0
2511905,Pitimbu,PB,Nordeste,21,10,0.47619047619047616,0.5225369211856326,1.0
2512002,Pocinhos,PB,Nordeste,27,11,0.4074074074074074,0.5254822441923825,1.0
2512036,Poço Dantas,PB,Nordeste,6,1,0.16666666666666666,0.5156033242782241,1.0
2512077,Poço de José de Moura,PB,Nordeste,5,1,0.2,0.48486633271009066,1.0
2512101,Pombal,PB,Nordeste,25,7,0.28,0.489937633954193,1.0
2512200,Prata,PB,Nordeste,5,2,0.4,0.5273471889798196,1.0
2512309,Princesa Isabel,PB,Nordeste,27,0,0.0,0.5143594268574199,1.0
2512408,Puxinanã,PB,Nordeste,22,10,0.45454545454545453,0.5111056059630141,1.0
2512507,Queimadas,PB,Nordeste,56,4,0.07142857142857142,0.5318723295844449,1.0
2512606,Quixabá,PB,Nordeste,3,2,0.6666666666666666,0.4983812379980391,1.0
2512705,Remígio,PB,Nordeste,17,7,0.4117647058823529,0.4855505830202368,1.0
2512721,Pedro Régis,PB,Nordeste,4,1,0.25,0.46326241139718527,1.0
2512747,Riachão,PB,Nordeste,3,0,0.0,0.4897673028751013,1.0
2512754,Riachão do Bacamarte,PB,Nordeste,3,1,0.3333333333333333,0.5012590731132136,1.0
2512762,Riachão do Poço,PB,Nordeste,4,0,0.0,0.4771548785087296,1.0
2512788,Riacho de Santo Antônio,PB,Nordeste,5,2,0.4,0.5232223601494774,1.0
2512804,Riacho dos Cavalos,PB,Nordeste,9,5,0.5555555555555556,0.4814803286657284,1.0
2512903,Rio Tinto,PB,Nordeste,22,14,0.6363636363636364,0.5009922266376482,1.0
2513000,Salgadinho,PB,Nordeste,4,0,0.0,0.4757286704940097,1.0
2513109,Salgado de São Félix,PB,Nordeste,3,0,0.0,0.4742321210325999,1.0
2513158,Santa Cecília,PB,Nordeste,6,4,0.6666666666666666,0.4984311938636292,1.0
2513208,Santa Cruz,PB,Nordeste,7,0,0.0,0.48916648798892715,1.0
2513307,Santa Helena,PB,Nordeste,6,0,0.0,0.4990037274413939,1.0
2513356,Santa Inês,PB,Nordeste,1,1,1.0,0.47855056003591256,1.0
2513406,Santa Luzia,PB,Nordeste,11,5,0.45454545454545453,0.4953488198141675,1.0
2513505,Santana de Mangueira,PB,Nordeste,3,0,0.0,0.48786707634469795,1.0
2513604,Santana dos Garrotes,PB,Nordeste,4,3,0.75,0.46306132805059963,1.0
2513653,Joca Claudino,PB,Nordeste,3,1,0.3333333333333333,0.43605198639074666,1.0
2513703,Santa Rita,PB,Nordeste,93,51,0.5483870967741935,0.5336756424511079,1.0
2513802,Santa Teresinha,PB,Nordeste,1,1,1.0,0.46741433423121126,1.0
2513851,Santo André,PB,Nordeste,5,3,0.6,0.49736645675686975,1.0
2513901,São Bento,PB,Nordeste,22,11,0.5,0.48607069636379613,1.0
2513927,São Bentinho,PB,Nordeste,1,1,1.0,0.46304678313363024,1.0
2513943,São Domingos do Cariri,PB,Nordeste,4,0,0.0,0.5247614933639453,1.0
2513968,São Domingos,PB,Nordeste,3,0,0.0,0.4594227835072513,1.0
2513984,São Francisco,PB,Nordeste,2,0,0.0,0.4967824831882611,1.0
2514008,São João do Cariri,PB,Nordeste,5,1,0.2,0.5412439780916515,1.0
2514107,São João do Tigre,PB,Nordeste,4,1,0.25,0.462074671270842,1.0
2514206,São José da Lagoa Tapada,PB,Nordeste,7,2,0.2857142857142857,0.4592672347894222,1.0
2514305,São José de Caiana,PB,Nordeste,7,4,0.5714285714285714,0.47886422616857194,1.0
2514404,São José de Espinharas,PB,Nordeste,4,1,0.25,0.47939213336935727,1.0
2514453,São José dos Ramos,PB,Nordeste,5,2,0.4,0.4995517196941871,1.0
2514503,São José de Piranhas,PB,Nordeste,17,7,0.4117647058823529,0.521346491388479,1.0
2514552,São José de Princesa,PB,Nordeste,1,1,1.0,0.5049751616863909,1.0
2514602,São José do Bonfim,PB,Nordeste,3,2,0.6666666666666666,0.51637119320623,1.0
2514651,São José do Brejo do Cruz,PB,Nordeste,3,0,0.0,0.49869790561260796,1.0
2514701,São José do Sabugi,PB,Nordeste,3,3,1.0,0.4907778498793152,1.0
2514800,São José dos Cordeiros,PB,Nordeste,2,0,0.0,0.5558691389121312,1.0
2514909,São Mamede,PB,Nordeste,9,6,0.6666666666666666,0.5085574281767695,1.0
2515005,São Miguel de Taipu,PB,Nordeste,3,0,0.0,0.4649551279518216,1.0
2515104,São Sebastião de Lagoa de Roça,PB,Nordeste,12,7,0.5833333333333334,0.5236231832664587,1.0
2515203,São Sebastião do Umbuzeiro,PB,Nordeste,6,2,0.3333333333333333,0.5367549881632167,1.0
2515302,Sapé,PB,Nordeste,32,22,0.6875,0.5175483317843103,1.0
2515401,São Vicente do Seridó,PB,Nordeste,6,3,0.5,0.5677102007918886,1.0
2515500,Serra Branca,PB,Nordeste,13,7,0.5384615384615384,0.5348925444563285,1.0
2515609,Serra da Raiz,PB,Nordeste,4,2,0.5,0.4663726807626203,1.0
2515708,Serra Grande,PB,Nordeste,5,2,0.4,0.46957243719952924,1.0
2515807,Serra Redonda,PB,Nordeste,2,0,0.0,0.5122236649471097,1.0
2515906,Serraria,PB,Nordeste,8,0,0.0,0.46237560624886176,1.0
2515930,Sertãozinho,PB,Nordeste,3,2,0.6666666666666666,0.48300017158221653,1.0
2515971,Sobrado,PB,Nordeste,6,1,0.16666666666666666,0.4957770648321578,1.0
2516003,Solânea,PB,Nordeste,16,7,0.4375,0.49370811713967966,1.0
2516102,Soledade,PB,Nordeste,13,9,0.6923076923076923,0.5449916785037368,1.0
2516151,Sossêgo,PB,Nordeste,2,1,0.5,0.47277300815353696,1.0
2516201,Sousa,PB,Nordeste,43,16,0.37209302325581395,0.49678297926067355,1.0
2516300,Sumé,PB,Nordeste,14,4,0.2857142857142857,0.5007504560930606,1.0
2516409,Tacima,PB,Nordeste,2,0,0.0,0.5301043131183978,1.0
2516508,Taperoá,PB,Nordeste,17,1,0.058823529411764705,0.5170511864564844,1.0
2516607,Tavares,PB,Nordeste,4,3,0.75,0.4841246561726732,1.0
2516706,Teixeira,PB,Nordeste,10,3,0.3,0.5255730391095965,1.0
2516755,Tenório,PB,Nordeste,3,2,0.6666666666666666,0.4959472560901396,1.0
2516805,Triunfo,PB,Nordeste,5,2,0.4,0.48238273750647165,1.0
2516904,Uiraúna,PB,Nordeste,16,8,0.5,0.48315405163563796,1.0
2517001,Umbuzeiro,PB,Nordeste,17,3,0.17647058823529413,0.4421027304514351,1.0
2517100,Várzea,PB,Nordeste,2,0,0.0,0.5153928274976541,1.0
2517209,Vieirópolis,PB,Nordeste,4,0,0.0,0.4515950991940214,1.0
2517407,Zabelê,PB,Nordeste,3,1,0.3333333333333333,0.5039412326519934,1.0
2600054,Abreu e Lima,PE,Nordeste,76,43,0.5657894736842105,0.4368258567260986,1.0
2600104,Afogados da Ingazeira,PE,Nordeste,40,9,0.225,0.36778041822591745,1.0
2600203,Afrânio,PE,Nordeste,15,6,0.4,0.3729820850364637,1.0
2600302,Agrestina,PE,Nordeste,22,9,0.4090909090909091,0.35862215281016796,1.0
2600401,Água Preta,PE,Nordeste,17,8,0.47058823529411764,0.3900593806286229,1.0
2600500,Águas Belas,PE,Nordeste,33,18,0.5454545454545454,0.3622136132071767,1.0
2600609,Alagoinha,PE,Nordeste,15,6,0.4,0.37772167370399423,1.0
2600708,Aliança,PE,Nordeste,28,19,0.6785714285714286,0.38405018438483574,1.0
2600807,Altinho,PE,Nordeste,13,5,0.38461538461538464,0.33547835269091497,0.0
2600906,Amaraji,PE,Nordeste,20,8,0.4,0.3789977975644395,1.0
2601003,Angelim,PE,Nordeste,7,2,0.2857142857142857,0.36107016262462405,1.0
2601052,Araçoiaba,PE,Nordeste,21,11,0.5238095238095238,0.4372470718252481,1.0
2601102,Araripina,PE,Nordeste,92,44,0.4782608695652174,0.38180077048645267,1.0
2601201,Arcoverde,PE,Nordeste,74,28,0.3783783783783784,0.40029270735220857,1.0
2601300,Barra de Guabiraba,PE,Nordeste,15,5,0.3333333333333333,0.3559448582947312,1.0
2601409,Barreiros,PE,Nordeste,47,17,0.3617021276595745,0.42415882977873687,1.0
2601508,Belém de Maria,PE,Nordeste,11,4,0.36363636363636365,0.34761351868631774,0.0
2601607,Belém do São Francisco,PE,Nordeste,18,6,0.3333333333333333,0.3659475025846636,1.0
2601706,Belo Jardim,PE,Nordeste,66,40,0.6060606060606061,0.3806224296381251,1.0
2601805,Betânia,PE,Nordeste,8,1,0.125,0.3713736858461615,1.0
2601904,Bezerros,PE,Nordeste,40,17,0.425,0.37845640173155304,1.0
2602001,Bodocó,PE,Nordeste,28,15,0.5357142857142857,0.3715603117804651,1.0
2602100,Bom Conselho,PE,Nordeste,44,20,0.45454545454545453,0.366950227526629,1.0
2602209,Bom Jardim,PE,Nordeste,29,11,0.3793103448275862,0.36509173989521715,1.0
2602308,Bonito,PE,Nordeste,32,8,0.25,0.3881597057400512,1.0
2602407,Brejão,PE,Nordeste,8,0,0.0,0.40143494914137046,1.0
2602506,Brejinho,PE,Nordeste,8,3,0.375,0.4090613369222501,1.0
2602605,Brejo da Madre de Deus,PE,Nordeste,40,27,0.675,0.37213875031381716,1.0
2602704,Buenos Aires,PE,Nordeste,10,0,0.0,0.39503483448355137,1.0
2602803,Buíque,PE,Nordeste,53,29,0.5471698113207547,0.3422470506845051,0.0
2602902,Cabo de Santo Agostinho,PE,Nordeste,208,98,0.47115384615384615,0.4177017061936855,1.0
2603009,Cabrobó,PE,Nordeste,31,17,0.5483870967741935,0.3766089248095441,1.0
2603108,Cachoeirinha,PE,Nordeste,18,8,0.4444444444444444,0.3679864235439676,1.0
2603207,Caetés,PE,Nordeste,38,17,0.4473684210526316,0.3675454407725548,1.0
2603306,Calçado,PE,Nordeste,3,2,0.6666666666666666,0.37451006830421524,1.0
2603405,Calumbi,PE,Nordeste,13,2,0.15384615384615385,0.37342503974037417,1.0
2603454,Camaragibe,PE,Nordeste,102,42,0.4117647058823529,0.42544376971913456,1.0
2603504,Camocim de São Félix,PE,Nordeste,20,6,0.3,0.3646383596775715,1.0
2603702,Canhotinho,PE,Nordeste,17,7,0.4117647058823529,0.3718369127975846,1.0
2603801,Capoeiras,PE,Nordeste,17,3,0.17647058823529413,0.3790804994223548,1.0
2603900,Carnaíba,PE,Nordeste,24,1,0.041666666666666664,0.3869625862673483,1.0
2603926,Carnaubeira da Penha,PE,Nordeste,4,0,0.0,0.35620228778343777,1.0
2604007,Carpina,PE,Nordeste,58,22,0.3793103448275862,0.40260515005923314,1.0
2604106,Caruaru,PE,Nordeste,310,134,0.432258064516129,0.4096674242306305,1.0
2604155,Casinhas,PE,Nordeste,10,1,0.1,0.3774544956895971,1.0
2604205,Catende,PE,Nordeste,25,19,0.76,0.38057753976135444,1.0
2604304,Cedro,PE,Nordeste,4,2,0.5,0.3858635426256779,1.0
2604403,Chã de Alegria,PE,Nordeste,7,1,0.14285714285714285,0.3931155453964082,1.0
2604502,Chã Grande,PE,Nordeste,26,10,0.38461538461538464,0.36608499945339,1.0
2604601,Condado,PE,Nordeste,16,11,0.6875,0.3979939272281584,1.0
2604700,Correntes,PE,Nordeste,14,2,0.14285714285714285,0.3933239891172959,1.0
2604809,Cortês,PE,Nordeste,6,1,0.16666666666666666,0.3963209857082595,1.0
2604908,Cumaru,PE,Nordeste,6,0,0.0,0.37543230315319037,1.0
2605004,Cupira,PE,Nordeste,34,8,0.23529411764705882,0.37307703106288836,1.0
2605103,Custódia,PE,Nordeste,37,6,0.16216216216216217,0.38264085626308963,1.0
2605152,Dormentes,PE,Nordeste,19,0,0.0,0.36170771140899416,1.0
2605202,Escada,PE,Nordeste,38,23,0.6052631578947368,0.39832330945919825,1.0
2605301,Exu,PE,Nordeste,42,18,0.42857142857142855,0.4066234187142698,1.0
2605400,Feira Nova,PE,Nordeste,24,4,0.16666666666666666,0.37663919991700484,1.0
2605459,Fernando de Noronha,PE,Nordeste,8,0,0.0,0.3983588126131574,1.0
2605509,Ferreiros,PE,Nordeste,6,4,0.6666666666666666,0.3750023607014065,1.0
2605608,Flores,PE,Nordeste,11,5,0.45454545454545453,0.3680234169767181,1.0
2605707,Floresta,PE,Nordeste,26,15,0.5769230769230769,0.40398385217598176,1.0
2605806,Frei Miguelinho,PE,Nordeste,11,5,0.45454545454545453,0.36029973075807287,1.0
2605905,Gameleira,PE,Nordeste,13,2,0.15384615384615385,0.3728340405829199,1.0
2606002,Garanhuns,PE,Nordeste,117,38,0.3247863247863248,0.4095331597663504,1.0
2606101,Glória do Goitá,PE,Nordeste,23,9,0.391304347826087,0.3674702255320125,1.0
2606200,Goiana,PE,Nordeste,86,50,0.5813953488372093,0.4050025092868537,1.0
2606309,Granito,PE,Nordeste,14,2,0.14285714285714285,0.3939732967607516,1.0
2606408,Gravatá,PE,Nordeste,39,25,0.6410256410256411,0.3953602581833473,1.0
2606507,Iati,PE,Nordeste,10,2,0.2,0.3585154894332866,1.0
2606606,Ibimirim,PE,Nordeste,23,9,0.391304347826087,0.3756059751752977,1.0
2606705,Ibirajuba,PE,Nordeste,4,1,0.25,0.3508878748796652,1.0
2606804,Igarassu,PE,Nordeste,124,39,0.31451612903225806,0.41962183441882894,1.0
2606903,Iguaraci,PE,Nordeste,4,0,0.0,0.37360941903884026,1.0
2607000,Inajá,PE,Nordeste,19,4,0.21052631578947367,0.38836995052927825,1.0
2607109,Ingazeira,PE,Nordeste,8,2,0.25,0.3751024198633186,1.0
2607208,Ipojuca,PE,Nordeste,148,60,0.40540540540540543,0.41439372916857864,1.0
2607307,Ipubi,PE,Nordeste,38,8,0.21052631578947367,0.3910040181567098,1.0
2607406,Itacuruba,PE,Nordeste,3,1,0.3333333333333333,0.41799593744990404,1.0
2607505,Itaíba,PE,Nordeste,19,8,0.42105263157894735,0.37172428242601263,1.0
2607604,Ilha de Itamaracá,PE,Nordeste,14,4,0.2857142857142857,0.4263261225520936,1.0
2607653,Itambé,PE,Nordeste,25,15,0.6,0.40142953524875447,1.0
2607703,Itapetim,PE,Nordeste,5,0,0.0,0.40362189000296567,1.0
2607752,Itapissuma,PE,Nordeste,35,6,0.17142857142857143,0.4098674592877726,1.0
2607802,Itaquitinga,PE,Nordeste,7,4,0.5714285714285714,0.4141473899049618,1.0
2607901,Jaboatão dos Guararapes,PE,Nordeste,493,234,0.4746450304259635,0.42230665256090194,1.0
2607950,Jaqueira,PE,Nordeste,9,1,0.1111111111111111,0.35884033362919576,1.0
2608008,Jataúba,PE,Nordeste,16,11,0.6875,0.35424980701248077,1.0
2608057,Jatobá,PE,Nordeste,9,3,0.3333333333333333,0.37337927050679054,1.0
2608107,João Alfredo,PE,Nordeste,13,3,0.23076923076923078,0.3577506174416035,1.0
2608206,Joaquim Nabuco,PE,Nordeste,6,5,0.8333333333333334,0.40115403504636166,1.0
2608255,Jucati,PE,Nordeste,19,7,0.3684210526315789,0.37902858766713377,1.0
2608305,Jupi,PE,Nordeste,31,4,0.12903225806451613,0.3574273050515503,1.0
2608404,Jurema,PE,Nordeste,14,7,0.5,0.386861177358193,1.0
2608453,Lagoa do Carro,PE,Nordeste,18,6,0.3333333333333333,0.40975179096237657,1.0
2608503,Lagoa de Itaenga,PE,Nordeste,22,3,0.13636363636363635,0.38972464961612024,1.0
2608602,Lagoa do Ouro,PE,Nordeste,6,2,0.3333333333333333,0.36918470153777827,1.0
2608701,Lagoa dos Gatos,PE,Nordeste,11,1,0.09090909090909091,0.3336278588677044,0.0
2608750,Lagoa Grande,PE,Nordeste,31,9,0.2903225806451613,0.39818961632210426,1.0
2608800,Lajedo,PE,Nordeste,39,19,0.48717948717948717,0.38804443046047454,1.0
2608909,Limoeiro,PE,Nordeste,42,12,0.2857142857142857,0.3861623760673381,1.0
2609006,Macaparana,PE,Nordeste,22,6,0.2727272727272727,0.3568444625450734,1.0
2609105,Machados,PE,Nordeste,13,0,0.0,0.3940616527828244,1.0
2609154,Manari,PE,Nordeste,17,8,0.47058823529411764,0.3849204502667146,1.0
2609204,Maraial,PE,Nordeste,6,1,0.16666666666666666,0.379936435168671,1.0
2609303,Mirandiba,PE,Nordeste,17,7,0.4117647058823529,0.3942807615666213,1.0
2609402,Moreno,PE,Nordeste,29,19,0.6551724137931034,0.4143930913485707,1.0
2609501,Nazaré da Mata,PE,Nordeste,25,10,0.4,0.3856148707823712,1.0
2609600,Olinda,PE,Nordeste,263,93,0.35361216730038025,0.4262000611116763,1.0
2609709,Orobó,PE,Nordeste,13,0,0.0,0.3551521814131693,1.0
2609808,Orocó,PE,Nordeste,12,9,0.75,0.3868614178506456,1.0
2609907,Ouricuri,PE,Nordeste,55,37,0.6727272727272727,0.37876999877213235,1.0
2610004,Palmares,PE,Nordeste,30,14,0.4666666666666667,0.4058841526664279,1.0
2610103,Palmeirina,PE,Nordeste,8,5,0.625,0.3749409080443167,1.0
2610202,Panelas,PE,Nordeste,20,2,0.1,0.3237779499251954,0.0
2610301,Paranatama,PE,Nordeste,13,5,0.38461538461538464,0.3683085203722389,1.0
2610400,Parnamirim,PE,Nordeste,19,6,0.3157894736842105,0.37481297508108513,1.0
2610509,Passira,PE,Nordeste,18,4,0.2222222222222222,0.36263268048315933,1.0
2610608,Paudalho,PE,Nordeste,38,7,0.18421052631578946,0.3942765196654634,1.0
2610707,Paulista,PE,Nordeste,198,83,0.41919191919191917,0.42455508337681785,1.0
2610806,Pedra,PE,Nordeste,27,15,0.5555555555555556,0.36890075832637526,1.0
2610905,Pesqueira,PE,Nordeste,49,17,0.3469387755102041,0.38488127267068706,1.0
2611002,Petrolândia,PE,Nordeste,46,17,0.3695652173913043,0.42926701552353463,1.0
2611101,Petrolina,PE,Nordeste,404,125,0.3094059405940594,0.4185902486632728,1.0
2611200,Poção,PE,Nordeste,15,6,0.4,0.39230120592454976,1.0
2611309,Pombos,PE,Nordeste,10,6,0.6,0.36676238103119907,1.0
2611408,Primavera,PE,Nordeste,9,2,0.2222222222222222,0.38639066594739513,1.0
2611507,Quipapá,PE,Nordeste,27,15,0.5555555555555556,0.35814267532004346,1.0
2611533,Quixaba,PE,Nordeste,12,1,0.08333333333333333,0.37240327994735684,1.0
2611606,Recife,PE,Nordeste,1021,444,0.4348677766895201,0.4238750164404696,1.0
2611705,Riacho das Almas,PE,Nordeste,17,3,0.17647058823529413,0.36034277915503954,1.0
2611804,Ribeirão,PE,Nordeste,29,12,0.41379310344827586,0.41208925428365084,1.0
2611903,Rio Formoso,PE,Nordeste,27,0,0.0,0.4028712428552337,1.0
2612000,Sairé,PE,Nordeste,5,2,0.4,0.3584359492903524,1.0
2612109,Salgadinho,PE,Nordeste,2,0,0.0,0.3354053782778734,0.0
2612208,Salgueiro,PE,Nordeste,62,19,0.3064516129032258,0.40192278711514684,1.0
2612307,Saloá,PE,Nordeste,9,2,0.2222222222222222,0.35739857264511976,1.0
2612406,Sanharó,PE,Nordeste,22,10,0.45454545454545453,0.3931154048518107,1.0
2612455,Santa Cruz,PE,Nordeste,13,4,0.3076923076923077,0.3656351521812107,1.0
2612471,Santa Cruz da Baixa Verde,PE,Nordeste,6,1,0.16666666666666666,0.3665222319536488,1.0
2612505,Santa Cruz do Capibaribe,PE,Nordeste,113,46,0.40707964601769914,0.42073054373658847,1.0
2612554,Santa Filomena,PE,Nordeste,14,8,0.5714285714285714,0.37155902858465584,1.0
2612604,Santa Maria da Boa Vista,PE,Nordeste,39,16,0.41025641025641024,0.4270822904948376,1.0
2612703,Santa Maria do Cambucá,PE,Nordeste,3,1,0.3333333333333333,0.3719810441406579,1.0
2612802,Santa Terezinha,PE,Nordeste,12,0,0.0,0.39552210220179934,1.0
2612901,São Benedito do Sul,PE,Nordeste,7,3,0.42857142857142855,0.3885814250374654,1.0
2613008,São Bento do Una,PE,Nordeste,42,15,0.35714285714285715,0.37337199282805766,1.0
2613107,São Caitano,PE,Nordeste,38,15,0.39473684210526316,0.37688078149471305,1.0
2613206,São João,PE,Nordeste,18,7,0.3888888888888889,0.3754363167548571,1.0
2613305,São Joaquim do Monte,PE,Nordeste,24,5,0.20833333333333334,0.3809910769736085,1.0
2613404,São José da Coroa Grande,PE,Nordeste,26,12,0.46153846153846156,0.420272384601061,1.0
2613503,São José do Belmonte,PE,Nordeste,47,16,0.3404255319148936,0.35252369165812564,1.0
2613602,São José do Egito,PE,Nordeste,30,11,0.36666666666666664,0.3815284048156379,1.0
2613701,São Lourenço da Mata,PE,Nordeste,105,52,0.49523809523809526,0.42275793750685675,1.0
2613800,São Vicente Ferrer,PE,Nordeste,14,5,0.35714285714285715,0.3900689061824278,1.0
2613909,Serra Talhada,PE,Nordeste,97,18,0.18556701030927836,0.3765849563028799,1.0
2614006,Serrita,PE,Nordeste,17,7,0.4117647058823529,0.36191526163080256,1.0
2614105,Sertânia,PE,Nordeste,23,8,0.34782608695652173,0.3682123967508918,1.0
2614204,Sirinhaém,PE,Nordeste,34,10,0.29411764705882354,0.39480654834548257,1.0
2614303,Moreilândia,PE,Nordeste,10,3,0.3,0.3905881820056446,1.0
2614402,Solidão,PE,Nordeste,11,1,0.09090909090909091,0.38433903912788686,1.0
2614501,Surubim,PE,Nordeste,43,16,0.37209302325581395,0.3823779403484295,1.0
2614600,Tabira,PE,Nordeste,27,11,0.4074074074074074,0.395215453651214,1.0
2614709,Tacaimbó,PE,Nordeste,8,5,0.625,0.34557870510758903,0.0
2614808,Tacaratu,PE,Nordeste,13,2,0.15384615384615385,0.40336982094758167,1.0
2614857,Tamandaré,PE,Nordeste,29,12,0.41379310344827586,0.4281111530911509,1.0
2615003,Taquaritinga do Norte,PE,Nordeste,23,9,0.391304347826087,0.3749579852765262,1.0
2615102,Terezinha,PE,Nordeste,4,2,0.5,0.3460897731136984,0.0
2615201,Terra Nova,PE,Nordeste,11,1,0.09090909090909091,0.41546622532960953,1.0
2615300,Timbaúba,PE,Nordeste,31,5,0.16129032258064516,0.4112552122922049,1.0
2615409,Toritama,PE,Nordeste,69,18,0.2608695652173913,0.4237285411256384,1.0
2615508,Tracunhaém,PE,Nordeste,8,1,0.125,0.39993430828321386,1.0
2615607,Trindade,PE,Nordeste,37,15,0.40540540540540543,0.40425556808749463,1.0
2615706,Triunfo,PE,Nordeste,13,2,0.15384615384615385,0.38863052749959315,1.0
2615805,Tupanatinga,PE,Nordeste,26,6,0.23076923076923078,0.3515007459028951,1.0
2615904,Tuparetama,PE,Nordeste,9,0,0.0,0.39236134156157776,1.0
2616001,Venturosa,PE,Nordeste,4,0,0.0,0.37863297435128784,1.0
2616100,Verdejante,PE,Nordeste,6,1,0.16666666666666666,0.37950803430606034,1.0
2616183,Vertente do Lério,PE,Nordeste,13,3,0.23076923076923078,0.35850227109074306,1.0
2616209,Vertentes,PE,Nordeste,13,7,0.5384615384615384,0.4269588959363757,1.0
2616308,Vicência,PE,Nordeste,24,14,0.5833333333333334,0.39884018978837615,1.0
2616407,Vitória de Santo Antão,PE,Nordeste,118,66,0.559322033898305,0.39307230157583806,1.0
2616506,Xexéu,PE,Nordeste,17,2,0.11764705882352941,0.38290741266797734,1.0
2700102,Água Branca,AL,Nordeste,20,7,0.35,0.5609493234078241,1.0
2700201,Anadia,AL,Nordeste,14,6,0.42857142857142855,0.48510453481599447,1.0
2700300,Arapiraca,AL,Nordeste,238,134,0.5630252100840336,0.5494857001704156,1.0
2700409,Atalaia,AL,Nordeste,41,25,0.6097560975609756,0.5353052006482663,1.0
2700508,Barra de Santo Antônio,AL,Nordeste,29,21,0.7241379310344828,0.5672582443710794,1.0
2700607,Barra de São Miguel,AL,Nordeste,14,11,0.7857142857142857,0.5563943840529217,1.0
2700706,Batalha,AL,Nordeste,13,4,0.3076923076923077,0.5151515543649139,1.0
2700805,Belém,AL,Nordeste,5,3,0.6,0.510529121416158,1.0
2700904,Belo Monte,AL,Nordeste,11,0,0.0,0.4973317430093076,1.0
2701001,Boca da Mata,AL,Nordeste,26,2,0.07692307692307693,0.5305156224783396,1.0
2701100,Branquinha,AL,Nordeste,9,2,0.2222222222222222,0.5190787741087768,1.0
2701209,Cacimbinhas,AL,Nordeste,18,6,0.3333333333333333,0.5110875273719906,1.0
2701308,Cajueiro,AL,Nordeste,21,12,0.5714285714285714,0.5336660912755613,1.0
2701357,Campestre,AL,Nordeste,9,2,0.2222222222222222,0.5328684470780525,1.0
2701407,Campo Alegre,AL,Nordeste,55,17,0.3090909090909091,0.5444825064346843,1.0
2701506,Campo Grande,AL,Nordeste,8,5,0.625,0.519681810496758,1.0
2701605,Canapi,AL,Nordeste,19,4,0.21052631578947367,0.5078494094074276,1.0
2701704,Capela,AL,Nordeste,24,16,0.6666666666666666,0.530472500176178,1.0
2701803,Carneiros,AL,Nordeste,16,8,0.5,0.5893930822085965,1.0
2701902,Chã Preta,AL,Nordeste,9,6,0.6666666666666666,0.5103170281972489,1.0
2702009,Coité do Nóia,AL,Nordeste,8,3,0.375,0.514928369258632,1.0
2702108,Colônia Leopoldina,AL,Nordeste,27,4,0.14814814814814814,0.5489465744145743,1.0
2702207,Coqueiro Seco,AL,Nordeste,5,3,0.6,0.5509372815359935,1.0
2702306,Coruripe,AL,Nordeste,66,2,0.030303030303030304,0.5403456838864305,1.0
2702355,Craíbas,AL,Nordeste,15,8,0.5333333333333333,0.5328348687506061,1.0
2702405,Delmiro Gouveia,AL,Nordeste,57,42,0.7368421052631579,0.5583648644179512,1.0
2702504,Dois Riachos,AL,Nordeste,6,2,0.3333333333333333,0.5223359072486444,1.0
2702553,Estrela de Alagoas,AL,Nordeste,18,8,0.4444444444444444,0.5116598183153401,1.0
2702603,Feira Grande,AL,Nordeste,19,11,0.5789473684210527,0.5402438220529363,1.0
2702702,Feliz Deserto,AL,Nordeste,6,2,0.3333333333333333,0.4698508547108011,1.0
2702801,Flexeiras,AL,Nordeste,11,8,0.7272727272727273,0.5419304386384047,1.0
2702900,Girau do Ponciano,AL,Nordeste,38,25,0.6578947368421053,0.5414207149051382,1.0
2703007,Ibateguara,AL,Nordeste,4,3,0.75,0.5285028833132217,1.0
2703106,Igaci,AL,Nordeste,22,18,0.8181818181818182,0.5015122963782604,1.0
2703205,Igreja Nova,AL,Nordeste,23,11,0.4782608695652174,0.5059085691329979,1.0
2703304,Inhapi,AL,Nordeste,23,7,0.30434782608695654,0.5449309492269119,1.0
2703403,Jacaré dos Homens,AL,Nordeste,7,2,0.2857142857142857,0.548774496844499,1.0
2703502,Jacuípe,AL,Nordeste,9,3,0.3333333333333333,0.5517925549336344,1.0
2703601,Japaratinga,AL,Nordeste,11,6,0.5454545454545454,0.5585914455021281,1.0
2703700,Jaramataia,AL,Nordeste,6,3,0.5,0.5186529409210386,1.0
2703759,Jequiá da Praia,AL,Nordeste,12,0,0.0,0.568510896352522,1.0
2703809,Joaquim Gomes,AL,Nordeste,19,14,0.7368421052631579,0.5008766024257796,1.0
2703908,Jundiá,AL,Nordeste,5,3,0.6,0.5436878388118842,1.0
2704005,Junqueiro,AL,Nordeste,20,8,0.4,0.5481150504246357,1.0
2704104,Lagoa da Canoa,AL,Nordeste,15,5,0.3333333333333333,0.5222185432101283,1.0
2704203,Limoeiro de Anadia,AL,Nordeste,25,10,0.4,0.5193034599433366,1.0
2704302,Maceió,AL,Nordeste,661,391,0.5915279878971256,0.5502462004198062,1.0
2704401,Major Isidoro,AL,Nordeste,19,9,0.47368421052631576,0.5048645521639086,1.0
2704500,Maragogi,AL,Nordeste,35,20,0.5714285714285714,0.5387086713629499,1.0
2704609,Maravilha,AL,Nordeste,10,2,0.2,0.5321769839628127,1.0
2704708,Marechal Deodoro,AL,Nordeste,93,48,0.5161290322580645,0.5557156555475504,1.0
2704807,Maribondo,AL,Nordeste,13,9,0.6923076923076923,0.5052493675000396,1.0
2704906,Mar Vermelho,AL,Nordeste,1,0,0.0,0.5286882794138685,1.0
2705002,Mata Grande,AL,Nordeste,10,5,0.5,0.523237575210357,1.0
2705101,Matriz de Camaragibe,AL,Nordeste,19,10,0.5263157894736842,0.5290553767474007,1.0
2705200,Messias,AL,Nordeste,26,18,0.6923076923076923,0.548843620686126,1.0
2705309,Minador do Negrão,AL,Nordeste,12,8,0.6666666666666666,0.46024320097674987,1.0
2705408,Monteirópolis,AL,Nordeste,7,5,0.7142857142857143,0.5164142647354082,1.0
2705507,Murici,AL,Nordeste,19,3,0.15789473684210525,0.5658503814637033,1.0
2705606,Novo Lino,AL,Nordeste,11,6,0.5454545454545454,0.549978188686433,1.0
2705705,Olho d'Água das Flores,AL,Nordeste,33,15,0.45454545454545453,0.562483163120844,1.0
2705804,Olho d'Água do Casado,AL,Nordeste,16,10,0.625,0.5493973574913757,1.0
2705903,Olho d'Água Grande,AL,Nordeste,1,0,0.0,0.5039790361804105,1.0
2706000,Olivença,AL,Nordeste,17,2,0.11764705882352941,0.5604387492679885,1.0
2706109,Ouro Branco,AL,Nordeste,12,4,0.3333333333333333,0.560670647400068,1.0
2706208,Palestina,AL,Nordeste,10,3,0.3,0.5203851639425228,1.0
2706307,Palmeira dos Índios,AL,Nordeste,54,36,0.6666666666666666,0.5403287660698329,1.0
2706406,Pão de Açúcar,AL,Nordeste,38,13,0.34210526315789475,0.5144866551702585,1.0
2706422,Pariconha,AL,Nordeste,9,2,0.2222222222222222,0.5423869369982994,1.0
2706448,Paripueira,AL,Nordeste,15,12,0.8,0.5647240875592863,1.0
2706505,Passo de Camaragibe,AL,Nordeste,22,14,0.6363636363636364,0.5573099735050848,1.0
2706604,Paulo Jacinto,AL,Nordeste,7,5,0.7142857142857143,0.5153944916695279,1.0
2706703,Penedo,AL,Nordeste,56,44,0.7857142857142857,0.5497386973852507,1.0
2706802,Piaçabuçu,AL,Nordeste,21,15,0.7142857142857143,0.5300029587523547,1.0
2706901,Pilar,AL,Nordeste,58,36,0.6206896551724138,0.5452494565066158,1.0
2707008,Pindoba,AL,Nordeste,3,0,0.0,0.5131116757068348,1.0
2707107,Piranhas,AL,Nordeste,42,33,0.7857142857142857,0.5176319120151758,1.0
2707206,Poço das Trincheiras,AL,Nordeste,17,10,0.5882352941176471,0.5317868357848661,1.0
2707305,Porto Calvo,AL,Nordeste,32,20,0.625,0.5435753184562839,1.0
2707404,Porto de Pedras,AL,Nordeste,15,9,0.6,0.5511385353491784,1.0
2707503,Porto Real do Colégio,AL,Nordeste,13,2,0.15384615384615385,0.5039249492286526,1.0
2707602,Quebrangulo,AL,Nordeste,11,2,0.18181818181818182,0.5311353438626686,1.0
2707701,Rio Largo,AL,Nordeste,120,79,0.6583333333333333,0.5546565416195484,1.0
2707800,Roteiro,AL,Nordeste,10,6,0.6,0.5506397793967241,1.0
2707909,Santa Luzia do Norte,AL,Nordeste,6,3,0.5,0.5532321263390586,1.0
2708006,Santana do Ipanema,AL,Nordeste,55,33,0.6,0.5335910130707922,1.0
2708105,Santana do Mundaú,AL,Nordeste,8,0,0.0,0.5223647924418408,1.0
2708204,São Brás,AL,Nordeste,7,4,0.5714285714285714,0.5043044436334281,1.0
2708303,São José da Laje,AL,Nordeste,11,0,0.0,0.5397376764772763,1.0
2708402,São José da Tapera,AL,Nordeste,50,27,0.54,0.5183535277437398,1.0
2708501,São Luís do Quitunde,AL,Nordeste,35,15,0.42857142857142855,0.5240345338327193,1.0
2708600,São Miguel dos Campos,AL,Nordeste,57,21,0.3684210526315789,0.5642889605496226,1.0
2708709,São Miguel dos Milagres,AL,Nordeste,13,8,0.6153846153846154,0.5332457839249443,1.0
2708808,São Sebastião,AL,Nordeste,39,21,0.5384615384615384,0.5418844234097484,1.0
2708907,Satuba,AL,Nordeste,23,12,0.5217391304347826,0.5480448023897989,1.0
2708956,Senador Rui Palmeira,AL,Nordeste,16,7,0.4375,0.5100764637611165,1.0
2709004,Tanque d'Arca,AL,Nordeste,6,2,0.3333333333333333,0.5022263883230991,1.0
2709103,Taquarana,AL,Nordeste,24,13,0.5416666666666666,0.5321091010316544,1.0
2709152,Teotônio Vilela,AL,Nordeste,42,16,0.38095238095238093,0.5508497625394977,1.0
2709202,Traipu,AL,Nordeste,9,7,0.7777777777777778,0.48074000827358737,1.0
2709301,União dos Palmares,AL,Nordeste,66,3,0.045454545454545456,0.5200071050135715,1.0
2709400,Viçosa,AL,Nordeste,30,14,0.4666666666666667,0.5020145599685448,1.0
2800100,Amparo de São Francisco,SE,Nordeste,2,1,0.5,0.6862554802171079,1.0
2800209,Aquidabã,SE,Nordeste,12,10,0.8333333333333334,0.6807211843943529,1.0
2800308,Aracaju,SE,Nordeste,348,197,0.5660919540229885,0.7017948196106626,1.0
2800407,Arauá,SE,Nordeste,12,8,0.6666666666666666,0.6772874695539537,1.0
2800506,Areia Branca,SE,Nordeste,18,14,0.7777777777777778,0.7075769796880359,1.0
2800605,Barra dos Coqueiros,SE,Nordeste,28,21,0.75,0.7217547005496675,1.0
2800670,Boquim,SE,Nordeste,15,11,0.7333333333333333,0.7020469799795795,1.0
2800704,Brejo Grande,SE,Nordeste,15,10,0.6666666666666666,0.686143180327323,1.0
2801009,Campo do Brito,SE,Nordeste,14,10,0.7142857142857143,0.6506866028843968,1.0
2801108,Canhoba,SE,Nordeste,1,1,1.0,0.6639958886885138,1.0
2801207,Canindé de São Francisco,SE,Nordeste,47,33,0.7021276595744681,0.676904389393254,1.0
2801306,Capela,SE,Nordeste,32,22,0.6875,0.6813197449268116,1.0
2801405,Carira,SE,Nordeste,11,7,0.6363636363636364,0.6355176851068189,1.0
2801504,Carmópolis,SE,Nordeste,15,11,0.7333333333333333,0.7181500528841828,1.0
2801603,Cedro de São João,SE,Nordeste,2,1,0.5,0.6943857481277587,1.0
2801702,Cristinápolis,SE,Nordeste,21,13,0.6190476190476191,0.7058253545386819,1.0
2801900,Cumbe,SE,Nordeste,6,1,0.16666666666666666,0.6782085202342844,1.0
2802007,Divina Pastora,SE,Nordeste,5,5,1.0,0.6918106104939168,1.0
2802106,Estância,SE,Nordeste,61,38,0.6229508196721312,0.6939096293412603,1.0
2802205,Feira Nova,SE,Nordeste,3,3,1.0,0.6599863960641899,1.0
2802304,Frei Paulo,SE,Nordeste,7,4,0.5714285714285714,0.6966565188532675,1.0
2802403,Gararu,SE,Nordeste,7,3,0.42857142857142855,0.6743084037904398,1.0
2802502,General Maynard,SE,Nordeste,3,2,0.6666666666666666,0.7052794856560012,1.0
2802601,Gracho Cardoso,SE,Nordeste,2,1,0.5,0.6702565855517431,1.0
2802700,Ilha das Flores,SE,Nordeste,9,8,0.8888888888888888,0.708796190621806,1.0
2802809,Indiaroba,SE,Nordeste,21,12,0.5714285714285714,0.7023419530352897,1.0
2802908,Itabaiana,SE,Nordeste,76,45,0.5921052631578947,0.6790049514490492,1.0
2803005,Itabaianinha,SE,Nordeste,40,20,0.5,0.6999257864693316,1.0
2803104,Itabi,SE,Nordeste,1,1,1.0,0.6457501120913519,1.0
2803203,Itaporanga d'Ajuda,SE,Nordeste,33,21,0.6363636363636364,0.7171159891120054,1.0
2803302,Japaratuba,SE,Nordeste,13,8,0.6153846153846154,0.6905463195274155,1.0
2803401,Japoatã,SE,Nordeste,13,7,0.5384615384615384,0.6810414739858335,1.0
2803500,Lagarto,SE,Nordeste,64,38,0.59375,0.6620175233511093,1.0
2803609,Laranjeiras,SE,Nordeste,25,20,0.8,0.7065347244893999,1.0
2803708,Macambira,SE,Nordeste,2,2,1.0,0.6528822776046742,1.0
2803807,Malhada dos Bois,SE,Nordeste,12,11,0.9166666666666666,0.690370077248279,1.0
2803906,Malhador,SE,Nordeste,12,5,0.4166666666666667,0.6977307436455445,1.0
2804003,Maruim,SE,Nordeste,16,10,0.625,0.7081830851013968,1.0
2804102,Moita Bonita,SE,Nordeste,8,3,0.375,0.7012850043944825,1.0
2804201,Monte Alegre de Sergipe,SE,Nordeste,17,11,0.6470588235294118,0.6607059546083605,1.0
2804300,Muribeca,SE,Nordeste,5,4,0.8,0.6694008529642266,1.0
2804409,Neópolis,SE,Nordeste,17,9,0.5294117647058824,0.6850248700881812,1.0
2804458,Nossa Senhora Aparecida,SE,Nordeste,6,2,0.3333333333333333,0.627297867799439,1.0
2804508,Nossa Senhora da Glória,SE,Nordeste,38,16,0.42105263157894735,0.678973907140063,1.0
2804607,Nossa Senhora das Dores,SE,Nordeste,21,13,0.6190476190476191,0.6670594974878709,1.0
2804706,Nossa Senhora de Lourdes,SE,Nordeste,4,3,0.75,0.6636567722691233,1.0
2804805,Nossa Senhora do Socorro,SE,Nordeste,183,130,0.7103825136612022,0.7200637384324884,1.0
2804904,Pacatuba,SE,Nordeste,11,6,0.5454545454545454,0.68027187814354,1.0
2805000,Pedra Mole,SE,Nordeste,1,0,0.0,0.6774751872425185,1.0
2805109,Pedrinhas,SE,Nordeste,7,6,0.8571428571428571,0.6964391605826489,1.0
2805208,Pinhão,SE,Nordeste,7,5,0.7142857142857143,0.667358953668505,1.0
2805307,Pirambu,SE,Nordeste,12,8,0.6666666666666666,0.7110089782207704,1.0
2805406,Poço Redondo,SE,Nordeste,25,19,0.76,0.6657301928143187,1.0
2805505,Poço Verde,SE,Nordeste,20,12,0.6,0.6875324154493733,1.0
2805604,Porto da Folha,SE,Nordeste,27,24,0.8888888888888888,0.6645034246114473,1.0
2805703,Propriá,SE,Nordeste,17,12,0.7058823529411765,0.667923642040459,1.0
2805802,Riachão do Dantas,SE,Nordeste,12,6,0.5,0.7122235282911924,1.0
2805901,Riachuelo,SE,Nordeste,5,3,0.6,0.7144328519171037,1.0
2806008,Ribeirópolis,SE,Nordeste,2,2,1.0,0.6472055059266776,1.0
2806107,Rosário do Catete,SE,Nordeste,11,8,0.7272727272727273,0.7193577810363578,1.0
2806206,Salgado,SE,Nordeste,24,13,0.5416666666666666,0.6707877744008264,1.0
2806305,Santa Luzia do Itanhy,SE,Nordeste,16,11,0.6875,0.6849711972971702,1.0
2806404,Santana do São Francisco,SE,Nordeste,10,8,0.8,0.7035000375310256,1.0
2806503,Santa Rosa de Lima,SE,Nordeste,8,6,0.75,0.6804579604953527,1.0
2806602,Santo Amaro das Brotas,SE,Nordeste,5,4,0.8,0.6801258175039001,1.0
2806701,São Cristóvão,SE,Nordeste,70,18,0.2571428571428571,0.7139751335212995,1.0
2806800,São Domingos,SE,Nordeste,9,5,0.5555555555555556,0.6481007994960082,1.0
2806909,São Francisco,SE,Nordeste,1,0,0.0,0.6866251680958886,1.0
2807006,São Miguel do Aleixo,SE,Nordeste,3,3,1.0,0.653851724870132,1.0
2807105,Simão Dias,SE,Nordeste,38,24,0.631578947368421,0.6602670227467851,1.0
2807204,Siriri,SE,Nordeste,6,2,0.3333333333333333,0.7062694049303074,1.0
2807303,Telha,SE,Nordeste,3,2,0.6666666666666666,0.6641076763412728,1.0
2807402,Tobias Barreto,SE,Nordeste,37,16,0.43243243243243246,0.7012418329410453,1.0
2807501,Tomar do Geru,SE,Nordeste,8,3,0.375,0.6875937519003645,1.0
2807600,Umbaúba,SE,Nordeste,15,10,0.6666666666666666,0.725340840859404,1.0
2900108,Abaíra,BA,Nordeste,2,1,0.5,0.6284540730830397,1.0
2900207,Abaré,BA,Nordeste,14,11,0.7857142857142857,0.5936911648509826,1.0
2900306,Acajutiba,BA,Nordeste,14,5,0.35714285714285715,0.6452880086887707,1.0
2900355,Adustina,BA,Nordeste,14,11,0.7857142857142857,0.562396147289788,1.0
2900405,Água Fria,BA,Nordeste,5,3,0.6,0.6013260959999713,1.0
2900504,Érico Cardoso,BA,Nordeste,4,3,0.75,0.5602091295241254,1.0
2900603,Aiquara,BA,Nordeste,6,5,0.8333333333333334,0.6067227533084691,1.0
2900702,Alagoinhas,BA,Nordeste,94,53,0.5638297872340425,0.6423912809267976,1.0
2900801,Alcobaça,BA,Nordeste,17,15,0.8823529411764706,0.6075494366532804,1.0
2900900,Almadina,BA,Nordeste,6,4,0.6666666666666666,0.583672343391713,1.0
2901007,Amargosa,BA,Nordeste,25,13,0.52,0.6049202333245369,1.0
2901106,Amélia Rodrigues,BA,Nordeste,20,11,0.55,0.6260840977979831,1.0
2901155,América Dourada,BA,Nordeste,24,14,0.5833333333333334,0.6101990980261467,1.0
2901205,Anagé,BA,Nordeste,16,12,0.75,0.5576427255634672,1.0
2901304,Andaraí,BA,Nordeste,12,6,0.5,0.6272301320625921,1.0
2901353,Andorinha,BA,Nordeste,16,9,0.5625,0.5887218793489832,1.0
2901403,Angical,BA,Nordeste,8,4,0.5,0.531954204364387,1.0
2901502,Anguera,BA,Nordeste,12,8,0.6666666666666666,0.619073358945884,1.0
2901601,Antas,BA,Nordeste,5,3,0.6,0.5822690951081191,1.0
2901700,Antônio Cardoso,BA,Nordeste,6,5,0.8333333333333334,0.591098600579852,1.0
2901809,Antônio Gonçalves,BA,Nordeste,12,8,0.6666666666666666,0.6331304172805094,1.0
2901908,Aporá,BA,Nordeste,15,9,0.6,0.6220617878530879,1.0
2901957,Apuarema,BA,Nordeste,10,8,0.8,0.5919274195799009,1.0
2902005,Aracatu,BA,Nordeste,8,5,0.625,0.5603459876869772,1.0
2902054,Araças,BA,Nordeste,11,8,0.7272727272727273,0.6366511923528833,1.0
2902104,Araci,BA,Nordeste,28,19,0.6785714285714286,0.5690916827538607,1.0
2902203,Aramari,BA,Nordeste,3,3,1.0,0.6376521166178882,1.0
2902252,Arataca,BA,Nordeste,5,5,1.0,0.593955149667369,1.0
2902302,Aratuípe,BA,Nordeste,9,4,0.4444444444444444,0.6178484287984699,1.0
2902401,Aurelino Leal,BA,Nordeste,11,9,0.8181818181818182,0.6041130174858906,1.0
2902500,Baianópolis,BA,Nordeste,15,11,0.7333333333333333,0.566332903196962,1.0
2902609,Baixa Grande,BA,Nordeste,8,6,0.75,0.5981455799841813,1.0
2902658,Banzaê,BA,Nordeste,18,13,0.7222222222222222,0.5999246898506462,1.0
2902708,Barra,BA,Nordeste,44,34,0.7727272727272727,0.612713715961337,1.0
2902807,Barra da Estiva,BA,Nordeste,21,12,0.5714285714285714,0.650957096799841,1.0
2902906,Barra do Choça,BA,Nordeste,56,43,0.7678571428571429,0.6196487244978762,1.0
2903003,Barra do Mendes,BA,Nordeste,8,6,0.75,0.6316069446399448,1.0
2903102,Barra do Rocha,BA,Nordeste,6,3,0.5,0.6060271397823157,1.0
2903201,Barreiras,BA,Nordeste,180,118,0.6555555555555556,0.609871176365568,1.0
2903235,Barro Alto,BA,Nordeste,9,6,0.6666666666666666,0.6439940414676324,1.0
2903276,Barrocas,BA,Nordeste,11,5,0.45454545454545453,0.6266000814032946,1.0
2903300,Barro Preto,BA,Nordeste,11,10,0.9090909090909091,0.5956400483272368,1.0
2903409,Belmonte,BA,Nordeste,17,11,0.6470588235294118,0.6070494043622711,1.0
2903508,Belo Campo,BA,Nordeste,17,8,0.47058823529411764,0.6005879715013616,1.0
2903607,Biritinga,BA,Nordeste,7,7,1.0,0.6486695015079338,1.0
2903706,Boa Nova,BA,Nordeste,18,7,0.3888888888888889,0.5637405727406368,1.0
2903805,Boa Vista do Tupim,BA,Nordeste,19,10,0.5263157894736842,0.6115760752952635,1.0
2903904,Bom Jesus da Lapa,BA,Nordeste,67,43,0.6417910447761194,0.6066326555253801,1.0
2903953,Bom Jesus da Serra,BA,Nordeste,10,8,0.8,0.5998967516062566,1.0
2904001,Boninal,BA,Nordeste,5,2,0.4,0.5969682785286805,1.0
2904050,Bonito,BA,Nordeste,18,9,0.5,0.6652775672816544,1.0
2904100,Boquira,BA,Nordeste,7,4,0.5714285714285714,0.5728018061943156,1.0
2904209,Botuporã,BA,Nordeste,5,3,0.6,0.5972641479676799,1.0
2904308,Brejões,BA,Nordeste,15,8,0.5333333333333333,0.6046726871192081,1.0
2904407,Brejolândia,BA,Nordeste,7,5,0.7142857142857143,0.5748530065514414,1.0
2904506,Brotas de Macaúbas,BA,Nordeste,8,1,0.125,0.6075792508396529,1.0
2904605,Brumado,BA,Nordeste,46,29,0.6304347826086957,0.6084264012972045,1.0
2904704,Buerarema,BA,Nordeste,18,10,0.5555555555555556,0.6074302010907903,1.0
2904803,Caatiba,BA,Nordeste,8,4,0.5,0.5907351143781103,1.0
2904852,Cabaceiras do Paraguaçu,BA,Nordeste,15,12,0.8,0.6049374194862918,1.0
2904902,Cachoeira,BA,Nordeste,19,13,0.6842105263157895,0.6167290610421592,1.0
2905008,Caculé,BA,Nordeste,20,11,0.55,0.6042994772503668,1.0
2905107,Caém,BA,Nordeste,4,2,0.5,0.6231535556042486,1.0
2905156,Caetanos,BA,Nordeste,1,1,1.0,0.5764852517393536,1.0
2905206,Caetité,BA,Nordeste,42,33,0.7857142857142857,0.6039917722862169,1.0
2905305,Cafarnaum,BA,Nordeste,15,11,0.7333333333333333,0.6196514288504332,1.0
2905404,Cairu,BA,Nordeste,25,15,0.6,0.6367857319401854,1.0
2905503,Caldeirão Grande,BA,Nordeste,20,16,0.8,0.5814473244196643,1.0
2905602,Camacan,BA,Nordeste,21,16,0.7619047619047619,0.6323309583938928,1.0
2905701,Camaçari,BA,Nordeste,239,145,0.606694560669456,0.6478520234638457,1.0
2905800,Camamu,BA,Nordeste,27,20,0.7407407407407407,0.6169685361203361,1.0
2905909,Campo Alegre de Lourdes,BA,Nordeste,17,13,0.7647058823529411,0.5634659491700642,1.0
2906006,Campo Formoso,BA,Nordeste,55,41,0.7454545454545455,0.5986304815512431,1.0
2906105,Canápolis,BA,Nordeste,8,4,0.5,0.5827380981998392,1.0
2906204,Canarana,BA,Nordeste,31,20,0.6451612903225806,0.6409808536984838,1.0
2906303,Canavieiras,BA,Nordeste,31,19,0.6129032258064516,0.6444466789923424,1.0
2906402,Candeal,BA,Nordeste,7,5,0.7142857142857143,0.6041990697910018,1.0
2906501,Candeias,BA,Nordeste,49,30,0.6122448979591837,0.6348704063852362,1.0
2906600,Candiba,BA,Nordeste,12,9,0.75,0.5911312203012624,1.0
2906709,Cândido Sales,BA,Nordeste,13,8,0.6153846153846154,0.5841469441736193,1.0
2906808,Cansanção,BA,Nordeste,36,26,0.7222222222222222,0.5840526310623126,1.0
2906824,Canudos,BA,Nordeste,10,7,0.7,0.6151027980779102,1.0
2906857,Capela do Alto Alegre,BA,Nordeste,5,1,0.2,0.5771200963072731,1.0
2906873,Capim Grosso,BA,Nordeste,20,13,0.65,0.6151050615589106,1.0
2906899,Caraíbas,BA,Nordeste,6,4,0.6666666666666666,0.5648731892997766,1.0
2906907,Caravelas,BA,Nordeste,19,9,0.47368421052631576,0.6049396094219659,1.0
2907004,Cardeal da Silva,BA,Nordeste,11,8,0.7272727272727273,0.6646431127436473,1.0
2907103,Carinhanha,BA,Nordeste,30,24,0.8,0.5970260877050511,1.0
2907202,Casa Nova,BA,Nordeste,43,27,0.627906976744186,0.6056392340503239,1.0
2907301,Castro Alves,BA,Nordeste,22,16,0.7272727272727273,0.5939820989217968,1.0
2907400,Catolândia,BA,Nordeste,4,4,1.0,0.586173342167972,1.0
2907509,Catu,BA,Nordeste,23,15,0.6521739130434783,0.6343209091673729,1.0
2907558,Caturama,BA,Nordeste,11,5,0.45454545454545453,0.5888049444570446,1.0
2907608,Central,BA,Nordeste,5,4,0.8,0.6280296276774849,1.0
2907707,Chorrochó,BA,Nordeste,6,3,0.5,0.5533377582288685,1.0
2907806,Cícero Dantas,BA,Nordeste,12,7,0.5833333333333334,0.5616973860931815,1.0
2907905,Cipó,BA,Nordeste,18,14,0.7777777777777778,0.6060230362425929,1.0
2908002,Coaraci,BA,Nordeste,8,5,0.625,0.601737043928631,1.0
2908101,Cocos,BA,Nordeste,15,11,0.7333333333333333,0.5705409165222929,1.0
2908200,Conceição da Feira,BA,Nordeste,13,10,0.7692307692307693,0.6306860792793217,1.0
2908309,Conceição do Almeida,BA,Nordeste,3,2,0.6666666666666666,0.6154487147819867,1.0
2908408,Conceição do Coité,BA,Nordeste,48,29,0.6041666666666666,0.6257617387989953,1.0
2908507,Conceição do Jacuípe,BA,Nordeste,20,15,0.75,0.6453262116824681,1.0
2908606,Conde,BA,Nordeste,21,13,0.6190476190476191,0.6250085989511635,1.0
2908804,Contendas do Sincorá,BA,Nordeste,4,3,0.75,0.5910767477348648,1.0
2908903,Coração de Maria,BA,Nordeste,18,13,0.7222222222222222,0.6299562483323508,1.0
2909000,Cordeiros,BA,Nordeste,14,5,0.35714285714285715,0.59535180297681,1.0
2909109,Coribe,BA,Nordeste,11,10,0.9090909090909091,0.5659867232287114,1.0
2909208,Coronel João Sá,BA,Nordeste,15,8,0.5333333333333333,0.5359595676019346,1.0
2909307,Correntina,BA,Nordeste,29,21,0.7241379310344828,0.5785548392479207,1.0
2909406,Cotegipe,BA,Nordeste,6,4,0.6666666666666666,0.5486927560409893,1.0
2909505,Cravolândia,BA,Nordeste,3,1,0.3333333333333333,0.5758912655314579,1.0
2909604,Crisópolis,BA,Nordeste,15,9,0.6,0.6062656512533113,1.0
2909703,Cristópolis,BA,Nordeste,18,7,0.3888888888888889,0.542070372153261,1.0
2909802,Cruz das Almas,BA,Nordeste,40,29,0.725,0.621030999158144,1.0
2909901,Curaçá,BA,Nordeste,37,29,0.7837837837837838,0.5920327437479656,1.0
2910008,Dário Meira,BA,Nordeste,8,6,0.75,0.5822407283863991,1.0
2910057,Dias d'Ávila,BA,Nordeste,58,40,0.6896551724137931,0.6553989697136804,1.0
2910107,Dom Basílio,BA,Nordeste,15,9,0.6,0.5989815274610926,1.0
2910206,Dom Macedo Costa,BA,Nordeste,4,2,0.5,0.5925034304141468,1.0
2910305,Elísio Medrado,BA,Nordeste,4,2,0.5,0.572178102579848,1.0
2910404,Encruzilhada,BA,Nordeste,23,14,0.6086956521739131,0.5811271309419259,1.0
2910503,Entre Rios,BA,Nordeste,26,18,0.6923076923076923,0.6393158275924302,1.0
2910602,Esplanada,BA,Nordeste,30,25,0.8333333333333334,0.6351473781424416,1.0
2910701,Euclides da Cunha,BA,Nordeste,43,21,0.4883720930232558,0.6085138541517807,1.0
2910727,Eunápolis,BA,Nordeste,81,49,0.6049382716049383,0.6265559427716793,1.0
2910750,Fátima,BA,Nordeste,14,7,0.5,0.5588797990490262,1.0
2910776,Feira da Mata,BA,Nordeste,7,4,0.5714285714285714,0.5982475229950689,1.0
2910800,Feira de Santana,BA,Nordeste,359,232,0.6462395543175488,0.6328281140682503,1.0
2910859,Filadélfia,BA,Nordeste,9,6,0.6666666666666666,0.6429562921040208,1.0
2910909,Firmino Alves,BA,Nordeste,4,3,0.75,0.6105556006766679,1.0
2911006,Floresta Azul,BA,Nordeste,9,4,0.4444444444444444,0.6064276929234766,1.0
2911105,Formosa do Rio Preto,BA,Nordeste,37,24,0.6486486486486487,0.5856044277618173,1.0
2911204,Gandu,BA,Nordeste,18,13,0.7222222222222222,0.6028015068506223,1.0
2911253,Gavião,BA,Nordeste,5,3,0.6,0.58318563750963,1.0
2911303,Gentio do Ouro,BA,Nordeste,7,2,0.2857142857142857,0.6196549040188728,1.0
2911402,Glória,BA,Nordeste,12,8,0.6666666666666666,0.5702881756806951,1.0
2911501,Gongogi,BA,Nordeste,9,7,0.7777777777777778,0.5844364103272581,1.0
2911600,Governador Mangabeira,BA,Nordeste,13,7,0.5384615384615384,0.6412811641237979,1.0
2911659,Guajeru,BA,Nordeste,12,7,0.5833333333333334,0.5747339748307725,1.0
2911709,Guanambi,BA,Nordeste,85,52,0.611764705882353,0.608288369002845,1.0
2911808,Guaratinga,BA,Nordeste,22,16,0.7272727272727273,0.5686400803339775,1.0
2911857,Heliópolis,BA,Nordeste,10,7,0.7,0.5766295219711071,1.0
2911907,Iaçu,BA,Nordeste,13,11,0.8461538461538461,0.6156064068925405,1.0
2912004,Ibiassucê,BA,Nordeste,6,4,0.6666666666666666,0.6224579392506826,1.0
2912103,Ibicaraí,BA,Nordeste,27,19,0.7037037037037037,0.6062795489761776,1.0
2912202,Ibicoara,BA,Nordeste,28,22,0.7857142857142857,0.6629376679571086,1.0
2912301,Ibicuí,BA,Nordeste,12,6,0.5,0.5968312294976664,1.0
2912400,Ibipeba,BA,Nordeste,25,17,0.68,0.6379411742126051,1.0
2912509,Ibipitanga,BA,Nordeste,14,10,0.7142857142857143,0.5945344074450476,1.0
2912608,Ibiquera,BA,Nordeste,5,4,0.8,0.6248400830100688,1.0
2912707,Ibirapitanga,BA,Nordeste,23,22,0.9565217391304348,0.5821095577654931,1.0
2912806,Ibirapuã,BA,Nordeste,14,10,0.7142857142857143,0.6085387882441785,1.0
2912905,Ibirataia,BA,Nordeste,27,21,0.7777777777777778,0.5960164045694848,1.0
2913002,Ibitiara,BA,Nordeste,11,6,0.5454545454545454,0.6074284529207159,1.0
2913101,Ibititá,BA,Nordeste,13,8,0.6153846153846154,0.6083054113556732,1.0
2913200,Ibotirama,BA,Nordeste,39,28,0.717948717948718,0.6044948027070935,1.0
2913309,Ichu,BA,Nordeste,2,2,1.0,0.6317414326070028,1.0
2913408,Igaporã,BA,Nordeste,21,6,0.2857142857142857,0.6090978651974022,1.0
2913457,Igrapiúna,BA,Nordeste,7,2,0.2857142857142857,0.6132028227584693,1.0
2913507,Iguaí,BA,Nordeste,5,4,0.8,0.5953738906870074,1.0
2913606,Ilhéus,BA,Nordeste,135,106,0.7851851851851852,0.625168887960345,1.0
2913705,Inhambupe,BA,Nordeste,21,18,0.8571428571428571,0.6160499228859302,1.0
2913804,Ipecaetá,BA,Nordeste,8,3,0.375,0.615546942590244,1.0
2913903,Ipiaú,BA,Nordeste,31,23,0.7419354838709677,0.5944567993369974,1.0
2914000,Ipirá,BA,Nordeste,30,20,0.6666666666666666,0.611541104962189,1.0
2914109,Ipupiara,BA,Nordeste,6,3,0.5,0.6585800666574584,1.0
2914208,Irajuba,BA,Nordeste,2,0,0.0,0.6224820505845086,1.0
2914307,Iramaia,BA,Nordeste,3,3,1.0,0.6210005169563264,1.0
2914406,Iraquara,BA,Nordeste,20,15,0.75,0.6347165165992387,1.0
2914505,Irará,BA,Nordeste,8,7,0.875,0.5886170812889893,1.0
2914604,Irecê,BA,Nordeste,63,33,0.5238095238095238,0.6154181587959764,1.0
2914653,Itabela,BA,Nordeste,27,22,0.8148148148148148,0.6189531772952743,1.0
2914703,Itaberaba,BA,Nordeste,33,17,0.5151515151515151,0.6323222001632438,1.0
2914802,Itabuna,BA,Nordeste,107,80,0.7476635514018691,0.6204043464496709,1.0
2914901,Itacaré,BA,Nordeste,24,17,0.7083333333333334,0.6309343671484239,1.0
2915007,Itaeté,BA,Nordeste,15,5,0.3333333333333333,0.6175445092665353,1.0
2915106,Itagi,BA,Nordeste,13,9,0.6923076923076923,0.5990350914724799,1.0
2915205,Itagibá,BA,Nordeste,25,12,0.48,0.5947307352114232,1.0
2915304,Itagimirim,BA,Nordeste,7,5,0.7142857142857143,0.5514507050171569,1.0
2915353,Itaguaçu da Bahia,BA,Nordeste,13,8,0.6153846153846154,0.6129916403945697,1.0
2915403,Itaju do Colônia,BA,Nordeste,4,3,0.75,0.5918957957197728,1.0
2915502,Itajuípe,BA,Nordeste,8,6,0.75,0.6304153501426606,1.0
2915601,Itamaraju,BA,Nordeste,54,32,0.5925925925925926,0.6116024942795043,1.0
2915700,Itamari,BA,Nordeste,7,5,0.7142857142857143,0.6094913956556548,1.0
2915809,Itambé,BA,Nordeste,33,24,0.7272727272727273,0.6140900221154697,1.0
2915908,Itanagra,BA,Nordeste,10,7,0.7,0.6091210623734957,1.0
2916104,Itaparica,BA,Nordeste,27,21,0.7777777777777778,0.6659706272003874,1.0
2916203,Itapé,BA,Nordeste,1,1,1.0,0.6068426999790095,1.0
2916302,Itapebi,BA,Nordeste,8,6,0.75,0.5985428404147156,1.0
2916401,Itapetinga,BA,Nordeste,54,37,0.6851851851851852,0.6221494361341006,1.0
2916500,Itapicuru,BA,Nordeste,30,11,0.36666666666666664,0.6119650580835334,1.0
2916609,Itapitanga,BA,Nordeste,8,3,0.375,0.6059822571161745,1.0
2916708,Itaquara,BA,Nordeste,10,7,0.7,0.5860952344114096,1.0
2916807,Itarantim,BA,Nordeste,14,9,0.6428571428571429,0.6016286643556705,1.0
2916856,Itatim,BA,Nordeste,22,9,0.4090909090909091,0.6210104813538783,1.0
2916906,Itiruçu,BA,Nordeste,12,8,0.6666666666666666,0.6104132300798505,1.0
2917003,Itiúba,BA,Nordeste,27,22,0.8148148148148148,0.6179836234269163,1.0
2917102,Itororó,BA,Nordeste,10,7,0.7,0.6098576285382633,1.0
2917201,Ituaçu,BA,Nordeste,17,7,0.4117647058823529,0.590767827090062,1.0
2917300,Ituberá,BA,Nordeste,16,11,0.6875,0.6135538722500872,1.0
2917334,Iuiú,BA,Nordeste,8,6,0.75,0.5730621277000765,1.0
2917359,Jaborandi,BA,Nordeste,9,4,0.4444444444444444,0.5773724417090444,1.0
2917409,Jacaraci,BA,Nordeste,15,5,0.3333333333333333,0.59393121231253,1.0
2917508,Jacobina,BA,Nordeste,54,40,0.7407407407407407,0.611060491674557,1.0
2917607,Jaguaquara,BA,Nordeste,61,37,0.6065573770491803,0.6150756647432105,1.0
2917706,Jaguarari,BA,Nordeste,27,19,0.7037037037037037,0.5977252694925886,1.0
2917805,Jaguaripe,BA,Nordeste,15,6,0.4,0.6135307787923441,1.0
2917904,Jandaíra,BA,Nordeste,15,10,0.6666666666666666,0.6234978773077635,1.0
2918001,Jequié,BA,Nordeste,85,42,0.49411764705882355,0.614244895467607,1.0
2918100,Jeremoabo,BA,Nordeste,17,14,0.8235294117647058,0.5823938977439769,1.0
2918209,Jiquiriçá,BA,Nordeste,4,3,0.75,0.6199867009684886,1.0
2918308,Jitaúna,BA,Nordeste,10,7,0.7,0.5760561888394518,1.0
2918357,João Dourado,BA,Nordeste,19,10,0.5263157894736842,0.6375441639795828,1.0
2918407,Juazeiro,BA,Nordeste,239,171,0.7154811715481172,0.6187096344084999,1.0
2918506,Jussara,BA,Nordeste,9,6,0.6666666666666666,0.6223612311498634,1.0
2918555,Jussari,BA,Nordeste,5,4,0.8,0.5999272856931515,1.0
2918605,Jussiape,BA,Nordeste,5,3,0.6,0.5941775512784406,1.0
2918704,Lafaiete Coutinho,BA,Nordeste,1,1,1.0,0.5851309476508766,1.0
2918803,Laje,BA,Nordeste,9,3,0.3333333333333333,0.5793808733428378,1.0
2918902,Lajedão,BA,Nordeste,4,1,0.25,0.5928946836325975,1.0
2919009,Lajedinho,BA,Nordeste,6,4,0.6666666666666666,0.6084690776738936,1.0
2919058,Lajedo do Tabocal,BA,Nordeste,8,5,0.625,0.5921775586937805,1.0
2919108,Lamarão,BA,Nordeste,6,4,0.6666666666666666,0.5943007037248182,1.0
2919157,Lapão,BA,Nordeste,43,37,0.8604651162790697,0.629512108689195,1.0
2919207,Lauro de Freitas,BA,Nordeste,132,87,0.6590909090909091,0.6530464423082919,1.0
2919306,Lençóis,BA,Nordeste,9,4,0.4444444444444444,0.6184286889845569,1.0
2919405,Licínio de Almeida,BA,Nordeste,10,5,0.5,0.5768143475238503,1.0
2919504,Livramento de Nossa Senhora,BA,Nordeste,46,27,0.5869565217391305,0.6029514663915929,1.0
2919553,Luís Eduardo Magalhães,BA,Nordeste,121,74,0.6115702479338843,0.6556748454647592,1.0
2919603,Macajuba,BA,Nordeste,21,16,0.7619047619047619,0.618593756239679,1.0
2919702,Macarani,BA,Nordeste,4,2,0.5,0.5782164881238798,1.0
2919801,Macaúbas,BA,Nordeste,28,20,0.7142857142857143,0.5764224287079533,1.0
2919900,Macururé,BA,Nordeste,5,4,0.8,0.580219935500915,1.0
2919926,Madre de Deus,BA,Nordeste,21,12,0.5714285714285714,0.6484341812676067,1.0
2919959,Maetinga,BA,Nordeste,3,2,0.6666666666666666,0.5811142145054948,1.0
2920007,Maiquinique,BA,Nordeste,5,4,0.8,0.6005804264796598,1.0
2920106,Mairi,BA,Nordeste,8,7,0.875,0.6126938419908559,1.0
2920205,Malhada,BA,Nordeste,22,16,0.7272727272727273,0.6182035610119785,1.0
2920304,Malhada de Pedras,BA,Nordeste,5,2,0.4,0.5975322628151831,1.0
2920403,Manoel Vitorino,BA,Nordeste,9,5,0.5555555555555556,0.6034808993618956,1.0
2920452,Mansidão,BA,Nordeste,5,3,0.6,0.6240907225989087,1.0
2920502,Maracás,BA,Nordeste,18,9,0.5,0.6020069522163038,1.0
2920601,Maragogipe,BA,Nordeste,17,9,0.5294117647058824,0.5948236782049385,1.0
2920809,Marcionílio Souza,BA,Nordeste,8,6,0.75,0.5822117548344024,1.0
2920908,Mascote,BA,Nordeste,5,1,0.2,0.5755701749775193,1.0
2921005,Mata de São João,BA,Nordeste,69,24,0.34782608695652173,0.6418304646741955,1.0
2921054,Matina,BA,Nordeste,14,5,0.35714285714285715,0.5626901569000597,1.0
2921104,Medeiros Neto,BA,Nordeste,24,8,0.3333333333333333,0.5897483997344416,1.0
2921203,Miguel Calmon,BA,Nordeste,15,10,0.6666666666666666,0.632654163869498,1.0
2921302,Milagres,BA,Nordeste,9,8,0.8888888888888888,0.6090517294911851,1.0
2921401,Mirangaba,BA,Nordeste,16,11,0.6875,0.6248930555754704,1.0
2921450,Mirante,BA,Nordeste,11,5,0.45454545454545453,0.579532743097961,1.0
2921500,Monte Santo,BA,Nordeste,25,15,0.6,0.5719877939061538,1.0
2921609,Morpará,BA,Nordeste,12,7,0.5833333333333334,0.5918522995326699,1.0
2921708,Morro do Chapéu,BA,Nordeste,28,16,0.5714285714285714,0.6236381961429316,1.0
2921807,Mortugaba,BA,Nordeste,13,3,0.23076923076923078,0.5725003628355596,1.0
2921906,Mucugê,BA,Nordeste,12,8,0.6666666666666666,0.6132473510672931,1.0
2922003,Mucuri,BA,Nordeste,39,19,0.48717948717948717,0.6183635837706758,1.0
2922052,Mulungu do Morro,BA,Nordeste,12,7,0.5833333333333334,0.6498364117779651,1.0
2922102,Mundo Novo,BA,Nordeste,11,8,0.7272727272727273,0.6233061344006161,1.0
2922201,Muniz Ferreira,BA,Nordeste,7,3,0.42857142857142855,0.5990605561428636,1.0
2922250,Muquém de São Francisco,BA,Nordeste,10,8,0.8,0.6234171142827327,1.0
2922300,Muritiba,BA,Nordeste,20,12,0.6,0.6230052182669998,1.0
2922409,Mutuípe,BA,Nordeste,13,9,0.6923076923076923,0.597862433184044,1.0
2922607,Nilo Peçanha,BA,Nordeste,5,2,0.4,0.6158267895989944,1.0
2922656,Nordestina,BA,Nordeste,18,13,0.7222222222222222,0.5601202624950525,1.0
2922706,Nova Canaã,BA,Nordeste,2,1,0.5,0.5800304924485757,1.0
2922730,Nova Fátima,BA,Nordeste,5,4,0.8,0.6048288910738348,1.0
2922755,Nova Ibiá,BA,Nordeste,4,2,0.5,0.6050814660697146,1.0
2922805,Nova Itarana,BA,Nordeste,14,11,0.7857142857142857,0.620370536089459,1.0
2922854,Nova Redenção,BA,Nordeste,5,2,0.4,0.6061857076151866,1.0
2922904,Nova Soure,BA,Nordeste,22,17,0.7727272727272727,0.6022176511472548,1.0
2923001,Nova Viçosa,BA,Nordeste,46,31,0.6739130434782609,0.617218162408302,1.0
2923035,Novo Horizonte,BA,Nordeste,8,2,0.25,0.608185922715297,1.0
2923050,Novo Triunfo,BA,Nordeste,7,3,0.42857142857142855,0.632289708759706,1.0
2923100,Olindina,BA,Nordeste,20,16,0.8,0.6039703351517962,1.0
2923209,Oliveira dos Brejinhos,BA,Nordeste,24,11,0.4583333333333333,0.6490241862403794,1.0
2923308,Ouriçangas,BA,Nordeste,9,5,0.5555555555555556,0.5841067806839084,1.0
2923357,Ourolândia,BA,Nordeste,16,11,0.6875,0.6021378559448539,1.0
2923407,Palmas de Monte Alto,BA,Nordeste,17,10,0.5882352941176471,0.5679036821548513,1.0
2923506,Palmeiras,BA,Nordeste,12,7,0.5833333333333334,0.6125991217649833,1.0
2923605,Paramirim,BA,Nordeste,14,7,0.5,0.6106323899692443,1.0
2923704,Paratinga,BA,Nordeste,23,17,0.7391304347826086,0.5781385068233114,1.0
2923803,Paripiranga,BA,Nordeste,17,10,0.5882352941176471,0.5942722587976978,1.0
2923902,Pau Brasil,BA,Nordeste,12,8,0.6666666666666666,0.5794599956864365,1.0
2924009,Paulo Afonso,BA,Nordeste,85,60,0.7058823529411765,0.6048342375021565,1.0
2924058,Pé de Serra,BA,Nordeste,6,3,0.5,0.5944600662049246,1.0
2924108,Pedrão,BA,Nordeste,2,2,1.0,0.628776799556668,1.0
2924207,Pedro Alexandre,BA,Nordeste,11,10,0.9090909090909091,0.5401786177500973,1.0
2924306,Piatã,BA,Nordeste,12,6,0.5,0.6021854833649234,1.0
2924405,Pilão Arcado,BA,Nordeste,38,28,0.7368421052631579,0.6050747572764366,1.0
2924504,Pindaí,BA,Nordeste,18,12,0.6666666666666666,0.5844979316798369,1.0
2924603,Pindobaçu,BA,Nordeste,22,13,0.5909090909090909,0.6046167846552244,1.0
2924652,Pintadas,BA,Nordeste,8,7,0.875,0.5801399987848425,1.0
2924678,Piraí do Norte,BA,Nordeste,3,2,0.6666666666666666,0.6546700982852488,1.0
2924702,Piripá,BA,Nordeste,10,4,0.4,0.6096844045238545,1.0
2924801,Piritiba,BA,Nordeste,20,10,0.5,0.6362223766491686,1.0
2924900,Planaltino,BA,Nordeste,5,3,0.6,0.5842383255312348,1.0
2925006,Planalto,BA,Nordeste,16,14,0.875,0.5985944367232308,1.0
2925105,Poções,BA,Nordeste,41,25,0.6097560975609756,0.5793530275291403,1.0
2925204,Pojuca,BA,Nordeste,31,17,0.5483870967741935,0.651602833654664,1.0
2925253,Ponto Novo,BA,Nordeste,17,11,0.6470588235294118,0.6060148802058786,1.0
2925303,Porto Seguro,BA,Nordeste,212,116,0.5471698113207547,0.6315351557789857,1.0
2925402,Potiraguá,BA,Nordeste,4,2,0.5,0.5909409427006241,1.0
2925501,Prado,BA,Nordeste,37,30,0.8108108108108109,0.6154113229995297,1.0
2925600,Presidente Dutra,BA,Nordeste,10,8,0.8,0.6505459853650964,1.0
2925709,Presidente Jânio Quadros,BA,Nordeste,10,6,0.6,0.5583457459905057,1.0
2925808,Queimadas,BA,Nordeste,23,16,0.6956521739130435,0.5964438557161242,1.0
2925907,Quijingue,BA,Nordeste,4,3,0.75,0.5584271332266753,1.0
2925931,Quixabeira,BA,Nordeste,6,0,0.0,0.57754411807563,1.0
2925956,Rafael Jambeiro,BA,Nordeste,19,11,0.5789473684210527,0.590164759470964,1.0
2926004,Remanso,BA,Nordeste,34,23,0.6764705882352942,0.5797151165151396,1.0
2926103,Retirolândia,BA,Nordeste,16,12,0.75,0.6160998925713332,1.0
2926301,Riachão do Jacuípe,BA,Nordeste,19,14,0.7368421052631579,0.615543498520017,1.0
2926400,Riacho de Santana,BA,Nordeste,18,7,0.3888888888888889,0.5535007371774687,1.0
2926509,Ribeira do Amparo,BA,Nordeste,14,11,0.7857142857142857,0.6055646229341425,1.0
2926608,Ribeira do Pombal,BA,Nordeste,38,21,0.5526315789473685,0.5920824965503024,1.0
2926657,Ribeirão do Largo,BA,Nordeste,7,3,0.42857142857142855,0.5954272678005569,1.0
2926707,Rio de Contas,BA,Nordeste,7,3,0.42857142857142855,0.6091351038290985,1.0
2926806,Rio do Antônio,BA,Nordeste,6,3,0.5,0.5829545362055004,1.0
2926905,Rio do Pires,BA,Nordeste,2,0,0.0,0.572968257780437,1.0
2927002,Rio Real,BA,Nordeste,30,21,0.7,0.6323166751819979,1.0
2927101,Rodelas,BA,Nordeste,14,9,0.6428571428571429,0.5809502582411755,1.0
2927200,Ruy Barbosa,BA,Nordeste,31,21,0.6774193548387096,0.6007647922549877,1.0
2927309,Salinas da Margarida,BA,Nordeste,22,11,0.5,0.6654389827541889,1.0
2927408,Salvador,BA,Nordeste,1206,789,0.654228855721393,0.6292555264198818,1.0
2927507,Santa Bárbara,BA,Nordeste,16,7,0.4375,0.623275728595369,1.0
2927606,Santa Brígida,BA,Nordeste,10,8,0.8,0.5654579275037676,1.0
2927705,Santa Cruz Cabrália,BA,Nordeste,34,18,0.5294117647058824,0.6162829128697558,1.0
2927804,Santa Cruz da Vitória,BA,Nordeste,5,3,0.6,0.5926461935446224,1.0
2927903,Santa Inês,BA,Nordeste,8,4,0.5,0.6006656766023835,1.0
2928000,Santaluz,BA,Nordeste,14,9,0.6428571428571429,0.5996619539925183,1.0
2928059,Santa Luzia,BA,Nordeste,13,10,0.7692307692307693,0.6077984485679044,1.0
2928109,Santa Maria da Vitória,BA,Nordeste,29,17,0.5862068965517241,0.5853330371207573,1.0
2928208,Santana,BA,Nordeste,21,14,0.6666666666666666,0.595246779921368,1.0
2928307,Santanópolis,BA,Nordeste,5,3,0.6,0.6134584831126291,1.0
2928406,Santa Rita de Cássia,BA,Nordeste,23,13,0.5652173913043478,0.6012168353055696,1.0
2928505,Santa Teresinha,BA,Nordeste,6,6,1.0,0.5914811227879233,1.0
2928604,Santo Amaro,BA,Nordeste,45,29,0.6444444444444445,0.6470037694395074,1.0
2928703,Santo Antônio de Jesus,BA,Nordeste,44,23,0.5227272727272727,0.6129521741343223,1.0
2928802,Santo Estêvão,BA,Nordeste,53,37,0.6981132075471698,0.6100217630463547,1.0
2928901,São Desidério,BA,Nordeste,29,13,0.4482758620689655,0.5902039905015593,1.0
2928950,São Domingos,BA,Nordeste,4,3,0.75,0.5854403876559486,1.0
2929008,São Félix,BA,Nordeste,10,8,0.8,0.6294293581469482,1.0
2929057,São Félix do Coribe,BA,Nordeste,16,10,0.625,0.6194427424227247,1.0
2929107,São Felipe,BA,Nordeste,17,11,0.6470588235294118,0.605620559986562,1.0
2929206,São Francisco do Conde,BA,Nordeste,32,22,0.6875,0.6386911074314819,1.0
2929255,São Gabriel,BA,Nordeste,23,20,0.8695652173913043,0.6534269665078873,1.0
2929305,São Gonçalo dos Campos,BA,Nordeste,21,18,0.8571428571428571,0.6539370486726281,1.0
2929354,São José da Vitória,BA,Nordeste,10,9,0.9,0.6234265673070016,1.0
2929370,São José do Jacuípe,BA,Nordeste,8,6,0.75,0.6094551572105531,1.0
2929404,São Miguel das Matas,BA,Nordeste,7,5,0.7142857142857143,0.5935462021203142,1.0
2929503,São Sebastião do Passé,BA,Nordeste,18,11,0.6111111111111112,0.6230475283040753,1.0
2929602,Sapeaçu,BA,Nordeste,13,8,0.6153846153846154,0.6559371137046619,1.0
2929701,Sátiro Dias,BA,Nordeste,12,9,0.75,0.6237807217499574,1.0
2929750,Saubara,BA,Nordeste,6,2,0.3333333333333333,0.651917200006793,1.0
2929800,Saúde,BA,Nordeste,8,7,0.875,0.6645264038068992,1.0
2929909,Seabra,BA,Nordeste,41,26,0.6341463414634146,0.615021712424318,1.0
2930006,Sebastião Laranjeiras,BA,Nordeste,4,4,1.0,0.5715446696378303,1.0
2930105,Senhor do Bonfim,BA,Nordeste,57,40,0.7017543859649122,0.6063394010336058,1.0
2930154,Serra do Ramalho,BA,Nordeste,59,44,0.7457627118644068,0.613996208342301,1.0
2930204,Sento Sé,BA,Nordeste,37,27,0.7297297297297297,0.6040301131099577,1.0
2930303,Serra Dourada,BA,Nordeste,8,5,0.625,0.5989108854330456,1.0
2930402,Serra Preta,BA,Nordeste,5,3,0.6,0.6089880702162374,1.0
2930501,Serrinha,BA,Nordeste,52,38,0.7307692307692307,0.627819991369961,1.0
2930600,Serrolândia,BA,Nordeste,12,10,0.8333333333333334,0.6235592533678698,1.0
2930709,Simões Filho,BA,Nordeste,127,83,0.6535433070866141,0.6531732326271583,1.0
2930766,Sítio do Quinto,BA,Nordeste,5,3,0.6,0.5601156330739085,1.0
2930774,Sobradinho,BA,Nordeste,32,18,0.5625,0.617098351286951,1.0
2930808,Souto Soares,BA,Nordeste,10,8,0.8,0.6279582623460216,1.0
2930907,Tabocas do Brejo Velho,BA,Nordeste,17,11,0.6470588235294118,0.5868892662449148,1.0
2931004,Tanhaçu,BA,Nordeste,6,3,0.5,0.5856730625992452,1.0
2931053,Tanque Novo,BA,Nordeste,22,10,0.45454545454545453,0.5713288738889337,1.0
2931103,Tanquinho,BA,Nordeste,6,6,1.0,0.6349925903153664,1.0
2931202,Taperoá,BA,Nordeste,13,8,0.6153846153846154,0.611765313133803,1.0
2931301,Tapiramutá,BA,Nordeste,12,5,0.4166666666666667,0.6272994021859373,1.0
2931350,Teixeira de Freitas,BA,Nordeste,133,86,0.6466165413533834,0.6143436630068231,1.0
2931400,Teodoro Sampaio,BA,Nordeste,8,7,0.875,0.6111893737531822,1.0
2931509,Teofilândia,BA,Nordeste,17,9,0.5294117647058824,0.6258762454204662,1.0
2931608,Teolândia,BA,Nordeste,13,7,0.5384615384615384,0.565438750692906,1.0
2931707,Terra Nova,BA,Nordeste,9,6,0.6666666666666666,0.6794031000551934,1.0
2931806,Tremedal,BA,Nordeste,8,5,0.625,0.5979160474711438,1.0
2931905,Tucano,BA,Nordeste,26,21,0.8076923076923077,0.5844730761994414,1.0
2932002,Uauá,BA,Nordeste,18,7,0.3888888888888889,0.5814693949161851,1.0
2932101,Ubaíra,BA,Nordeste,13,9,0.6923076923076923,0.5672571089179238,1.0
2932200,Ubaitaba,BA,Nordeste,15,10,0.6666666666666666,0.6107390073281087,1.0
2932309,Ubatã,BA,Nordeste,9,4,0.4444444444444444,0.6024201014829693,1.0
2932408,Uibaí,BA,Nordeste,8,8,1.0,0.6392625183943456,1.0
2932457,Umburanas,BA,Nordeste,14,9,0.6428571428571429,0.6474841406971868,1.0
2932507,Una,BA,Nordeste,20,6,0.3,0.6320311257015354,1.0
2932606,Urandi,BA,Nordeste,10,8,0.8,0.6082201753796436,1.0
2932705,Uruçuca,BA,Nordeste,14,12,0.8571428571428571,0.6145630677638179,1.0
2932804,Utinga,BA,Nordeste,11,8,0.7272727272727273,0.6329574103471611,1.0
2932903,Valença,BA,Nordeste,41,32,0.7804878048780488,0.6170857548358567,1.0
2933000,Valente,BA,Nordeste,13,9,0.6923076923076923,0.6282957142710563,1.0
2933059,Várzea da Roça,BA,Nordeste,14,12,0.8571428571428571,0.6140483639627681,1.0
2933109,Várzea do Poço,BA,Nordeste,4,3,0.75,0.6306440961277165,1.0
2933158,Várzea Nova,BA,Nordeste,9,4,0.4444444444444444,0.6313816080561746,1.0
2933174,Varzedo,BA,Nordeste,11,6,0.5454545454545454,0.5921418954608495,1.0
2933208,Vera Cruz,BA,Nordeste,33,23,0.696969696969697,0.6620785086813334,1.0
2933257,Vereda,BA,Nordeste,8,7,0.875,0.5791128088856938,1.0
2933307,Vitória da Conquista,BA,Nordeste,271,148,0.5461254612546126,0.6255050564051716,1.0
2933406,Wagner,BA,Nordeste,10,5,0.5,0.645761392977324,1.0
2933455,Wanderley,BA,Nordeste,7,5,0.7142857142857143,0.5878329662305936,1.0
2933505,Wenceslau Guimarães,BA,Nordeste,14,10,0.7142857142857143,0.6004110424643061,1.0
2933604,Xique-Xique,BA,Nordeste,61,40,0.6557377049180327,0.6183307570416724,1.0
3100104,Abadia dos Dourados,MG,Sudeste,6,1,0.16666666666666666,0.40593158668207446,1.0
3100203,Abaeté,MG,Sudeste,17,2,0.11764705882352941,0.4122639257532957,1.0
3100302,Abre Campo,MG,Sudeste,10,4,0.4,0.3796277220098693,1.0
3100401,Acaiaca,MG,Sudeste,2,0,0.0,0.40574225881571746,1.0
3100500,Açucena,MG,Sudeste,3,0,0.0,0.3537626678832207,1.0
3100609,Água Boa,MG,Sudeste,7,4,0.5714285714285714,0.34324102196801604,0.0
3100807,Aguanil,MG,Sudeste,5,0,0.0,0.3982435927789406,1.0
3100906,Águas Formosas,MG,Sudeste,20,11,0.55,0.31258281875927746,0.0
3101003,Águas Vermelhas,MG,Sudeste,12,1,0.08333333333333333,0.34604368165474364,0.0
3101102,Aimorés,MG,Sudeste,22,6,0.2727272727272727,0.36781905702535894,1.0
3101201,Aiuruoca,MG,Sudeste,8,2,0.25,0.3724477293597318,1.0
3101300,Alagoa,MG,Sudeste,2,0,0.0,0.3754521273800233,1.0
3101409,Albertina,MG,Sudeste,2,0,0.0,0.4036125799774266,1.0
3101508,Além Paraíba,MG,Sudeste,20,8,0.4,0.40461155986792463,1.0
3101607,Alfenas,MG,Sudeste,58,15,0.25862068965517243,0.38126789152269336,1.0
3101631,Alfredo Vasconcelos,MG,Sudeste,11,4,0.36363636363636365,0.3954487262405367,1.0
3101706,Almenara,MG,Sudeste,50,20,0.4,0.35253719588695487,1.0
3101805,Alpercata,MG,Sudeste,8,3,0.375,0.39138813954461327,1.0
3101904,Alpinópolis,MG,Sudeste,19,2,0.10526315789473684,0.392209973997626,1.0
3102001,Alterosa,MG,Sudeste,14,2,0.14285714285714285,0.408115393803785,1.0
3102050,Alto Caparaó,MG,Sudeste,11,1,0.09090909090909091,0.4084688652369581,1.0
3102100,Alto Rio Doce,MG,Sudeste,14,3,0.21428571428571427,0.40830995665297704,1.0
3102209,Alvarenga,MG,Sudeste,6,2,0.3333333333333333,0.39519938757183554,1.0
3102308,Alvinópolis,MG,Sudeste,7,1,0.14285714285714285,0.37302120683116297,1.0
3102407,Alvorada de Minas,MG,Sudeste,9,2,0.2222222222222222,0.39248749060199345,1.0
3102506,Amparo do Serra,MG,Sudeste,3,0,0.0,0.3744072657713464,1.0
3102605,Andradas,MG,Sudeste,31,10,0.3225806451612903,0.38811243498861947,1.0
3102704,Cachoeira de Pajeú,MG,Sudeste,4,1,0.25,0.36033791955732153,1.0
3102803,Andrelândia,MG,Sudeste,15,5,0.3333333333333333,0.38269212514503803,1.0
3102852,Angelândia,MG,Sudeste,10,2,0.2,0.3654129514763922,1.0
3102902,Antônio Carlos,MG,Sudeste,4,0,0.0,0.37572553275818005,1.0
3103009,Antônio Dias,MG,Sudeste,5,1,0.2,0.35329670655062895,1.0
3103108,Antônio Prado de Minas,MG,Sudeste,1,0,0.0,0.39023601559322263,1.0
3103207,Araçaí,MG,Sudeste,7,1,0.14285714285714285,0.3875956124143968,1.0
3103306,Aracitaba,MG,Sudeste,2,0,0.0,0.38980512881406615,1.0
3103405,Araçuaí,MG,Sudeste,29,7,0.2413793103448276,0.33359703161155174,0.13793103448275862
3103504,Araguari,MG,Sudeste,105,34,0.3238095238095238,0.376721374297708,1.0
3103603,Arantina,MG,Sudeste,4,0,0.0,0.3827605421997653,1.0
3103702,Araponga,MG,Sudeste,8,1,0.125,0.39515774770241935,1.0
3103751,Araporã,MG,Sudeste,7,3,0.42857142857142855,0.3980530997192955,1.0
3103801,Arapuá,MG,Sudeste,3,0,0.0,0.39118376455578385,1.0
3103900,Araújos,MG,Sudeste,9,2,0.2222222222222222,0.40824964566310484,1.0
3104007,Araxá,MG,Sudeste,112,30,0.26785714285714285,0.3951842395707115,1.0
3104106,Arceburgo,MG,Sudeste,6,1,0.16666666666666666,0.40731847134852134,1.0
3104205,Arcos,MG,Sudeste,51,4,0.0784313725490196,0.39409097295020334,1.0
3104304,Areado,MG,Sudeste,17,5,0.29411764705882354,0.390137861963022,1.0
3104403,Argirita,MG,Sudeste,3,1,0.3333333333333333,0.42946013220461254,1.0
3104452,Aricanduva,MG,Sudeste,6,1,0.16666666666666666,0.3875067750107349,1.0
3104502,Arinos,MG,Sudeste,19,7,0.3684210526315789,0.35828475508271423,0.42105263157894735
3104601,Astolfo Dutra,MG,Sudeste,14,3,0.21428571428571427,0.41984850351195935,1.0
3104700,Ataléia,MG,Sudeste,8,2,0.25,0.34562560400660186,0.375
3104809,Augusto de Lima,MG,Sudeste,4,1,0.25,0.3654527416971731,1.0
3104908,Baependi,MG,Sudeste,17,4,0.23529411764705882,0.39711678924143323,1.0
3105004,Baldim,MG,Sudeste,6,0,0.0,0.41115972978820037,1.0
3105103,Bambuí,MG,Sudeste,17,6,0.35294117647058826,0.39131424126540626,1.0
3105202,Bandeira,MG,Sudeste,3,0,0.0,0.3257616892342269,0.0
3105301,Bandeira do Sul,MG,Sudeste,10,1,0.1,0.39990572363482535,1.0
3105400,Barão de Cocais,MG,Sudeste,34,15,0.4411764705882353,0.40293239453637886,1.0
3105509,Barão de Monte Alto,MG,Sudeste,2,0,0.0,0.3828485606536105,1.0
3105608,Barbacena,MG,Sudeste,86,13,0.1511627906976744,0.3739537321519476,1.0
3105707,Barra Longa,MG,Sudeste,4,0,0.0,0.3599345381181984,1.0
3105905,Barroso,MG,Sudeste,15,1,0.06666666666666667,0.3866844824709851,1.0
3106002,Bela Vista de Minas,MG,Sudeste,11,1,0.09090909090909091,0.4225815923137276,1.0
3106101,Belmiro Braga,MG,Sudeste,4,1,0.25,0.3929939746890838,1.0
3106200,Belo Horizonte,MG,Sudeste,1604,503,0.31359102244389025,0.39553744257475043,1.0
3106309,Belo Oriente,MG,Sudeste,30,7,0.23333333333333334,0.386813538287592,1.0
3106408,Belo Vale,MG,Sudeste,10,1,0.1,0.4108044571622065,1.0
3106507,Berilo,MG,Sudeste,4,1,0.25,0.3200904482575495,0.0
3106606,Bertópolis,MG,Sudeste,3,1,0.3333333333333333,0.334131416752121,0.0
3106655,Berizal,MG,Sudeste,4,1,0.25,0.34807994990630464,0.0
3106705,Betim,MG,Sudeste,473,140,0.2959830866807611,0.38695987874554283,1.0
3106804,Bias Fortes,MG,Sudeste,1,0,0.0,0.4045995314008458,1.0
3106903,Bicas,MG,Sudeste,10,3,0.3,0.38472280034704154,1.0
3107000,Biquinhas,MG,Sudeste,4,2,0.5,0.40045066036416876,1.0
3107109,Boa Esperança,MG,Sudeste,34,7,0.20588235294117646,0.40848475451892097,1.0
3107208,Bocaina de Minas,MG,Sudeste,5,1,0.2,0.3684839431824779,1.0
3107307,Bocaiúva,MG,Sudeste,55,14,0.2545454545454545,0.3455182985558042,0.32727272727272727
3107406,Bom Despacho,MG,Sudeste,43,12,0.27906976744186046,0.3886982479342935,1.0
3107505,Bom Jardim de Minas,MG,Sudeste,7,2,0.2857142857142857,0.3974277401696013,1.0
3107604,Bom Jesus da Penha,MG,Sudeste,5,1,0.2,0.3608103999680755,1.0
3107703,Bom Jesus do Amparo,MG,Sudeste,6,0,0.0,0.38223636049970566,1.0
3107802,Bom Jesus do Galho,MG,Sudeste,15,4,0.26666666666666666,0.3666882837398716,1.0
3107901,Bom Repouso,MG,Sudeste,10,3,0.3,0.39928397930535897,1.0
3108008,Bom Sucesso,MG,Sudeste,13,1,0.07692307692307693,0.38521703134210894,1.0
3108107,Bonfim,MG,Sudeste,5,1,0.2,0.423858251890867,1.0
3108206,Bonfinópolis de Minas,MG,Sudeste,1,1,1.0,0.374609923875903,1.0
3108255,Bonito de Minas,MG,Sudeste,7,5,0.7142857142857143,0.34574848703988437,0.0
3108305,Borda da Mata,MG,Sudeste,15,4,0.26666666666666666,0.38319100740505463,1.0
3108404,Botelhos,MG,Sudeste,7,0,0.0,0.3959772958041355,1.0
3108503,Botumirim,MG,Sudeste,3,1,0.3333333333333333,0.37849812005121475,1.0
3108552,Brasilândia de Minas,MG,Sudeste,20,5,0.25,0.4061981178491353,1.0
3108602,Brasília de Minas,MG,Sudeste,36,9,0.25,0.34504114425824556,0.2222222222222222
3108800,Braúnas,MG,Sudeste,3,1,0.3333333333333333,0.3775553903098265,1.0
3108909,Brazópolis,MG,Sudeste,16,3,0.1875,0.3934767039457445,1.0
3109006,Brumadinho,MG,Sudeste,36,5,0.1388888888888889,0.39354407252834067,1.0
3109105,Bueno Brandão,MG,Sudeste,5,0,0.0,0.4065484382459089,1.0
3109204,Buenópolis,MG,Sudeste,4,1,0.25,0.3694582524147959,1.0
3109303,Buritis,MG,Sudeste,28,8,0.2857142857142857,0.37081384981701143,0.9642857142857143
3109402,Buritizeiro,MG,Sudeste,26,12,0.46153846153846156,0.4216266543081806,1.0
3109451,Cabeceira Grande,MG,Sudeste,4,3,0.75,0.39702172028698435,1.0
3109501,Cabo Verde,MG,Sudeste,7,0,0.0,0.40773921820984543,1.0
3109600,Cachoeira da Prata,MG,Sudeste,1,0,0.0,0.40068552567834936,1.0
3109709,Cachoeira de Minas,MG,Sudeste,11,2,0.18181818181818182,0.3899463630352258,1.0
3109808,Cachoeira Dourada,MG,Sudeste,3,0,0.0,0.36422413878335114,1.0
3109907,Caetanópolis,MG,Sudeste,9,3,0.3333333333333333,0.42581705206127785,1.0
3110004,Caeté,MG,Sudeste,33,8,0.24242424242424243,0.4013987012300644,1.0
3110103,Caiana,MG,Sudeste,1,0,0.0,0.40920715275629294,1.0
3110202,Cajuri,MG,Sudeste,5,1,0.2,0.4383537010073292,1.0
3110301,Caldas,MG,Sudeste,18,3,0.16666666666666666,0.41371990680658355,1.0
3110400,Camacho,MG,Sudeste,3,0,0.0,0.3640150733087024,1.0
3110509,Camanducaia,MG,Sudeste,28,12,0.42857142857142855,0.39613079591206624,1.0
3110608,Cambuí,MG,Sudeste,22,5,0.22727272727272727,0.3781395213822263,1.0
3110707,Cambuquira,MG,Sudeste,8,1,0.125,0.39296946402059285,1.0
3110806,Campanário,MG,Sudeste,5,3,0.6,0.3982040882139759,1.0
3110905,Campanha,MG,Sudeste,13,6,0.46153846153846156,0.40887738758228154,1.0
3111002,Campestre,MG,Sudeste,15,2,0.13333333333333333,0.4016159785454806,1.0
3111101,Campina Verde,MG,Sudeste,6,1,0.16666666666666666,0.41368002931911246,1.0
3111150,Campo Azul,MG,Sudeste,3,0,0.0,0.3403391146475674,0.0
3111200,Campo Belo,MG,Sudeste,43,5,0.11627906976744186,0.40062951228018395,1.0
3111309,Campo do Meio,MG,Sudeste,11,2,0.18181818181818182,0.4025627538431125,1.0
3111408,Campo Florido,MG,Sudeste,7,5,0.7142857142857143,0.41674982447192743,1.0
3111507,Campos Altos,MG,Sudeste,8,4,0.5,0.3959927651086176,1.0
3111606,Campos Gerais,MG,Sudeste,26,6,0.23076923076923078,0.3951036767971339,1.0
3111705,Canaã,MG,Sudeste,5,1,0.2,0.3757557494323186,1.0
3111804,Canápolis,MG,Sudeste,6,1,0.16666666666666666,0.35565503483406663,0.8333333333333334
3111903,Cana Verde,MG,Sudeste,5,1,0.2,0.4156531526859033,1.0
3112000,Candeias,MG,Sudeste,10,0,0.0,0.3909926152031924,1.0
3112059,Cantagalo,MG,Sudeste,5,2,0.4,0.4018282772858076,1.0
3112109,Caparaó,MG,Sudeste,7,3,0.42857142857142855,0.38855974916724056,1.0
3112208,Capela Nova,MG,Sudeste,2,0,0.0,0.4126086240613438,1.0
3112307,Capelinha,MG,Sudeste,48,6,0.125,0.35396456719924574,0.4166666666666667
3112406,Capetinga,MG,Sudeste,5,2,0.4,0.4090364095133879,1.0
3112505,Capim Branco,MG,Sudeste,8,1,0.125,0.41834290492157256,1.0
3112604,Capinópolis,MG,Sudeste,19,7,0.3684210526315789,0.381002303745023,1.0
3112653,Capitão Andrade,MG,Sudeste,2,0,0.0,0.40367572259063067,1.0
3112703,Capitão Enéas,MG,Sudeste,14,3,0.21428571428571427,0.37348968225061147,1.0
3112802,Capitólio,MG,Sudeste,17,3,0.17647058823529413,0.39447202995477126,1.0
3112901,Caputira,MG,Sudeste,3,1,0.3333333333333333,0.4348117037046093,1.0
3113008,Caraí,MG,Sudeste,17,8,0.47058823529411764,0.34506669258507083,0.29411764705882354
3113107,Caranaíba,MG,Sudeste,2,1,0.5,0.42513538860449696,1.0
3113206,Carandaí,MG,Sudeste,25,4,0.16,0.3991172720016716,1.0
3113305,Carangola,MG,Sudeste,18,7,0.3888888888888889,0.3861316366882633,1.0
3113404,Caratinga,MG,Sudeste,84,24,0.2857142857142857,0.3951753042746751,1.0
3113503,Carbonita,MG,Sudeste,7,2,0.2857142857142857,0.36975614964601977,1.0
3113602,Careaçu,MG,Sudeste,7,2,0.2857142857142857,0.38300297096911884,1.0
3113701,Carlos Chagas,MG,Sudeste,10,4,0.4,0.3528053057755842,1.0
3113800,Carmésia,MG,Sudeste,2,2,1.0,0.3810730895109169,1.0
3113909,Carmo da Cachoeira,MG,Sudeste,6,1,0.16666666666666666,0.42915666101841515,1.0
3114006,Carmo da Mata,MG,Sudeste,11,4,0.36363636363636365,0.4177193662355905,1.0
3114105,Carmo de Minas,MG,Sudeste,13,2,0.15384615384615385,0.39354409309378663,1.0
3114204,Carmo do Cajuru,MG,Sudeste,27,9,0.3333333333333333,0.4118127458340246,1.0
3114303,Carmo do Paranaíba,MG,Sudeste,22,4,0.18181818181818182,0.40474617522099704,1.0
3114402,Carmo do Rio Claro,MG,Sudeste,16,5,0.3125,0.37911537517917726,1.0
3114501,Carmópolis de Minas,MG,Sudeste,26,6,0.23076923076923078,0.42729304294978976,1.0
3114550,Carneirinho,MG,Sudeste,15,5,0.3333333333333333,0.37574045217642327,1.0
3114600,Carrancas,MG,Sudeste,10,2,0.2,0.37447780772544126,1.0
3114709,Carvalhópolis,MG,Sudeste,2,0,0.0,0.3810094914726819,1.0
3114808,Carvalhos,MG,Sudeste,3,2,0.6666666666666666,0.3815463754652926,1.0
3114907,Casa Grande,MG,Sudeste,2,0,0.0,0.4321527093864155,1.0
3115003,Cascalho Rico,MG,Sudeste,2,0,0.0,0.41026045695326574,1.0
3115102,Cássia,MG,Sudeste,10,5,0.5,0.4004682956867124,1.0
3115201,Conceição da Barra de Minas,MG,Sudeste,2,1,0.5,0.40430588246563537,1.0
3115300,Cataguases,MG,Sudeste,30,11,0.36666666666666664,0.37672090175594175,1.0
3115359,Catas Altas,MG,Sudeste,4,0,0.0,0.424619589765051,1.0
3115409,Catas Altas da Noruega,MG,Sudeste,3,0,0.0,0.3919602472056902,1.0
3115458,Catuji,MG,Sudeste,15,4,0.26666666666666666,0.3785793281820304,1.0
3115474,Catuti,MG,Sudeste,6,4,0.6666666666666666,0.33856226056164784,0.0
3115508,Caxambu,MG,Sudeste,19,4,0.21052631578947367,0.41235122286959436,1.0
3115706,Central de Minas,MG,Sudeste,6,2,0.3333333333333333,0.35855091604573514,1.0
3115805,Centralina,MG,Sudeste,7,0,0.0,0.3945300756528462,1.0
3115904,Chácara,MG,Sudeste,5,3,0.6,0.3976322230942684,1.0
3116001,Chalé,MG,Sudeste,2,0,0.0,0.3486900525309947,0.0
3116100,Chapada do Norte,MG,Sudeste,4,1,0.25,0.34206551049357203,0.0
3116159,Chapada Gaúcha,MG,Sudeste,23,6,0.2608695652173913,0.36592690689613255,1.0
3116209,Chiador,MG,Sudeste,4,1,0.25,0.3978917105461004,1.0
3116308,Cipotânea,MG,Sudeste,5,1,0.2,0.4255741447111431,1.0
3116407,Claraval,MG,Sudeste,5,1,0.2,0.3940736694758723,1.0
3116506,Claro dos Poções,MG,Sudeste,7,2,0.2857142857142857,0.35690699105825674,1.0
3116605,Cláudio,MG,Sudeste,24,3,0.125,0.4217059864412989,1.0
3116704,Coimbra,MG,Sudeste,8,1,0.125,0.41297994438326724,1.0
3116803,Coluna,MG,Sudeste,9,0,0.0,0.3947595538777393,1.0
3116902,Comendador Gomes,MG,Sudeste,1,1,1.0,0.41523744879393887,1.0
3117009,Comercinho,MG,Sudeste,4,1,0.25,0.36128360880939225,1.0
3117108,Conceição da Aparecida,MG,Sudeste,8,2,0.25,0.4024279943294843,1.0
3117306,Conceição das Alagoas,MG,Sudeste,33,14,0.42424242424242425,0.41023495899555174,1.0
3117405,Conceição de Ipanema,MG,Sudeste,4,1,0.25,0.37285778049673324,1.0
3117504,Conceição do Mato Dentro,MG,Sudeste,20,3,0.15,0.37495972291619223,1.0
3117603,Conceição do Pará,MG,Sudeste,6,0,0.0,0.3799329637658228,1.0
3117702,Conceição do Rio Verde,MG,Sudeste,11,0,0.0,0.40161222756128934,1.0
3117801,Conceição dos Ouros,MG,Sudeste,16,7,0.4375,0.4088624944611371,1.0
3117836,Cônego Marinho,MG,Sudeste,1,1,1.0,0.3358603447816032,0.0
3117876,Confins,MG,Sudeste,8,3,0.375,0.39439815552696345,1.0
3117900,Congonhal,MG,Sudeste,11,1,0.09090909090909091,0.3823913151613313,1.0
3118007,Congonhas,MG,Sudeste,53,14,0.2641509433962264,0.3979603065566404,1.0
3118106,Congonhas do Norte,MG,Sudeste,3,2,0.6666666666666666,0.38165851909560367,1.0
3118205,Conquista,MG,Sudeste,8,3,0.375,0.37549239617326313,1.0
3118304,Conselheiro Lafaiete,MG,Sudeste,133,22,0.16541353383458646,0.39528519609152923,1.0
3118403,Conselheiro Pena,MG,Sudeste,18,5,0.2777777777777778,0.3737379690862228,0.8888888888888888
3118502,Consolação,MG,Sudeste,4,3,0.75,0.3699298887596367,1.0
3118601,Contagem,MG,Sudeste,461,133,0.2885032537960954,0.40093360759795177,1.0
3118700,Coqueiral,MG,Sudeste,5,0,0.0,0.40194337490470955,1.0
3118809,Coração de Jesus,MG,Sudeste,17,2,0.11764705882352941,0.32962211176893297,0.0
3118908,Cordisburgo,MG,Sudeste,2,1,0.5,0.4155341153276152,1.0
3119005,Cordislândia,MG,Sudeste,3,1,0.3333333333333333,0.3973758737052229,1.0
3119104,Corinto,MG,Sudeste,27,6,0.2222222222222222,0.40278835257781737,1.0
3119203,Coroaci,MG,Sudeste,6,1,0.16666666666666666,0.4061306155114764,1.0
3119302,Coromandel,MG,Sudeste,26,4,0.15384615384615385,0.3960777174992053,1.0
3119401,Coronel Fabriciano,MG,Sudeste,63,24,0.38095238095238093,0.38164414639386235,1.0
3119500,Coronel Murta,MG,Sudeste,7,1,0.14285714285714285,0.363441756372719,1.0
3119609,Coronel Pacheco,MG,Sudeste,4,2,0.5,0.4032632308124955,1.0
3119708,Coronel Xavier Chaves,MG,Sudeste,4,0,0.0,0.4243713663931583,1.0
3119906,Córrego do Bom Jesus,MG,Sudeste,8,0,0.0,0.3615879802721216,1.0
3119955,Córrego Fundo,MG,Sudeste,6,0,0.0,0.4087934025467315,1.0
3120003,Córrego Novo,MG,Sudeste,6,0,0.0,0.35903543027229895,1.0
3120102,Couto de Magalhães de Minas,MG,Sudeste,4,0,0.0,0.3955773627663436,1.0
3120151,Crisólita,MG,Sudeste,4,2,0.5,0.32856567541030546,0.0
3120201,Cristais,MG,Sudeste,12,0,0.0,0.42010957822763356,1.0
3120300,Cristália,MG,Sudeste,4,2,0.5,0.3941888871050685,1.0
3120409,Cristiano Otoni,MG,Sudeste,7,0,0.0,0.41264519840467295,1.0
3120508,Cristina,MG,Sudeste,14,2,0.14285714285714285,0.40422030903213163,1.0
3120607,Crucilândia,MG,Sudeste,2,0,0.0,0.3980917028844544,1.0
3120706,Cruzeiro da Fortaleza,MG,Sudeste,3,0,0.0,0.39897230682025436,1.0
3120805,Cruzília,MG,Sudeste,13,3,0.23076923076923078,0.37578718557486934,1.0
3120839,Cuparaque,MG,Sudeste,2,1,0.5,0.36913718842513177,1.0
3120870,Curral de Dentro,MG,Sudeste,17,2,0.11764705882352941,0.3869943525242575,1.0
3120904,Curvelo,MG,Sudeste,85,22,0.25882352941176473,0.39949130603486593,1.0
3121001,Datas,MG,Sudeste,6,1,0.16666666666666666,0.4276586959230704,1.0
3121100,Delfim Moreira,MG,Sudeste,3,0,0.0,0.39120151429236233,1.0
3121209,Delfinópolis,MG,Sudeste,6,2,0.3333333333333333,0.3634192967438488,1.0
3121258,Delta,MG,Sudeste,4,4,1.0,0.42729709381789893,1.0
3121308,Descoberto,MG,Sudeste,4,2,0.5,0.4203771529577349,1.0
3121407,Desterro de Entre Rios,MG,Sudeste,9,3,0.3333333333333333,0.3998568758884423,1.0
3121506,Desterro do Melo,MG,Sudeste,2,0,0.0,0.3809988295220482,1.0
3121605,Diamantina,MG,Sudeste,50,10,0.2,0.3673969305007395,1.0
3121704,Diogo de Vasconcelos,MG,Sudeste,3,0,0.0,0.40572156712396956,1.0
3121803,Dionísio,MG,Sudeste,5,1,0.2,0.3703671467592853,1.0
3121902,Divinésia,MG,Sudeste,10,4,0.4,0.4279739038449593,1.0
3122009,Divino,MG,Sudeste,21,8,0.38095238095238093,0.42653520883658896,1.0
3122108,Divino das Laranjeiras,MG,Sudeste,3,1,0.3333333333333333,0.34936568160127185,0.6666666666666666
3122207,Divinolândia de Minas,MG,Sudeste,9,0,0.0,0.42101592128647614,1.0
3122306,Divinópolis,MG,Sudeste,185,32,0.17297297297297298,0.3891530014719894,1.0
3122355,Divisa Alegre,MG,Sudeste,8,0,0.0,0.3930500120515976,1.0
3122405,Divisa Nova,MG,Sudeste,7,1,0.14285714285714285,0.3843959993635352,1.0
3122454,Divisópolis,MG,Sudeste,13,5,0.38461538461538464,0.34707782026295064,0.0
3122470,Dom Bosco,MG,Sudeste,2,1,0.5,0.3396681362359974,0.5
3122504,Dom Cavati,MG,Sudeste,4,2,0.5,0.3823598872300229,1.0
3122603,Dom Joaquim,MG,Sudeste,3,1,0.3333333333333333,0.3818090233542679,1.0
3122702,Dom Silvério,MG,Sudeste,2,0,0.0,0.374333121916975,1.0
3122801,Dom Viçoso,MG,Sudeste,2,1,0.5,0.37388504747402496,1.0
3122900,Dona Eusébia,MG,Sudeste,7,0,0.0,0.40108393712136314,1.0
3123007,Dores de Campos,MG,Sudeste,6,1,0.16666666666666666,0.4194501366132057,1.0
3123106,Dores de Guanhães,MG,Sudeste,2,1,0.5,0.35620060429135403,1.0
3123205,Dores do Indaiá,MG,Sudeste,16,1,0.0625,0.38247251218690903,1.0
3123304,Dores do Turvo,MG,Sudeste,12,0,0.0,0.4001238875626368,1.0
3123403,Doresópolis,MG,Sudeste,1,0,0.0,0.41265524022041566,1.0
3123502,Douradoquara,MG,Sudeste,7,3,0.42857142857142855,0.3913806485164817,1.0
3123528,Durandé,MG,Sudeste,10,3,0.3,0.3555244633791146,0.6
3123601,Elói Mendes,MG,Sudeste,23,7,0.30434782608695654,0.40015031798549805,1.0
3123700,Engenheiro Caldas,MG,Sudeste,8,2,0.25,0.3760475180236623,1.0
3123809,Engenheiro Navarro,MG,Sudeste,14,2,0.14285714285714285,0.355359914067479,1.0
3123858,Entre Folhas,MG,Sudeste,6,2,0.3333333333333333,0.4070335570277785,1.0
3123908,Entre Rios de Minas,MG,Sudeste,16,1,0.0625,0.4183727407823774,1.0
3124005,Ervália,MG,Sudeste,15,3,0.2,0.4113213565261963,1.0
3124104,Esmeraldas,MG,Sudeste,84,30,0.35714285714285715,0.4133245996895693,1.0
3124203,Espera Feliz,MG,Sudeste,16,6,0.375,0.3744455702786395,1.0
3124302,Espinosa,MG,Sudeste,28,8,0.2857142857142857,0.340636777775749,0.4642857142857143
3124401,Espírito Santo do Dourado,MG,Sudeste,6,1,0.16666666666666666,0.3794767887656263,1.0
3124500,Estiva,MG,Sudeste,13,5,0.38461538461538464,0.37416255158609907,1.0
3124609,Estrela Dalva,MG,Sudeste,4,1,0.25,0.351452996120721,1.0
3124708,Estrela do Indaiá,MG,Sudeste,1,0,0.0,0.3872681186791683,1.0
3124807,Estrela do Sul,MG,Sudeste,6,1,0.16666666666666666,0.38039003102899144,1.0
3124906,Eugenópolis,MG,Sudeste,7,2,0.2857142857142857,0.39492148718781805,1.0
3125002,Ewbank da Câmara,MG,Sudeste,8,2,0.25,0.40091138103548796,1.0
3125101,Extrema,MG,Sudeste,74,23,0.3108108108108108,0.39961491360271073,1.0
3125200,Fama,MG,Sudeste,2,1,0.5,0.38228841938595803,1.0
3125309,Faria Lemos,MG,Sudeste,1,1,1.0,0.3751261715979355,1.0
3125408,Felício dos Santos,MG,Sudeste,9,2,0.2222222222222222,0.4020668350630018,1.0
3125507,São Gonçalo do Rio Preto,MG,Sudeste,3,0,0.0,0.3569041026932511,1.0
3125606,Felisburgo,MG,Sudeste,8,3,0.375,0.37005274638149654,1.0
3125705,Felixlândia,MG,Sudeste,12,3,0.25,0.4284575155693393,1.0
3125804,Fernandes Tourinho,MG,Sudeste,2,0,0.0,0.3504418506804703,1.0
3125903,Ferros,MG,Sudeste,8,1,0.125,0.3637854642031967,1.0
3125952,Fervedouro,MG,Sudeste,10,0,0.0,0.4302310326619283,1.0
3126000,Florestal,MG,Sudeste,11,1,0.09090909090909091,0.4080189944444724,1.0
3126109,Formiga,MG,Sudeste,48,7,0.14583333333333334,0.38436734728603295,1.0
3126208,Formoso,MG,Sudeste,14,4,0.2857142857142857,0.36059813899723175,0.7857142857142857
3126307,Fortaleza de Minas,MG,Sudeste,4,3,0.75,0.4198981842312084,1.0
3126406,Fortuna de Minas,MG,Sudeste,1,0,0.0,0.39045565636054436,1.0
3126505,Francisco Badaró,MG,Sudeste,2,0,0.0,0.3368185351031746,0.0
3126604,Francisco Dumont,MG,Sudeste,1,1,1.0,0.35848651181768254,1.0
3126703,Francisco Sá,MG,Sudeste,14,8,0.5714285714285714,0.3324815069272728,0.0
3126752,Franciscópolis,MG,Sudeste,6,0,0.0,0.33113024567875304,0.0
3126802,Frei Gaspar,MG,Sudeste,8,4,0.5,0.34853091705288874,0.0
3126901,Frei Inocêncio,MG,Sudeste,9,3,0.3333333333333333,0.3723212061899792,1.0
3126950,Frei Lagonegro,MG,Sudeste,6,1,0.16666666666666666,0.40309949036034237,1.0
3127008,Fronteira,MG,Sudeste,18,4,0.2222222222222222,0.4094423259239126,1.0
3127057,Fronteira dos Vales,MG,Sudeste,3,0,0.0,0.3157953737219092,0.0
3127073,Fruta de Leite,MG,Sudeste,2,1,0.5,0.3256317540307978,0.0
3127107,Frutal,MG,Sudeste,58,19,0.3275862068965517,0.4055228326696868,1.0
3127206,Funilândia,MG,Sudeste,5,2,0.4,0.3823800138065668,1.0
3127305,Galiléia,MG,Sudeste,5,2,0.4,0.3650779748440962,1.0
3127339,Gameleiras,MG,Sudeste,7,3,0.42857142857142855,0.29611797125920913,0.0
3127354,Glaucilândia,MG,Sudeste,2,0,0.0,0.363271382284474,1.0
3127370,Goiabeira,MG,Sudeste,3,0,0.0,0.35040439528321476,1.0
3127388,Goianá,MG,Sudeste,3,0,0.0,0.37736447672503576,1.0
3127404,Gonçalves,MG,Sudeste,5,2,0.4,0.35228425031566213,1.0
3127503,Gonzaga,MG,Sudeste,2,0,0.0,0.3950116195107506,1.0
3127602,Gouveia,MG,Sudeste,13,1,0.07692307692307693,0.40127167327211577,1.0
3127701,Governador Valadares,MG,Sudeste,216,70,0.32407407407407407,0.3819385729170791,1.0
3127800,Grão Mogol,MG,Sudeste,16,3,0.1875,0.3673939002589023,1.0
3127909,Grupiara,MG,Sudeste,1,0,0.0,0.35432052235833156,1.0
3128006,Guanhães,MG,Sudeste,29,7,0.2413793103448276,0.3897646117401336,1.0
3128105,Guapé,MG,Sudeste,15,3,0.2,0.4091829807525623,1.0
3128204,Guaraciaba,MG,Sudeste,8,2,0.25,0.3781812099066616,1.0
3128253,Guaraciama,MG,Sudeste,2,0,0.0,0.3357657410143784,0.0
3128303,Guaranésia,MG,Sudeste,25,12,0.48,0.3903416463886207,1.0
3128402,Guarani,MG,Sudeste,9,3,0.3333333333333333,0.4040548283823163,1.0
3128501,Guarará,MG,Sudeste,3,2,0.6666666666666666,0.43717189651969957,1.0
3128600,Guarda-Mor,MG,Sudeste,8,5,0.625,0.3934170477904708,1.0
3128709,Guaxupé,MG,Sudeste,36,13,0.3611111111111111,0.39227814149095985,1.0
3128808,Guidoval,MG,Sudeste,6,2,0.3333333333333333,0.39784098507302046,1.0
3128907,Guimarânia,MG,Sudeste,10,1,0.1,0.40144262849138335,1.0
3129004,Guiricema,MG,Sudeste,7,1,0.14285714285714285,0.3874292602686592,1.0
3129103,Gurinhatã,MG,Sudeste,10,1,0.1,0.3803072775735161,1.0
3129202,Heliodora,MG,Sudeste,8,1,0.125,0.3985439377288681,1.0
3129301,Iapu,MG,Sudeste,8,4,0.5,0.3825811593219971,1.0
3129400,Ibertioga,MG,Sudeste,6,0,0.0,0.38395595560495205,1.0
3129509,Ibiá,MG,Sudeste,19,7,0.3684210526315789,0.41967151180016826,1.0
3129608,Ibiaí,MG,Sudeste,7,1,0.14285714285714285,0.3940478125900236,1.0
3129657,Ibiracatu,MG,Sudeste,5,3,0.6,0.35493557392549663,0.8
3129707,Ibiraci,MG,Sudeste,9,2,0.2222222222222222,0.3909811638993745,1.0
3129806,Ibirité,MG,Sudeste,161,49,0.30434782608695654,0.40568471062117295,1.0
3129905,Ibitiúra de Minas,MG,Sudeste,3,2,0.6666666666666666,0.39165787825855136,1.0
3130002,Ibituruna,MG,Sudeste,1,0,0.0,0.4011977159570229,1.0
3130051,Icaraí de Minas,MG,Sudeste,9,2,0.2222222222222222,0.37538374849598166,1.0
3130101,Igarapé,MG,Sudeste,56,18,0.32142857142857145,0.41437844466235774,1.0
3130200,Igaratinga,MG,Sudeste,17,3,0.17647058823529413,0.4515730257309509,1.0
3130309,Iguatama,MG,Sudeste,8,1,0.125,0.4180848170437427,1.0
3130408,Ijaci,MG,Sudeste,5,1,0.2,0.39605370163999265,1.0
3130507,Ilicínea,MG,Sudeste,15,3,0.2,0.40387443055577443,1.0
3130556,Imbé de Minas,MG,Sudeste,4,0,0.0,0.45094108591339455,1.0
3130606,Inconfidentes,MG,Sudeste,4,1,0.25,0.3975590594711106,1.0
3130655,Indaiabira,MG,Sudeste,4,1,0.25,0.30729834844876935,0.0
3130705,Indianópolis,MG,Sudeste,12,5,0.4166666666666667,0.40619645623590667,1.0
3130903,Inhapim,MG,Sudeste,12,1,0.08333333333333333,0.3776083989814838,1.0
3131000,Inhaúma,MG,Sudeste,6,0,0.0,0.3950432883762544,1.0
3131109,Inimutaba,MG,Sudeste,9,1,0.1111111111111111,0.3863728355849484,1.0
3131158,Ipaba,MG,Sudeste,22,6,0.2727272727272727,0.39854226189720676,1.0
3131208,Ipanema,MG,Sudeste,15,6,0.4,0.3649382514605043,1.0
3131307,Ipatinga,MG,Sudeste,189,42,0.2222222222222222,0.3789458006707069,1.0
3131406,Ipiaçu,MG,Sudeste,4,0,0.0,0.36317607827282883,1.0
3131505,Ipuiúna,MG,Sudeste,8,1,0.125,0.3984375677211761,1.0
3131604,Iraí de Minas,MG,Sudeste,8,1,0.125,0.4064211816733916,1.0
3131703,Itabira,MG,Sudeste,94,37,0.39361702127659576,0.37829612992441314,1.0
3131802,Itabirinha,MG,Sudeste,14,1,0.07142857142857142,0.35544022686291354,1.0
3131901,Itabirito,MG,Sudeste,81,20,0.24691358024691357,0.4189211236216986,1.0
3132008,Itacambira,MG,Sudeste,1,0,0.0,0.37168165586580815,1.0
3132107,Itacarambi,MG,Sudeste,21,6,0.2857142857142857,0.3551906329780324,0.7619047619047619
3132206,Itaguara,MG,Sudeste,14,2,0.14285714285714285,0.4206891145491033,1.0
3132305,Itaipé,MG,Sudeste,13,9,0.6923076923076923,0.3909429855932656,1.0
3132404,Itajubá,MG,Sudeste,65,19,0.2923076923076923,0.3876824795391728,1.0
3132503,Itamarandiba,MG,Sudeste,42,7,0.16666666666666666,0.3577474479902663,0.6666666666666666
3132602,Itamarati de Minas,MG,Sudeste,2,1,0.5,0.414566953093762,1.0
3132701,Itambacuri,MG,Sudeste,21,9,0.42857142857142855,0.3544543976554203,0.5238095238095238
3132800,Itambé do Mato Dentro,MG,Sudeste,1,0,0.0,0.359112520102449,1.0
3132909,Itamogi,MG,Sudeste,12,1,0.08333333333333333,0.4066955154741357,1.0
3133006,Itamonte,MG,Sudeste,12,1,0.08333333333333333,0.3982334023831838,1.0
3133105,Itanhandu,MG,Sudeste,6,0,0.0,0.39497361334901226,1.0
3133204,Itanhomi,MG,Sudeste,12,1,0.08333333333333333,0.37997843508354007,1.0
3133303,Itaobim,MG,Sudeste,7,2,0.2857142857142857,0.3672097117362168,1.0
3133402,Itapagipe,MG,Sudeste,9,3,0.3333333333333333,0.4131074475910158,1.0
3133501,Itapecerica,MG,Sudeste,16,3,0.1875,0.3680773160088491,0.6875
3133600,Itapeva,MG,Sudeste,15,4,0.26666666666666666,0.373833627903137,1.0
3133709,Itatiaiuçu,MG,Sudeste,20,6,0.3,0.39824813320522556,1.0
3133758,Itaú de Minas,MG,Sudeste,9,0,0.0,0.3908627102392166,1.0
3133808,Itaúna,MG,Sudeste,71,7,0.09859154929577464,0.40016909191563216,1.0
3133907,Itaverava,MG,Sudeste,3,0,0.0,0.36392729312386835,1.0
3134004,Itinga,MG,Sudeste,9,2,0.2222222222222222,0.3668361748030678,0.6666666666666666
3134103,Itueta,MG,Sudeste,9,2,0.2222222222222222,0.3990848652417109,1.0
3134202,Ituiutaba,MG,Sudeste,82,25,0.3048780487804878,0.3824581325009902,1.0
3134301,Itumirim,MG,Sudeste,7,2,0.2857142857142857,0.3846068863162295,1.0
3134400,Iturama,MG,Sudeste,38,8,0.21052631578947367,0.37630323345643024,1.0
3134509,Itutinga,MG,Sudeste,1,0,0.0,0.39457929241779344,1.0
3134608,Jaboticatubas,MG,Sudeste,14,5,0.35714285714285715,0.4045948537248458,1.0
3134707,Jacinto,MG,Sudeste,13,8,0.6153846153846154,0.34140393173317585,0.0
3134806,Jacuí,MG,Sudeste,8,0,0.0,0.41078200817064214,1.0
3134905,Jacutinga,MG,Sudeste,16,7,0.4375,0.4133787381794056,1.0
3135001,Jaguaraçu,MG,Sudeste,2,0,0.0,0.4028057123774995,1.0
3135050,Jaíba,MG,Sudeste,56,28,0.5,0.3592933551990932,1.0
3135076,Jampruca,MG,Sudeste,2,1,0.5,0.3736128805633997,1.0
3135100,Janaúba,MG,Sudeste,80,21,0.2625,0.35488057425315284,0.45
3135209,Januária,MG,Sudeste,86,35,0.4069767441860465,0.3342389730925562,0.1744186046511628
3135308,Japaraíba,MG,Sudeste,6,0,0.0,0.389954356467111,1.0
3135357,Japonvar,MG,Sudeste,9,2,0.2222222222222222,0.35394208781867637,0.3333333333333333
3135407,Jeceaba,MG,Sudeste,3,1,0.3333333333333333,0.41004134345824417,1.0
3135456,Jenipapo de Minas,MG,Sudeste,4,1,0.25,0.30667262567194276,0.0
3135506,Jequeri,MG,Sudeste,12,1,0.08333333333333333,0.40059716609416424,1.0
3135605,Jequitaí,MG,Sudeste,5,1,0.2,0.3569059695993678,1.0
3135704,Jequitibá,MG,Sudeste,6,3,0.5,0.4415922182152266,1.0
3135803,Jequitinhonha,MG,Sudeste,28,8,0.2857142857142857,0.34748558543985963,0.6428571428571429
3135902,Jesuânia,MG,Sudeste,6,1,0.16666666666666666,0.418428126472899,1.0
3136009,Joaíma,MG,Sudeste,9,5,0.5555555555555556,0.3479052434057056,0.0
3136108,Joanésia,MG,Sudeste,3,0,0.0,0.37863266024046344,1.0
3136207,João Monlevade,MG,Sudeste,60,12,0.2,0.38561598595224755,1.0
3136306,João Pinheiro,MG,Sudeste,58,18,0.3103448275862069,0.3671423875616418,1.0
3136405,Joaquim Felício,MG,Sudeste,5,0,0.0,0.3836252569948536,1.0
3136504,Jordânia,MG,Sudeste,5,1,0.2,0.3191847391746122,0.0
3136520,José Gonçalves de Minas,MG,Sudeste,4,1,0.25,0.3475329377860732,0.0
3136553,José Raydan,MG,Sudeste,2,1,0.5,0.35619111655353086,1.0
3136579,Josenópolis,MG,Sudeste,6,0,0.0,0.35234359328491155,1.0
3136603,Nova União,MG,Sudeste,7,1,0.14285714285714285,0.3918607478649042,1.0
3136652,Juatuba,MG,Sudeste,33,9,0.2727272727272727,0.38937917156409796,1.0
3136702,Juiz de Fora,MG,Sudeste,339,136,0.40117994100294985,0.39743562227386064,1.0
3136801,Juramento,MG,Sudeste,5,2,0.4,0.3424930572573269,0.0
3136900,Juruaia,MG,Sudeste,11,3,0.2727272727272727,0.4177422154011534,1.0
3136959,Juvenília,MG,Sudeste,5,4,0.8,0.36485243236606807,1.0
3137007,Ladainha,MG,Sudeste,10,5,0.5,0.381701410990374,1.0
3137106,Lagamar,MG,Sudeste,1,1,1.0,0.3670077013021269,1.0
3137205,Lagoa da Prata,MG,Sudeste,50,8,0.16,0.39343258788312907,1.0
3137304,Lagoa dos Patos,MG,Sudeste,2,2,1.0,0.3855321990276336,1.0
3137403,Lagoa Dourada,MG,Sudeste,14,1,0.07142857142857142,0.43595982549507684,1.0
3137502,Lagoa Formosa,MG,Sudeste,16,2,0.125,0.39650875135843333,1.0
3137536,Lagoa Grande,MG,Sudeste,11,3,0.2727272727272727,0.40276260337708725,1.0
3137601,Lagoa Santa,MG,Sudeste,52,16,0.3076923076923077,0.40429095456842734,1.0
3137700,Lajinha,MG,Sudeste,18,8,0.4444444444444444,0.3680983187702239,1.0
3137809,Lambari,MG,Sudeste,24,9,0.375,0.3911253466868487,1.0
3137908,Lamim,MG,Sudeste,2,0,0.0,0.36288945657100635,1.0
3138005,Laranjal,MG,Sudeste,7,0,0.0,0.379294226649884,1.0
3138104,Lassance,MG,Sudeste,7,4,0.5714285714285714,0.41744618698937763,1.0
3138203,Lavras,MG,Sudeste,93,25,0.26881720430107525,0.38589568354717607,1.0
3138302,Leandro Ferreira,MG,Sudeste,6,2,0.3333333333333333,0.3568326980092227,1.0
3138351,Leme do Prado,MG,Sudeste,7,0,0.0,0.33323255888290737,0.0
3138401,Leopoldina,MG,Sudeste,40,13,0.325,0.38290386774314406,1.0
3138500,Liberdade,MG,Sudeste,2,1,0.5,0.3809745711992757,1.0
3138609,Lima Duarte,MG,Sudeste,6,2,0.3333333333333333,0.3802364937963467,1.0
3138625,Limeira do Oeste,MG,Sudeste,19,5,0.2631578947368421,0.368060390814023,1.0
3138658,Lontra,MG,Sudeste,7,2,0.2857142857142857,0.3585261470681208,1.0
3138674,Luisburgo,MG,Sudeste,10,2,0.2,0.40880871359885396,1.0
3138682,Luislândia,MG,Sudeste,7,0,0.0,0.35649691069956774,1.0
3138708,Luminárias,MG,Sudeste,5,0,0.0,0.40792771455923765,1.0
3138807,Luz,MG,Sudeste,12,1,0.08333333333333333,0.3792866811780828,1.0
3138906,Machacalis,MG,Sudeste,9,4,0.4444444444444444,0.3449533141998673,0.0
3139003,Machado,MG,Sudeste,25,4,0.16,0.39889224785732097,1.0
3139102,Madre de Deus de Minas,MG,Sudeste,9,5,0.5555555555555556,0.40436508960094997,1.0
3139201,Malacacheta,MG,Sudeste,18,5,0.2777777777777778,0.3379053023998074,0.5
3139250,Mamonas,MG,Sudeste,9,3,0.3333333333333333,0.3230696520428291,0.0
3139300,Manga,MG,Sudeste,26,14,0.5384615384615384,0.3276824089811677,0.0
3139409,Manhuaçu,MG,Sudeste,88,22,0.25,0.39916410199528124,1.0
3139508,Manhumirim,MG,Sudeste,19,5,0.2631578947368421,0.37662755809431814,1.0
3139607,Mantena,MG,Sudeste,22,7,0.3181818181818182,0.376926247691682,1.0
3139706,Maravilhas,MG,Sudeste,6,0,0.0,0.42740239892041654,1.0
3139805,Mar de Espanha,MG,Sudeste,19,8,0.42105263157894735,0.40196833385686986,1.0
3139904,Maria da Fé,MG,Sudeste,15,3,0.2,0.38121946760859227,1.0
3140001,Mariana,MG,Sudeste,60,19,0.31666666666666665,0.3764783820686396,1.0
3140100,Marilac,MG,Sudeste,5,2,0.4,0.38994846558171603,1.0
3140159,Mário Campos,MG,Sudeste,7,1,0.14285714285714285,0.40580512832093313,1.0
3140209,Maripá de Minas,MG,Sudeste,3,1,0.3333333333333333,0.40268402765046335,1.0
3140308,Marliéria,MG,Sudeste,4,2,0.5,0.40437412059510436,1.0
3140407,Marmelópolis,MG,Sudeste,5,1,0.2,0.3999850692884134,1.0
3140506,Martinho Campos,MG,Sudeste,23,5,0.21739130434782608,0.4178029680133513,1.0
3140530,Martins Soares,MG,Sudeste,10,2,0.2,0.38668418744590805,1.0
3140555,Mata Verde,MG,Sudeste,9,4,0.4444444444444444,0.3299572800000594,0.0
3140605,Materlândia,MG,Sudeste,4,4,1.0,0.39427229949142006,1.0
3140704,Mateus Leme,MG,Sudeste,49,10,0.20408163265306123,0.4050182114302189,1.0
3140803,Matias Barbosa,MG,Sudeste,14,3,0.21428571428571427,0.40419514683708585,1.0
3140852,Matias Cardoso,MG,Sudeste,6,5,0.8333333333333334,0.3516020478909014,1.0
3140902,Matipó,MG,Sudeste,19,5,0.2631578947368421,0.3924545987589788,1.0
3141009,Mato Verde,MG,Sudeste,12,5,0.4166666666666667,0.3286115026474334,0.0
3141108,Matozinhos,MG,Sudeste,23,7,0.30434782608695654,0.39112320179178445,1.0
3141207,Matutina,MG,Sudeste,3,0,0.0,0.39796134770618985,1.0
3141306,Medeiros,MG,Sudeste,3,0,0.0,0.4104486702544279,1.0
3141405,Medina,MG,Sudeste,15,1,0.06666666666666667,0.3694684002224846,0.9333333333333333
3141504,Mendes Pimentel,MG,Sudeste,5,3,0.6,0.35138538422365695,1.0
3141603,Mercês,MG,Sudeste,7,0,0.0,0.39221761228542135,1.0
3141702,Mesquita,MG,Sudeste,6,1,0.16666666666666666,0.35886831835359323,1.0
3141801,Minas Novas,MG,Sudeste,26,5,0.19230769230769232,0.3268305353621987,0.0
3141900,Minduri,MG,Sudeste,4,1,0.25,0.4283341276624316,1.0
3142007,Mirabela,MG,Sudeste,15,9,0.6,0.35148064563070613,0.8666666666666667
3142106,Miradouro,MG,Sudeste,6,3,0.5,0.3882090403656558,1.0
3142205,Miraí,MG,Sudeste,6,2,0.3333333333333333,0.39758998840205195,1.0
3142254,Miravânia,MG,Sudeste,1,1,1.0,0.34045637105335225,0.0
3142304,Moeda,MG,Sudeste,6,0,0.0,0.4193408569589736,1.0
3142403,Moema,MG,Sudeste,11,5,0.45454545454545453,0.4058807051605547,1.0
3142502,Monjolos,MG,Sudeste,2,0,0.0,0.3583853288005729,0.5
3142601,Monsenhor Paulo,MG,Sudeste,6,2,0.3333333333333333,0.3651750428623848,1.0
3142700,Montalvânia,MG,Sudeste,10,4,0.4,0.34849552628534075,0.2
3142809,Monte Alegre de Minas,MG,Sudeste,25,12,0.48,0.4144852725880772,1.0
3142908,Monte Azul,MG,Sudeste,10,5,0.5,0.31271209782328446,0.0
3143005,Monte Belo,MG,Sudeste,12,2,0.16666666666666666,0.3901012547871072,1.0
3143104,Monte Carmelo,MG,Sudeste,38,9,0.23684210526315788,0.37662261241564127,1.0
3143153,Monte Formoso,MG,Sudeste,1,0,0.0,0.38055534261634805,1.0
3143203,Monte Santo de Minas,MG,Sudeste,17,6,0.35294117647058826,0.37113034847388426,1.0
3143302,Montes Claros,MG,Sudeste,348,94,0.27011494252873564,0.349573613676648,0.5718390804597702
3143401,Monte Sião,MG,Sudeste,17,5,0.29411764705882354,0.4065054628236008,1.0
3143450,Montezuma,MG,Sudeste,7,0,0.0,0.38359468605497293,1.0
3143500,Morada Nova de Minas,MG,Sudeste,8,2,0.25,0.3977119773418236,1.0
3143609,Morro da Garça,MG,Sudeste,6,2,0.3333333333333333,0.40150971673796726,1.0
3143708,Morro do Pilar,MG,Sudeste,5,1,0.2,0.3797221600088605,1.0
3143807,Munhoz,MG,Sudeste,6,0,0.0,0.41767223645365553,1.0
3143906,Muriaé,MG,Sudeste,95,23,0.24210526315789474,0.39172404137617045,1.0
3144003,Mutum,MG,Sudeste,23,6,0.2608695652173913,0.3604719728012903,0.5652173913043478
3144102,Muzambinho,MG,Sudeste,14,0,0.0,0.3896893992008216,1.0
3144201,Nacip Raydan,MG,Sudeste,3,1,0.3333333333333333,0.3977059497909057,1.0
3144300,Nanuque,MG,Sudeste,20,5,0.25,0.3385816282967387,0.3
3144359,Naque,MG,Sudeste,6,3,0.5,0.37118634129894224,1.0
3144375,Natalândia,MG,Sudeste,6,2,0.3333333333333333,0.37025442708877304,1.0
3144409,Natércia,MG,Sudeste,5,0,0.0,0.3887541043260302,1.0
3144508,Nazareno,MG,Sudeste,8,3,0.375,0.40259131980358187,1.0
3144607,Nepomuceno,MG,Sudeste,19,5,0.2631578947368421,0.40669843335748523,1.0
3144656,Ninheira,MG,Sudeste,5,1,0.2,0.31474974311905024,0.0
3144706,Nova Era,MG,Sudeste,18,3,0.16666666666666666,0.3969082559744388,1.0
3144805,Nova Lima,MG,Sudeste,91,17,0.18681318681318682,0.43539053837365177,1.0
3144904,Nova Módica,MG,Sudeste,3,0,0.0,0.3487443310484359,0.0
3145000,Nova Ponte,MG,Sudeste,18,2,0.1111111111111111,0.41761381176124646,1.0
3145059,Nova Porteirinha,MG,Sudeste,4,3,0.75,0.3716394522493015,1.0
3145109,Nova Resende,MG,Sudeste,19,3,0.15789473684210525,0.41188569659601293,1.0
3145208,Nova Serrana,MG,Sudeste,132,34,0.25757575757575757,0.4225886725120649,1.0
3145307,Novo Cruzeiro,MG,Sudeste,39,9,0.23076923076923078,0.3426051992150742,0.4358974358974359
3145356,Novo Oriente de Minas,MG,Sudeste,6,3,0.5,0.34911491330786504,0.6666666666666666
3145372,Novorizonte,MG,Sudeste,3,0,0.0,0.36778285830659757,1.0
3145406,Olaria,MG,Sudeste,2,0,0.0,0.38259082253407517,1.0
3145455,Olhos-d'Água,MG,Sudeste,8,1,0.125,0.37333644893210804,1.0
3145505,Olímpio Noronha,MG,Sudeste,4,0,0.0,0.3843686881548204,1.0
3145604,Oliveira,MG,Sudeste,32,4,0.125,0.41074698159577505,1.0
3145703,Oliveira Fortes,MG,Sudeste,1,0,0.0,0.38805830837434696,1.0
3145802,Onça de Pitangui,MG,Sudeste,2,1,0.5,0.36006934502280896,1.0
3145851,Oratórios,MG,Sudeste,5,0,0.0,0.39689002675744445,1.0
3145877,Orizânia,MG,Sudeste,12,4,0.3333333333333333,0.43688072942433226,1.0
3145901,Ouro Branco,MG,Sudeste,41,7,0.17073170731707318,0.3949356307007651,1.0
3146008,Ouro Fino,MG,Sudeste,24,4,0.16666666666666666,0.3851272754527606,1.0
3146107,Ouro Preto,MG,Sudeste,77,16,0.2077922077922078,0.3887731906671148,1.0
3146206,Ouro Verde de Minas,MG,Sudeste,8,1,0.125,0.35243046359872776,1.0
3146255,Padre Carvalho,MG,Sudeste,8,3,0.375,0.34596913696333265,0.0
3146305,Padre Paraíso,MG,Sudeste,17,7,0.4117647058823529,0.3526619760422166,0.47058823529411764
3146404,Paineiras,MG,Sudeste,3,1,0.3333333333333333,0.41684116242268954,1.0
3146503,Pains,MG,Sudeste,7,0,0.0,0.3948168456709439,1.0
3146552,Pai Pedro,MG,Sudeste,8,3,0.375,0.32012709923957317,0.0
3146602,Paiva,MG,Sudeste,3,0,0.0,0.34497231237086695,0.0
3146701,Palma,MG,Sudeste,3,0,0.0,0.380864393840101,1.0
3146750,Palmópolis,MG,Sudeste,9,3,0.3333333333333333,0.35714013358275554,1.0
3146909,Papagaios,MG,Sudeste,12,1,0.08333333333333333,0.41821794730072576,1.0
3147006,Paracatu,MG,Sudeste,90,31,0.34444444444444444,0.36688066499601385,1.0
3147105,Pará de Minas,MG,Sudeste,77,18,0.23376623376623376,0.4064784090655615,1.0
3147204,Paraguaçu,MG,Sudeste,12,6,0.5,0.39935316730630904,1.0
3147303,Paraisópolis,MG,Sudeste,18,5,0.2777777777777778,0.37659154310096565,1.0
3147402,Paraopeba,MG,Sudeste,26,12,0.46153846153846156,0.41475546582076017,1.0
3147501,Passabém,MG,Sudeste,1,0,0.0,0.3542475992232683,1.0
3147600,Passa Quatro,MG,Sudeste,13,2,0.15384615384615385,0.37758918287291876,1.0
3147709,Passa Tempo,MG,Sudeste,11,5,0.45454545454545453,0.4141604881741818,1.0
3147808,Passa-Vinte,MG,Sudeste,3,1,0.3333333333333333,0.4051594224109709,1.0
3147907,Passos,MG,Sudeste,134,20,0.14925373134328357,0.38629970488943277,1.0
3147956,Patis,MG,Sudeste,3,0,0.0,0.3619759966438929,1.0
3148004,Patos de Minas,MG,Sudeste,139,27,0.19424460431654678,0.37180770685903397,1.0
3148103,Patrocínio,MG,Sudeste,104,27,0.25961538461538464,0.3982055403317678,1.0
3148202,Patrocínio do Muriaé,MG,Sudeste,4,0,0.0,0.4149660382299447,1.0
3148301,Paula Cândido,MG,Sudeste,3,0,0.0,0.42833138354439493,1.0
3148400,Paulistas,MG,Sudeste,7,2,0.2857142857142857,0.3809210297793416,1.0
3148509,Pavão,MG,Sudeste,3,0,0.0,0.35433469544802865,1.0
3148608,Peçanha,MG,Sudeste,10,2,0.2,0.3719122379506722,1.0
3148707,Pedra Azul,MG,Sudeste,23,11,0.4782608695652174,0.37395820977813515,1.0
3148756,Pedra Bonita,MG,Sudeste,9,1,0.1111111111111111,0.42335112575912404,1.0
3148806,Pedra do Anta,MG,Sudeste,4,0,0.0,0.38525644692148675,1.0
3148905,Pedra do Indaiá,MG,Sudeste,2,0,0.0,0.38056077855160064,1.0
3149002,Pedra Dourada,MG,Sudeste,2,1,0.5,0.3860552131864977,1.0
3149101,Pedralva,MG,Sudeste,7,2,0.2857142857142857,0.4021786852042909,1.0
3149150,Pedras de Maria da Cruz,MG,Sudeste,6,4,0.6666666666666666,0.3539236590690653,1.0
3149200,Pedrinópolis,MG,Sudeste,3,0,0.0,0.37898735572371733,1.0
3149309,Pedro Leopoldo,MG,Sudeste,64,12,0.1875,0.3800441923758362,1.0
3149408,Pedro Teixeira,MG,Sudeste,3,0,0.0,0.4208653107317786,1.0
3149606,Pequi,MG,Sudeste,4,0,0.0,0.4199899854081276,1.0
3149705,Perdigão,MG,Sudeste,9,1,0.1111111111111111,0.4191391971656161,1.0
3149804,Perdizes,MG,Sudeste,26,0,0.0,0.4085817659783464,1.0
3149903,Perdões,MG,Sudeste,11,1,0.09090909090909091,0.3814035158964942,1.0
3149952,Periquito,MG,Sudeste,10,5,0.5,0.36935212823742525,1.0
3150000,Pescador,MG,Sudeste,4,0,0.0,0.35524625650415975,1.0
3150109,Piau,MG,Sudeste,2,1,0.5,0.41575553012797994,1.0
3150158,Piedade de Caratinga,MG,Sudeste,15,2,0.13333333333333333,0.40755410254364743,1.0
3150208,Piedade de Ponte Nova,MG,Sudeste,3,0,0.0,0.3936195972650447,1.0
3150307,Piedade do Rio Grande,MG,Sudeste,4,1,0.25,0.3765221107128046,1.0
3150406,Piedade dos Gerais,MG,Sudeste,5,2,0.4,0.4176442652068112,1.0
3150505,Pimenta,MG,Sudeste,7,0,0.0,0.41840312314936423,1.0
3150539,Pingo-d'Água,MG,Sudeste,8,2,0.25,0.40173484029203743,1.0
3150570,Pintópolis,MG,Sudeste,9,3,0.3333333333333333,0.3904786394571639,1.0
3150604,Piracema,MG,Sudeste,8,2,0.25,0.4183630781733809,1.0
3150703,Pirajuba,MG,Sudeste,10,2,0.2,0.4058306362291235,1.0
3150802,Piranga,MG,Sudeste,14,4,0.2857142857142857,0.42294933402316176,1.0
3150901,Piranguçu,MG,Sudeste,1,0,0.0,0.37422634683863965,1.0
3151008,Piranguinho,MG,Sudeste,10,3,0.3,0.3847715765398254,1.0
3151107,Pirapetinga,MG,Sudeste,12,4,0.3333333333333333,0.39582524355125087,1.0
3151206,Pirapora,MG,Sudeste,51,15,0.29411764705882354,0.38726118034858764,1.0
3151305,Piraúba,MG,Sudeste,7,4,0.5714285714285714,0.40554476138291784,1.0
3151404,Pitangui,MG,Sudeste,24,9,0.375,0.37888779112891324,1.0
3151503,Piumhi,MG,Sudeste,28,11,0.39285714285714285,0.39673331945902446,1.0
3151602,Planura,MG,Sudeste,14,6,0.42857142857142855,0.40541641536920536,1.0
3151701,Poço Fundo,MG,Sudeste,12,3,0.25,0.41320910808702016,1.0
3151800,Poços de Caldas,MG,Sudeste,103,17,0.1650485436893204,0.397506743765693,1.0
3151909,Pocrane,MG,Sudeste,12,2,0.16666666666666666,0.36572545052101507,1.0
3152006,Pompéu,MG,Sudeste,34,14,0.4117647058823529,0.39732487723782745,1.0
3152105,Ponte Nova,MG,Sudeste,48,14,0.2916666666666667,0.3983660210655513,1.0
3152131,Ponto Chique,MG,Sudeste,6,2,0.3333333333333333,0.42361131199759705,1.0
3152170,Ponto dos Volantes,MG,Sudeste,9,4,0.4444444444444444,0.33773646621490905,0.0
3152204,Porteirinha,MG,Sudeste,39,12,0.3076923076923077,0.3307352279995238,0.0
3152303,Porto Firme,MG,Sudeste,8,0,0.0,0.3845269107435152,1.0
3152402,Poté,MG,Sudeste,15,3,0.2,0.3351291361329521,0.0
3152501,Pouso Alegre,MG,Sudeste,101,29,0.2871287128712871,0.38316705734665635,1.0
3152600,Pouso Alto,MG,Sudeste,10,2,0.2,0.40195092605531285,1.0
3152709,Prados,MG,Sudeste,6,0,0.0,0.4108178050652855,1.0
3152808,Prata,MG,Sudeste,37,17,0.4594594594594595,0.4214067534793513,1.0
3152907,Pratápolis,MG,Sudeste,10,3,0.3,0.375739305044959,1.0
3153004,Pratinha,MG,Sudeste,3,2,0.6666666666666666,0.3791764508307711,1.0
3153103,Presidente Bernardes,MG,Sudeste,2,1,0.5,0.39075405697884114,1.0
3153202,Presidente Juscelino,MG,Sudeste,2,1,0.5,0.36436342177094716,1.0
3153301,Presidente Kubitschek,MG,Sudeste,5,1,0.2,0.44558112938551914,1.0
3153400,Presidente Olegário,MG,Sudeste,14,5,0.35714285714285715,0.38276558155907925,1.0
3153509,Alto Jequitibá,MG,Sudeste,6,2,0.3333333333333333,0.4119267133081263,1.0
3153608,Prudente de Morais,MG,Sudeste,12,3,0.25,0.40695343657970007,1.0
3153707,Quartel Geral,MG,Sudeste,4,1,0.25,0.3952157872357256,1.0
3153806,Queluzito,MG,Sudeste,3,0,0.0,0.41247741359892975,1.0
3153905,Raposos,MG,Sudeste,14,2,0.14285714285714285,0.41021761762754316,1.0
3154002,Raul Soares,MG,Sudeste,23,6,0.2608695652173913,0.3892667457243846,1.0
3154101,Recreio,MG,Sudeste,5,3,0.6,0.38587360719975006,1.0
3154150,Reduto,MG,Sudeste,10,2,0.2,0.4154173918734094,1.0
3154200,Resende Costa,MG,Sudeste,10,1,0.1,0.4313184310731599,1.0
3154309,Resplendor,MG,Sudeste,10,3,0.3,0.38447587597025,1.0
3154408,Ressaquinha,MG,Sudeste,6,2,0.3333333333333333,0.37840981487648806,1.0
3154457,Riachinho,MG,Sudeste,7,1,0.14285714285714285,0.39255634930334526,1.0
3154507,Riacho dos Machados,MG,Sudeste,7,1,0.14285714285714285,0.3356152598806501,0.0
3154606,Ribeirão das Neves,MG,Sudeste,336,131,0.3898809523809524,0.42067639946124075,1.0
3154804,Rio Acima,MG,Sudeste,9,4,0.4444444444444444,0.4376657847072284,1.0
3154903,Rio Casca,MG,Sudeste,17,1,0.058823529411764705,0.42277962453062057,1.0
3155009,Rio Doce,MG,Sudeste,1,0,0.0,0.3853447339684516,1.0
3155108,Rio do Prado,MG,Sudeste,6,1,0.16666666666666666,0.36310930465591956,1.0
3155207,Rio Espera,MG,Sudeste,2,1,0.5,0.3983451668266321,1.0
3155306,Rio Manso,MG,Sudeste,4,0,0.0,0.4218514546476846,1.0
3155405,Rio Novo,MG,Sudeste,9,4,0.4444444444444444,0.3873983590829865,1.0
3155504,Rio Paranaíba,MG,Sudeste,20,8,0.4,0.4015285393145021,1.0
3155603,Rio Pardo de Minas,MG,Sudeste,24,4,0.16666666666666666,0.3423772727493486,0.625
3155702,Rio Piracicaba,MG,Sudeste,17,1,0.058823529411764705,0.4060067109437996,1.0
3155801,Rio Pomba,MG,Sudeste,12,2,0.16666666666666666,0.3915220537128541,1.0
3155900,Rio Preto,MG,Sudeste,6,3,0.5,0.3897823031329935,1.0
3156007,Rio Vermelho,MG,Sudeste,10,3,0.3,0.3694920847271439,0.8
3156106,Ritápolis,MG,Sudeste,3,1,0.3333333333333333,0.414622995607721,1.0
3156205,Rochedo de Minas,MG,Sudeste,1,0,0.0,0.397672481776036,1.0
3156304,Rodeiro,MG,Sudeste,12,1,0.08333333333333333,0.441308271667958,1.0
3156403,Romaria,MG,Sudeste,4,0,0.0,0.4112130790979561,1.0
3156452,Rosário da Limeira,MG,Sudeste,3,0,0.0,0.38700470529191744,1.0
3156502,Rubelita,MG,Sudeste,3,0,0.0,0.371023995085116,1.0
3156601,Rubim,MG,Sudeste,7,2,0.2857142857142857,0.346068659440743,0.0
3156700,Sabará,MG,Sudeste,94,21,0.22340425531914893,0.40392714173667843,1.0
3156809,Sabinópolis,MG,Sudeste,13,3,0.23076923076923078,0.37462119626803053,1.0
3156908,Sacramento,MG,Sudeste,31,10,0.3225806451612903,0.4006144508540802,1.0
3157005,Salinas,MG,Sudeste,45,7,0.15555555555555556,0.36417440564024667,0.9555555555555556
3157104,Salto da Divisa,MG,Sudeste,9,6,0.6666666666666666,0.3489112288871291,0.0
3157203,Santa Bárbara,MG,Sudeste,32,12,0.375,0.40961365775681813,1.0
3157252,Santa Bárbara do Leste,MG,Sudeste,16,6,0.375,0.4202207445953623,1.0
3157278,Santa Bárbara do Monte Verde,MG,Sudeste,4,1,0.25,0.42638926909975416,1.0
3157302,Santa Bárbara do Tugúrio,MG,Sudeste,4,1,0.25,0.38981135141724865,1.0
3157336,Santa Cruz de Minas,MG,Sudeste,10,6,0.6,0.4148392062048103,1.0
3157377,Santa Cruz de Salinas,MG,Sudeste,1,0,0.0,0.3693264636547823,1.0
3157401,Santa Cruz do Escalvado,MG,Sudeste,1,0,0.0,0.40863259224405424,1.0
3157500,Santa Efigênia de Minas,MG,Sudeste,4,1,0.25,0.3913642106358589,1.0
3157609,Santa Fé de Minas,MG,Sudeste,4,1,0.25,0.3789845565367175,1.0
3157658,Santa Helena de Minas,MG,Sudeste,6,0,0.0,0.3264223383685617,0.0
3157708,Santa Juliana,MG,Sudeste,24,10,0.4166666666666667,0.42207450287954096,1.0
3157807,Santa Luzia,MG,Sudeste,249,82,0.3293172690763052,0.40854576692553835,1.0
3157906,Santa Margarida,MG,Sudeste,16,11,0.6875,0.4452233520901224,1.0
3158003,Santa Maria de Itabira,MG,Sudeste,8,1,0.125,0.38645943281516215,1.0
3158102,Santa Maria do Salto,MG,Sudeste,4,3,0.75,0.31844782887487155,0.0
3158201,Santa Maria do Suaçuí,MG,Sudeste,12,4,0.3333333333333333,0.335796153584623,0.0
3158300,Santana da Vargem,MG,Sudeste,6,1,0.16666666666666666,0.38677023239699504,1.0
3158409,Santana de Cataguases,MG,Sudeste,1,1,1.0,0.38087698011370197,1.0
3158508,Santana de Pirapama,MG,Sudeste,2,1,0.5,0.3796354808534159,1.0
3158607,Santana do Deserto,MG,Sudeste,5,2,0.4,0.43463465465508555,1.0
3158706,Santana do Garambéu,MG,Sudeste,3,0,0.0,0.3638331785234488,1.0
3158805,Santana do Jacaré,MG,Sudeste,6,0,0.0,0.4018397109245309,1.0
3158904,Santana do Manhuaçu,MG,Sudeste,4,0,0.0,0.38441291274486666,1.0
3158953,Santana do Paraíso,MG,Sudeste,33,11,0.3333333333333333,0.40681019713516064,1.0
3159001,Santana do Riacho,MG,Sudeste,5,0,0.0,0.3653021491180283,1.0
3159100,Santana dos Montes,MG,Sudeste,1,0,0.0,0.4026335883597605,1.0
3159209,Santa Rita de Caldas,MG,Sudeste,7,0,0.0,0.4086293619875905,1.0
3159308,Santa Rita de Jacutinga,MG,Sudeste,4,1,0.25,0.3910769265438574,1.0
3159357,Santa Rita de Minas,MG,Sudeste,8,4,0.5,0.4122828143601863,1.0
3159407,Santa Rita de Ibitipoca,MG,Sudeste,5,2,0.4,0.37898750145163584,1.0
3159506,Santa Rita do Itueto,MG,Sudeste,6,0,0.0,0.39291018295990227,1.0
3159605,Santa Rita do Sapucaí,MG,Sudeste,42,5,0.11904761904761904,0.3924044801310868,1.0
3159704,Santa Rosa da Serra,MG,Sudeste,4,0,0.0,0.3783221044294828,1.0
3159803,Santa Vitória,MG,Sudeste,30,14,0.4666666666666667,0.37525545865270576,1.0
3159902,Santo Antônio do Amparo,MG,Sudeste,15,4,0.26666666666666666,0.3862918252294322,1.0
3160009,Santo Antônio do Aventureiro,MG,Sudeste,5,2,0.4,0.38848747522726557,1.0
3160108,Santo Antônio do Grama,MG,Sudeste,7,1,0.14285714285714285,0.4072469052591905,1.0
3160207,Santo Antônio do Itambé,MG,Sudeste,1,0,0.0,0.40503096442380604,1.0
3160306,Santo Antônio do Jacinto,MG,Sudeste,10,6,0.6,0.3537444226343547,1.0
3160405,Santo Antônio do Monte,MG,Sudeste,25,5,0.2,0.4148956410555373,1.0
3160454,Santo Antônio do Retiro,MG,Sudeste,5,2,0.4,0.3171437056794145,0.0
3160702,Santos Dumont,MG,Sudeste,30,9,0.3,0.3589534036825962,0.4
3160801,São Bento Abade,MG,Sudeste,6,1,0.16666666666666666,0.3911695516462983,1.0
3160900,São Brás do Suaçuí,MG,Sudeste,6,0,0.0,0.48004560699639837,1.0
3160959,São Domingos das Dores,MG,Sudeste,7,0,0.0,0.4009600492428224,1.0
3161007,São Domingos do Prata,MG,Sudeste,11,3,0.2727272727272727,0.39880127959816414,1.0
3161056,São Félix de Minas,MG,Sudeste,6,1,0.16666666666666666,0.36390235511476043,1.0
3161106,São Francisco,MG,Sudeste,67,29,0.43283582089552236,0.35644517273232346,0.582089552238806
3161205,São Francisco de Paula,MG,Sudeste,10,0,0.0,0.3990770751907836,1.0
3161304,São Francisco de Sales,MG,Sudeste,9,3,0.3333333333333333,0.40964608824253335,1.0
3161403,São Francisco do Glória,MG,Sudeste,5,1,0.2,0.37777780866430777,1.0
3161502,São Geraldo,MG,Sudeste,10,2,0.2,0.4193322764217008,1.0
3161601,São Geraldo da Piedade,MG,Sudeste,3,0,0.0,0.3890741283908328,1.0
3161650,São Geraldo do Baixio,MG,Sudeste,6,0,0.0,0.369858980461444,1.0
3161700,São Gonçalo do Abaeté,MG,Sudeste,7,1,0.14285714285714285,0.4010706990926698,1.0
3161809,São Gonçalo do Pará,MG,Sudeste,12,4,0.3333333333333333,0.4257935085814986,1.0
3161908,São Gonçalo do Rio Abaixo,MG,Sudeste,9,1,0.1111111111111111,0.4004541709659709,1.0
3162005,São Gonçalo do Sapucaí,MG,Sudeste,24,6,0.25,0.39644224010240503,1.0
3162104,São Gotardo,MG,Sudeste,60,19,0.31666666666666665,0.3919533557826984,1.0
3162203,São João Batista do Glória,MG,Sudeste,4,0,0.0,0.38613761286857085,1.0
3162252,São João da Lagoa,MG,Sudeste,5,2,0.4,0.37886970533736697,1.0
3162302,São João da Mata,MG,Sudeste,4,2,0.5,0.4194151749100029,1.0
3162401,São João da Ponte,MG,Sudeste,17,4,0.23529411764705882,0.3741880186242894,1.0
3162450,São João das Missões,MG,Sudeste,14,10,0.7142857142857143,0.3715495875017548,1.0
3162500,São João del Rei,MG,Sudeste,70,19,0.2714285714285714,0.38588640988050577,1.0
3162559,São João do Manhuaçu,MG,Sudeste,10,5,0.5,0.3927082496471178,1.0
3162575,São João do Manteninha,MG,Sudeste,6,1,0.16666666666666666,0.36037739376659045,1.0
3162609,São João do Oriente,MG,Sudeste,4,2,0.5,0.38648975902944416,1.0
3162708,São João do Paraíso,MG,Sudeste,30,3,0.1,0.33149978691143933,0.0
3162807,São João Evangelista,MG,Sudeste,12,3,0.25,0.39081898944154014,1.0
3162906,São João Nepomuceno,MG,Sudeste,29,6,0.20689655172413793,0.41939971559220734,1.0
3162922,São Joaquim de Bicas,MG,Sudeste,50,15,0.3,0.4299796241152133,1.0
3162948,São José da Barra,MG,Sudeste,10,6,0.6,0.3873178949658278,1.0
3162955,São José da Lapa,MG,Sudeste,27,4,0.14814814814814814,0.397377068795284,1.0
3163003,São José da Safira,MG,Sudeste,1,0,0.0,0.39371430823965603,1.0
3163102,São José da Varginha,MG,Sudeste,7,2,0.2857142857142857,0.40558745357307685,1.0
3163201,São José do Alegre,MG,Sudeste,9,2,0.2222222222222222,0.37661760478633133,1.0
3163300,São José do Divino,MG,Sudeste,1,0,0.0,0.3182656391883518,0.0
3163409,São José do Goiabal,MG,Sudeste,4,1,0.25,0.39527167324799517,1.0
3163508,São José do Jacuri,MG,Sudeste,4,2,0.5,0.41630466272061895,1.0
3163607,São José do Mantimento,MG,Sudeste,1,0,0.0,0.3593152436824558,1.0
3163706,São Lourenço,MG,Sudeste,34,3,0.08823529411764706,0.40324243092104084,1.0
3163805,São Miguel do Anta,MG,Sudeste,4,1,0.25,0.3782235699990345,1.0
3163904,São Pedro da União,MG,Sudeste,10,0,0.0,0.3915756591079771,1.0
3164001,São Pedro dos Ferros,MG,Sudeste,6,1,0.16666666666666666,0.3849641694096035,1.0
3164100,São Pedro do Suaçuí,MG,Sudeste,5,0,0.0,0.3857225602720933,1.0
3164209,São Romão,MG,Sudeste,17,2,0.11764705882352941,0.3838011667616136,1.0
3164308,São Roque de Minas,MG,Sudeste,2,1,0.5,0.41602875452236787,1.0
3164407,São Sebastião da Bela Vista,MG,Sudeste,6,0,0.0,0.36751896283233715,1.0
3164431,São Sebastião da Vargem Alegre,MG,Sudeste,1,0,0.0,0.3944314772042161,1.0
3164472,São Sebastião do Anta,MG,Sudeste,13,2,0.15384615384615385,0.40085092835152913,1.0
3164605,São Sebastião do Oeste,MG,Sudeste,13,5,0.38461538461538464,0.4669455304169764,1.0
3164704,São Sebastião do Paraíso,MG,Sudeste,67,13,0.19402985074626866,0.4168915504950138,1.0
3164902,São Sebastião do Rio Verde,MG,Sudeste,4,0,0.0,0.39160851314573464,1.0
3165008,São Tiago,MG,Sudeste,5,1,0.2,0.43114031595403174,1.0
3165107,São Tomás de Aquino,MG,Sudeste,5,0,0.0,0.384731428213934,1.0
3165206,São Thomé das Letras,MG,Sudeste,9,1,0.1111111111111111,0.37073751116145937,1.0
3165305,São Vicente de Minas,MG,Sudeste,7,0,0.0,0.39821984371768393,1.0
3165404,Sapucaí-Mirim,MG,Sudeste,9,4,0.4444444444444444,0.38661156021572407,1.0
3165503,Sardoá,MG,Sudeste,7,2,0.2857142857142857,0.37704946188500543,1.0
3165537,Sarzedo,MG,Sudeste,57,9,0.15789473684210525,0.3984728790665083,1.0
3165552,Setubinha,MG,Sudeste,12,2,0.16666666666666666,0.33996856017357496,0.08333333333333333
3165560,Sem-Peixe,MG,Sudeste,3,0,0.0,0.36951512550515764,1.0
3165578,Senador Amaral,MG,Sudeste,10,6,0.6,0.36800913183476486,1.0
3165602,Senador Cortes,MG,Sudeste,1,1,1.0,0.4045232275054106,1.0
3165701,Senador Firmino,MG,Sudeste,6,0,0.0,0.42859403458161904,1.0
3165800,Senador José Bento,MG,Sudeste,1,1,1.0,0.37496879369441927,1.0
3165909,Senador Modestino Gonçalves,MG,Sudeste,1,0,0.0,0.3361960583633721,0.0
3166006,Senhora de Oliveira,MG,Sudeste,10,2,0.2,0.4192905590976615,1.0
3166105,Senhora do Porto,MG,Sudeste,1,0,0.0,0.42877523406234097,1.0
3166204,Senhora dos Remédios,MG,Sudeste,10,3,0.3,0.3913887758361957,1.0
3166303,Sericita,MG,Sudeste,4,0,0.0,0.4409949511317991,1.0
3166402,Seritinga,MG,Sudeste,1,0,0.0,0.4226295472193119,1.0
3166501,Serra Azul de Minas,MG,Sudeste,5,2,0.4,0.34706120084558856,0.0
3166600,Serra da Saudade,MG,Sudeste,1,0,0.0,0.3845544906877433,1.0
3166709,Serra dos Aimorés,MG,Sudeste,11,6,0.5454545454545454,0.3709064711210879,1.0
3166808,Serra do Salitre,MG,Sudeste,17,5,0.29411764705882354,0.41532553268514694,1.0
3166907,Serrania,MG,Sudeste,12,4,0.3333333333333333,0.38554659994496204,1.0
3167004,Serranos,MG,Sudeste,2,0,0.0,0.38692985309231875,1.0
3167103,Serro,MG,Sudeste,17,3,0.17647058823529413,0.3332899242467572,0.0
3167202,Sete Lagoas,MG,Sudeste,151,37,0.24503311258278146,0.3847026676478862,1.0
3167301,Silveirânia,MG,Sudeste,2,0,0.0,0.41418218539865614,1.0
3167400,Silvianópolis,MG,Sudeste,7,1,0.14285714285714285,0.3881284802445866,1.0
3167608,Simonésia,MG,Sudeste,18,5,0.2777777777777778,0.3813695832962131,1.0
3167707,Sobrália,MG,Sudeste,1,0,0.0,0.3766728916831582,1.0
3167806,Soledade de Minas,MG,Sudeste,6,1,0.16666666666666666,0.3904473267677411,1.0
3167905,Tabuleiro,MG,Sudeste,7,1,0.14285714285714285,0.3847950098228604,1.0
3168002,Taiobeiras,MG,Sudeste,31,4,0.12903225806451613,0.36408507795295564,0.9032258064516129
3168101,Tapira,MG,Sudeste,5,2,0.4,0.43021558007249283,1.0
3168200,Tapiraí,MG,Sudeste,1,0,0.0,0.3931529247323797,1.0
3168309,Taquaraçu de Minas,MG,Sudeste,3,0,0.0,0.39546833657336594,1.0
3168408,Tarumirim,MG,Sudeste,10,2,0.2,0.3643479472055402,1.0
3168507,Teixeiras,MG,Sudeste,10,4,0.4,0.4098604165684886,1.0
3168606,Teófilo Otoni,MG,Sudeste,99,37,0.37373737373737376,0.36409950022545673,1.0
3168705,Timóteo,MG,Sudeste,61,18,0.29508196721311475,0.3733863504906152,1.0
3168804,Tiradentes,MG,Sudeste,8,4,0.5,0.40642783898120516,1.0
3168903,Tiros,MG,Sudeste,7,1,0.14285714285714285,0.40487376713331713,1.0
3169000,Tocantins,MG,Sudeste,14,3,0.21428571428571427,0.41301222879111893,1.0
3169059,Tocos do Moji,MG,Sudeste,2,1,0.5,0.37392622515270124,1.0
3169109,Toledo,MG,Sudeste,14,2,0.14285714285714285,0.3691849539741251,1.0
3169208,Tombos,MG,Sudeste,5,1,0.2,0.3678605039691354,1.0
3169307,Três Corações,MG,Sudeste,60,17,0.2833333333333333,0.39205495937210777,1.0
3169356,Três Marias,MG,Sudeste,27,6,0.2222222222222222,0.3722479192638583,0.9259259259259259
3169406,Três Pontas,MG,Sudeste,52,12,0.23076923076923078,0.38102474995215285,1.0
3169505,Tumiritinga,MG,Sudeste,5,0,0.0,0.4020337474190092,1.0
3169604,Tupaciguara,MG,Sudeste,20,9,0.45,0.39051371050909023,1.0
3169703,Turmalina,MG,Sudeste,19,1,0.05263157894736842,0.34466955161801155,0.3684210526315789
3169802,Turvolândia,MG,Sudeste,8,2,0.25,0.3933848599200426,1.0
3169901,Ubá,MG,Sudeste,80,19,0.2375,0.4137117745210275,1.0
3170008,Ubaí,MG,Sudeste,11,5,0.45454545454545453,0.3857775833611096,1.0
3170057,Ubaporanga,MG,Sudeste,22,6,0.2727272727272727,0.39843277713866015,1.0
3170107,Uberaba,MG,Sudeste,291,118,0.4054982817869416,0.3950079773906406,1.0
3170206,Uberlândia,MG,Sudeste,649,209,0.3220338983050847,0.3827120690895824,1.0
3170305,Umburatiba,MG,Sudeste,7,4,0.5714285714285714,0.32689806426660767,0.0
3170404,Unaí,MG,Sudeste,71,25,0.352112676056338,0.36491273322794576,1.0
3170438,União de Minas,MG,Sudeste,2,0,0.0,0.38469270434898184,1.0
3170479,Uruana de Minas,MG,Sudeste,2,0,0.0,0.34490033804470377,0.0
3170503,Urucânia,MG,Sudeste,7,3,0.42857142857142855,0.3897865181952335,1.0
3170529,Urucuia,MG,Sudeste,12,5,0.4166666666666667,0.40062132178227605,1.0
3170578,Vargem Alegre,MG,Sudeste,9,3,0.3333333333333333,0.3783439020360819,1.0
3170602,Vargem Bonita,MG,Sudeste,4,2,0.5,0.4007870646214763,1.0
3170651,Vargem Grande do Rio Pardo,MG,Sudeste,6,0,0.0,0.31650923680117016,0.0
3170701,Varginha,MG,Sudeste,109,29,0.26605504587155965,0.3895472136505844,1.0
3170750,Varjão de Minas,MG,Sudeste,10,2,0.2,0.384918440820726,1.0
3170800,Várzea da Palma,MG,Sudeste,18,8,0.4444444444444444,0.40580818953576614,1.0
3170909,Varzelândia,MG,Sudeste,22,6,0.2727272727272727,0.36162717960415225,0.5454545454545454
3171006,Vazante,MG,Sudeste,16,5,0.3125,0.3696312151916608,1.0
3171030,Verdelândia,MG,Sudeste,8,3,0.375,0.33284073323435304,0.0
3171071,Veredinha,MG,Sudeste,6,1,0.16666666666666666,0.3518898516339492,1.0
3171105,Veríssimo,MG,Sudeste,2,1,0.5,0.40627661019150696,1.0
3171154,Vermelho Novo,MG,Sudeste,5,0,0.0,0.4409877380145211,1.0
3171204,Vespasiano,MG,Sudeste,145,43,0.296551724137931,0.42969563655166226,1.0
3171303,Viçosa,MG,Sudeste,48,10,0.20833333333333334,0.3763304098280385,1.0
3171402,Vieiras,MG,Sudeste,3,1,0.3333333333333333,0.36328876503482216,1.0
3171501,Mathias Lobato,MG,Sudeste,10,2,0.2,0.3824555160440922,1.0
3171600,Virgem da Lapa,MG,Sudeste,6,0,0.0,0.3569099438761847,1.0
3171709,Virgínia,MG,Sudeste,6,1,0.16666666666666666,0.39248562814887245,1.0
3171808,Virginópolis,MG,Sudeste,6,0,0.0,0.387356840995984,1.0
3171907,Virgolândia,MG,Sudeste,1,0,0.0,0.36412277329496356,1.0
3172004,Visconde do Rio Branco,MG,Sudeste,34,8,0.23529411764705882,0.3823393503706523,1.0
3172103,Volta Grande,MG,Sudeste,6,1,0.16666666666666666,0.40337169558278746,1.0
3172202,Wenceslau Braz,MG,Sudeste,3,1,0.3333333333333333,0.4015921908494395,1.0
3200102,Afonso Cláudio,ES,Sudeste,36,3,0.08333333333333333,0.31508595758648256,0.0
3200136,Águia Branca,ES,Sudeste,16,2,0.125,0.3098416181978434,0.0
3200169,Água Doce do Norte,ES,Sudeste,15,1,0.06666666666666667,0.29023257319191287,0.0
3200201,Alegre,ES,Sudeste,21,4,0.19047619047619047,0.29185883957291636,0.0
3200300,Alfredo Chaves,ES,Sudeste,9,2,0.2222222222222222,0.32650373294861157,0.0
3200359,Alto Rio Novo,ES,Sudeste,14,2,0.14285714285714285,0.30579004724552006,0.0
3200409,Anchieta,ES,Sudeste,42,3,0.07142857142857142,0.32533191997554745,0.0
3200508,Apiacá,ES,Sudeste,5,1,0.2,0.3108204651914418,0.0
3200607,Aracruz,ES,Sudeste,121,36,0.2975206611570248,0.3136165977478085,0.0
3200706,Atilio Vivacqua,ES,Sudeste,11,0,0.0,0.3142580392452633,0.0
3200805,Baixo Guandu,ES,Sudeste,24,3,0.125,0.30730404619814233,0.0
3200904,Barra de São Francisco,ES,Sudeste,44,7,0.1590909090909091,0.30883376152343095,0.0
3201001,Boa Esperança,ES,Sudeste,18,1,0.05555555555555555,0.30148657388240363,0.0
3201100,Bom Jesus do Norte,ES,Sudeste,13,3,0.23076923076923078,0.3118582250989647,0.0
3201159,Brejetuba,ES,Sudeste,16,3,0.1875,0.2877767667599119,0.0
3201209,Cachoeiro de Itapemirim,ES,Sudeste,179,50,0.27932960893854747,0.33283044804440876,0.0
3201308,Cariacica,ES,Sudeste,457,181,0.39606126914660833,0.34366649252727877,0.0
3201407,Castelo,ES,Sudeste,35,3,0.08571428571428572,0.32162674927168466,0.0
3201506,Colatina,ES,Sudeste,96,17,0.17708333333333334,0.32279508358579095,0.0
3201605,Conceição da Barra,ES,Sudeste,37,9,0.24324324324324326,0.3061028312841891,0.0
3201704,Conceição do Castelo,ES,Sudeste,6,2,0.3333333333333333,0.3377571501509478,0.0
3201803,Divino de São Lourenço,ES,Sudeste,6,2,0.3333333333333333,0.3264931490070848,0.0
3201902,Domingos Martins,ES,Sudeste,35,6,0.17142857142857143,0.34025515335656664,0.0
3202009,Dores do Rio Preto,ES,Sudeste,5,0,0.0,0.3095642118506786,0.0
3202108,Ecoporanga,ES,Sudeste,17,1,0.058823529411764705,0.2873107699006542,0.0
3202207,Fundão,ES,Sudeste,17,7,0.4117647058823529,0.3272455750467044,0.0
3202256,Governador Lindenberg,ES,Sudeste,9,0,0.0,0.2999068002781155,0.0
3202306,Guaçuí,ES,Sudeste,28,9,0.32142857142857145,0.31071107045611246,0.0
3202405,Guarapari,ES,Sudeste,160,37,0.23125,0.34687618904724615,0.0
3202454,Ibatiba,ES,Sudeste,39,8,0.20512820512820512,0.31090318177156284,0.0
3202504,Ibiraçu,ES,Sudeste,7,2,0.2857142857142857,0.33464741931278075,0.0
3202553,Ibitirama,ES,Sudeste,18,6,0.3333333333333333,0.3113498324207993,0.0
3202603,Iconha,ES,Sudeste,12,1,0.08333333333333333,0.3145962535229332,0.0
3202652,Irupi,ES,Sudeste,18,1,0.05555555555555555,0.308375543540094,0.0
3202702,Itaguaçu,ES,Sudeste,19,1,0.05263157894736842,0.3011747142116669,0.0
3202801,Itapemirim,ES,Sudeste,52,13,0.25,0.34339692972203006,0.0
3202900,Itarana,ES,Sudeste,12,7,0.5833333333333334,0.3420835888853868,0.0
3203007,Iúna,ES,Sudeste,47,15,0.3191489361702128,0.31472509121613695,0.0
3203056,Jaguaré,ES,Sudeste,35,11,0.3142857142857143,0.3262449461843696,0.0
3203106,Jerônimo Monteiro,ES,Sudeste,13,4,0.3076923076923077,0.3143667892066212,0.0
3203130,João Neiva,ES,Sudeste,6,1,0.16666666666666666,0.3254351049715001,0.0
3203163,Laranja da Terra,ES,Sudeste,7,1,0.14285714285714285,0.3412739975123582,0.0
3203205,Linhares,ES,Sudeste,240,82,0.3416666666666667,0.325019960771584,0.0
3203304,Mantenópolis,ES,Sudeste,16,1,0.0625,0.3041707641001753,0.0
3203320,Marataízes,ES,Sudeste,45,12,0.26666666666666666,0.3358701624445857,0.0
3203346,Marechal Floriano,ES,Sudeste,28,6,0.21428571428571427,0.330174979496005,0.0
3203353,Marilândia,ES,Sudeste,12,2,0.16666666666666666,0.32088227457295704,0.0
3203403,Mimoso do Sul,ES,Sudeste,23,5,0.21739130434782608,0.331373625508965,0.0
3203502,Montanha,ES,Sudeste,28,11,0.39285714285714285,0.3131447127396534,0.0
3203601,Mucurici,ES,Sudeste,8,1,0.125,0.28472489432509307,0.0
3203700,Muniz Freire,ES,Sudeste,20,5,0.25,0.320079077533018,0.0
3203809,Muqui,ES,Sudeste,12,3,0.25,0.3198387813375094,0.0
3203908,Nova Venécia,ES,Sudeste,46,4,0.08695652173913043,0.3150522891127702,0.0
3204005,Pancas,ES,Sudeste,21,3,0.14285714285714285,0.29862741185801456,0.0
3204054,Pedro Canário,ES,Sudeste,29,4,0.13793103448275862,0.31308226253035254,0.0
3204104,Pinheiros,ES,Sudeste,35,3,0.08571428571428572,0.30305859365145116,0.0
3204203,Piúma,ES,Sudeste,35,8,0.22857142857142856,0.33012598363615875,0.0
3204252,Ponto Belo,ES,Sudeste,6,2,0.3333333333333333,0.2824334779444383,0.0
3204302,Presidente Kennedy,ES,Sudeste,19,5,0.2631578947368421,0.3112491481947055,0.0
3204351,Rio Bananal,ES,Sudeste,32,10,0.3125,0.326865044043666,0.0
3204401,Rio Novo do Sul,ES,Sudeste,11,0,0.0,0.32296988818661465,0.0
3204500,Santa Leopoldina,ES,Sudeste,13,3,0.23076923076923078,0.3534213428743278,1.0
3204559,Santa Maria de Jetibá,ES,Sudeste,51,8,0.1568627450980392,0.3303304242814776,0.0
3204609,Santa Teresa,ES,Sudeste,20,3,0.15,0.32576303656833533,0.0
3204658,São Domingos do Norte,ES,Sudeste,13,0,0.0,0.3302722529135983,0.0
3204708,São Gabriel da Palha,ES,Sudeste,37,8,0.21621621621621623,0.33922951333183626,0.0
3204807,São José do Calçado,ES,Sudeste,12,4,0.3333333333333333,0.32297687631717964,0.0
3204906,São Mateus,ES,Sudeste,158,36,0.22784810126582278,0.31433934022886717,0.0
3204955,São Roque do Canaã,ES,Sudeste,11,3,0.2727272727272727,0.33300271593298847,0.0
3205002,Serra,ES,Sudeste,658,262,0.3981762917933131,0.3315585647629981,0.0
3205010,Sooretama,ES,Sudeste,58,13,0.22413793103448276,0.3290854704356001,0.0
3205036,Vargem Alta,ES,Sudeste,21,9,0.42857142857142855,0.3225618215370347,0.0
3205069,Venda Nova do Imigrante,ES,Sudeste,31,6,0.1935483870967742,0.3180847496851745,0.0
3205101,Viana,ES,Sudeste,117,26,0.2222222222222222,0.35718651662659606,1.0
3205150,Vila Pavão,ES,Sudeste,5,2,0.4,0.30993098253931906,0.0
3205176,Vila Valério,ES,Sudeste,27,6,0.2222222222222222,0.32246177371542506,0.0
3205200,Vila Velha,ES,Sudeste,434,126,0.2903225806451613,0.3365368983907955,0.0
3205309,Vitória,ES,Sudeste,262,73,0.2786259541984733,0.3547970985471679,1.0
3300100,Angra dos Reis,RJ,Sudeste,161,65,0.40372670807453415,0.4797632464141453,1.0
3300159,Aperibé,RJ,Sudeste,7,2,0.2857142857142857,0.4553692483180936,1.0
3300209,Araruama,RJ,Sudeste,119,66,0.5546218487394958,0.46675293575554744,1.0
3300225,Areal,RJ,Sudeste,14,5,0.35714285714285715,0.47702597198808727,1.0
3300233,Armação dos Búzios,RJ,Sudeste,66,27,0.4090909090909091,0.4779256467502917,1.0
3300258,Arraial do Cabo,RJ,Sudeste,48,20,0.4166666666666667,0.4735011974718404,1.0
3300308,Barra do Piraí,RJ,Sudeste,65,34,0.5230769230769231,0.47306499693390247,1.0
3300407,Barra Mansa,RJ,Sudeste,143,63,0.4405594405594406,0.4788683957197464,1.0
3300456,Belford Roxo,RJ,Sudeste,282,166,0.5886524822695035,0.49246413767301483,1.0
3300506,Bom Jardim,RJ,Sudeste,27,8,0.2962962962962963,0.48297619735945396,1.0
3300605,Bom Jesus do Itabapoana,RJ,Sudeste,26,10,0.38461538461538464,0.4401289653414345,1.0
3300704,Cabo Frio,RJ,Sudeste,209,103,0.49282296650717705,0.47489669129724915,1.0
3300803,Cachoeiras de Macacu,RJ,Sudeste,51,27,0.5294117647058824,0.4575663869100819,1.0
3300902,Cambuci,RJ,Sudeste,12,2,0.16666666666666666,0.43932886358087525,1.0
3300936,Carapebus,RJ,Sudeste,14,5,0.35714285714285715,0.45768006143590184,1.0
3300951,Comendador Levy Gasparian,RJ,Sudeste,9,6,0.6666666666666666,0.48437615768126707,1.0
3301009,Campos dos Goytacazes,RJ,Sudeste,373,237,0.6353887399463807,0.4731864376937498,1.0
3301108,Cantagalo,RJ,Sudeste,16,9,0.5625,0.45753219381507615,1.0
3301157,Cardoso Moreira,RJ,Sudeste,16,10,0.625,0.4579537771944886,1.0
3301207,Carmo,RJ,Sudeste,15,3,0.2,0.4581686339023481,1.0
3301306,Casimiro de Abreu,RJ,Sudeste,57,19,0.3333333333333333,0.46923091323834554,1.0
3301405,Conceição de Macabu,RJ,Sudeste,11,5,0.45454545454545453,0.449590020224373,1.0
3301504,Cordeiro,RJ,Sudeste,20,7,0.35,0.4724719091386088,1.0
3301603,Duas Barras,RJ,Sudeste,14,5,0.35714285714285715,0.46474100487803993,1.0
3301702,Duque de Caxias,RJ,Sudeste,712,394,0.5533707865168539,0.47403582346939255,1.0
3301801,Engenheiro Paulo de Frontin,RJ,Sudeste,9,4,0.4444444444444444,0.45772377151921656,1.0
3301850,Guapimirim,RJ,Sudeste,58,34,0.5862068965517241,0.47157438561782083,1.0
3301876,Iguaba Grande,RJ,Sudeste,27,7,0.25925925925925924,0.4494050990424,1.0
3301900,Itaboraí,RJ,Sudeste,231,119,0.5151515151515151,0.4820668313590244,1.0
3302007,Itaguaí,RJ,Sudeste,146,81,0.5547945205479452,0.47785762419026734,1.0
3302056,Italva,RJ,Sudeste,12,2,0.16666666666666666,0.4618390668939545,1.0
3302106,Itaocara,RJ,Sudeste,14,3,0.21428571428571427,0.44133946342956054,1.0
3302205,Itaperuna,RJ,Sudeste,67,27,0.40298507462686567,0.4537329534069118,1.0
3302254,Itatiaia,RJ,Sudeste,38,15,0.39473684210526316,0.4637045868243296,1.0
3302270,Japeri,RJ,Sudeste,92,49,0.532608695652174,0.5000139060970932,1.0
3302304,Laje do Muriaé,RJ,Sudeste,4,2,0.5,0.4493038401422934,1.0
3302403,Macaé,RJ,Sudeste,315,136,0.43174603174603177,0.4807058628642008,1.0
3302452,Macuco,RJ,Sudeste,9,4,0.4444444444444444,0.46946995107649436,1.0
3302502,Magé,RJ,Sudeste,275,148,0.5381818181818182,0.46729632782140584,1.0
3302601,Mangaratiba,RJ,Sudeste,45,26,0.5777777777777777,0.4376112448106272,1.0
3302700,Maricá,RJ,Sudeste,208,95,0.4567307692307692,0.4636810747722326,1.0
3302809,Mendes,RJ,Sudeste,7,3,0.42857142857142855,0.4608157588801773,1.0
3302858,Mesquita,RJ,Sudeste,117,68,0.5811965811965812,0.4692945147053489,1.0
3302908,Miguel Pereira,RJ,Sudeste,20,6,0.3,0.4509902181573164,1.0
3303005,Miracema,RJ,Sudeste,21,6,0.2857142857142857,0.442695212511909,1.0
3303104,Natividade,RJ,Sudeste,13,8,0.6153846153846154,0.42906817470312697,1.0
3303203,Nilópolis,RJ,Sudeste,93,52,0.5591397849462365,0.4745835044796528,1.0
3303302,Niterói,RJ,Sudeste,240,126,0.525,0.5031954032990864,1.0
3303401,Nova Friburgo,RJ,Sudeste,160,51,0.31875,0.4669502142659569,1.0
3303500,Nova Iguaçu,RJ,Sudeste,668,444,0.6646706586826348,0.475870157680443,1.0
3303609,Paracambi,RJ,Sudeste,35,8,0.22857142857142856,0.4604582032629747,1.0
3303708,Paraíba do Sul,RJ,Sudeste,33,15,0.45454545454545453,0.48398323078428496,1.0
3303807,Paraty,RJ,Sudeste,38,12,0.3157894736842105,0.4755284550526635,1.0
3303856,Paty do Alferes,RJ,Sudeste,29,10,0.3448275862068966,0.4623622896513465,1.0
3303906,Petrópolis,RJ,Sudeste,204,71,0.3480392156862745,0.463954705533691,1.0
3303955,Pinheiral,RJ,Sudeste,31,14,0.45161290322580644,0.4806912902970908,1.0
3304003,Piraí,RJ,Sudeste,24,7,0.2916666666666667,0.4776151418071217,1.0
3304102,Porciúncula,RJ,Sudeste,12,7,0.5833333333333334,0.4497644578422859,1.0
3304110,Porto Real,RJ,Sudeste,27,11,0.4074074074074074,0.47090607642978854,1.0
3304128,Quatis,RJ,Sudeste,14,7,0.5,0.48316010350001337,1.0
3304144,Queimados,RJ,Sudeste,117,75,0.6410256410256411,0.4961725884944086,1.0
3304151,Quissamã,RJ,Sudeste,34,13,0.38235294117647056,0.4620129614954924,1.0
3304201,Resende,RJ,Sudeste,94,26,0.2765957446808511,0.4616047206156982,1.0
3304300,Rio Bonito,RJ,Sudeste,45,20,0.4444444444444444,0.467636721637781,1.0
3304409,Rio Claro,RJ,Sudeste,12,3,0.25,0.4607299672687688,1.0
3304508,Rio das Flores,RJ,Sudeste,8,6,0.75,0.47166583212648194,1.0
3304524,Rio das Ostras,RJ,Sudeste,159,49,0.3081761006289308,0.4686617579665149,1.0
3304557,Rio de Janeiro,RJ,Sudeste,4351,1541,0.3541714548379683,0.4398826435796137,1.0
3304607,Santa Maria Madalena,RJ,Sudeste,8,3,0.375,0.4489164496555482,1.0
3304706,Santo Antônio de Pádua,RJ,Sudeste,26,8,0.3076923076923077,0.4509486364522023,1.0
3304755,São Francisco de Itabapoana,RJ,Sudeste,46,25,0.5434782608695652,0.44707973125934886,1.0
3304805,São Fidélis,RJ,Sudeste,31,16,0.5161290322580645,0.4582621668120661,1.0
3304904,São Gonçalo,RJ,Sudeste,426,238,0.5586854460093896,0.4620375871233957,1.0
3305000,São João da Barra,RJ,Sudeste,45,25,0.5555555555555556,0.48569199568458404,1.0
3305109,São João de Meriti,RJ,Sudeste,246,165,0.6707317073170732,0.480746934923305,1.0
3305133,São José de Ubá,RJ,Sudeste,2,1,0.5,0.44780529133445046,1.0
3305158,São José do Vale do Rio Preto,RJ,Sudeste,31,8,0.25806451612903225,0.4796482452590305,1.0
3305208,São Pedro da Aldeia,RJ,Sudeste,120,63,0.525,0.4771489061380202,1.0
3305307,São Sebastião do Alto,RJ,Sudeste,4,4,1.0,0.45982663285336756,1.0
3305406,Sapucaia,RJ,Sudeste,21,4,0.19047619047619047,0.47390861617806446,1.0
3305505,Saquarema,RJ,Sudeste,115,36,0.3130434782608696,0.4838865774180975,1.0
3305554,Seropédica,RJ,Sudeste,106,63,0.5943396226415094,0.475133282056606,1.0
3305604,Silva Jardim,RJ,Sudeste,25,13,0.52,0.48261536231250823,1.0
3305703,Sumidouro,RJ,Sudeste,17,5,0.29411764705882354,0.47597713368544203,1.0
3305752,Tanguá,RJ,Sudeste,33,20,0.6060606060606061,0.49590229960812143,1.0
3305802,Teresópolis,RJ,Sudeste,158,50,0.31645569620253167,0.4635556472786456,1.0
3305901,Trajano de Moraes,RJ,Sudeste,6,2,0.3333333333333333,0.427749491295617,1.0
3306008,Três Rios,RJ,Sudeste,56,28,0.5,0.47710983556231285,1.0
3306107,Valença,RJ,Sudeste,69,25,0.36231884057971014,0.4544975045996894,1.0
3306156,Varre-Sai,RJ,Sudeste,11,2,0.18181818181818182,0.46487624830347674,1.0
3306206,Vassouras,RJ,Sudeste,44,17,0.38636363636363635,0.4685877473787874,1.0
3306305,Volta Redonda,RJ,Sudeste,208,67,0.32211538461538464,0.46501744023517627,1.0
3500105,Adamantina,SP,Sudeste,20,7,0.35,0.43672571828318774,1.0
3500204,Adolfo,SP,Sudeste,2,0,0.0,0.44948594798264363,1.0
3500303,Aguaí,SP,Sudeste,34,7,0.20588235294117646,0.46019998172026255,1.0
3500402,Águas da Prata,SP,Sudeste,5,3,0.6,0.43350541827313627,1.0
3500501,Águas de Lindóia,SP,Sudeste,20,13,0.65,0.45539486345606817,1.0
3500550,Águas de Santa Bárbara,SP,Sudeste,10,5,0.5,0.45308254576139995,1.0
3500600,Águas de São Pedro,SP,Sudeste,7,3,0.42857142857142855,0.4615662213954729,1.0
3500709,Agudos,SP,Sudeste,34,13,0.38235294117647056,0.4532166787774592,1.0
3500758,Alambari,SP,Sudeste,11,6,0.5454545454545454,0.46640713275476764,1.0
3500808,Alfredo Marcondes,SP,Sudeste,1,1,1.0,0.3924147521814777,1.0
3500907,Altair,SP,Sudeste,1,1,1.0,0.4722015932535941,1.0
3501004,Altinópolis,SP,Sudeste,14,5,0.35714285714285715,0.4682633608660133,1.0
3501103,Alto Alegre,SP,Sudeste,3,0,0.0,0.463495822621655,1.0
3501152,Alumínio,SP,Sudeste,23,10,0.43478260869565216,0.44428339048324156,1.0
3501202,Álvares Florence,SP,Sudeste,5,2,0.4,0.4305706536368573,1.0
3501301,Álvares Machado,SP,Sudeste,22,8,0.36363636363636365,0.4339417523498744,1.0
3501400,Álvaro de Carvalho,SP,Sudeste,2,1,0.5,0.4719827452492855,1.0
3501509,Alvinlândia,SP,Sudeste,4,0,0.0,0.445969620536681,1.0
3501608,Americana,SP,Sudeste,158,45,0.2848101265822785,0.43760835850983687,1.0
3501707,Américo Brasiliense,SP,Sudeste,31,9,0.2903225806451613,0.43942138443908696,1.0
3501806,Américo de Campos,SP,Sudeste,1,0,0.0,0.43716669326857105,1.0
3501905,Amparo,SP,Sudeste,45,19,0.4222222222222222,0.44403254502354644,1.0
3502002,Analândia,SP,Sudeste,7,3,0.42857142857142855,0.4511725452173597,1.0
3502101,Andradina,SP,Sudeste,35,11,0.3142857142857143,0.44308119627818787,1.0
3502200,Angatuba,SP,Sudeste,20,5,0.25,0.4609815955078371,1.0
3502309,Anhembi,SP,Sudeste,9,4,0.4444444444444444,0.4394646713392255,1.0
3502408,Anhumas,SP,Sudeste,2,1,0.5,0.4313659357087991,1.0
3502507,Aparecida,SP,Sudeste,27,10,0.37037037037037035,0.4681396736151975,1.0
3502606,Aparecida d'Oeste,SP,Sudeste,6,0,0.0,0.42981203893989334,1.0
3502705,Apiaí,SP,Sudeste,33,10,0.30303030303030304,0.4316719820444552,1.0
3502754,Araçariguama,SP,Sudeste,26,16,0.6153846153846154,0.4773160528043078,1.0
3502804,Araçatuba,SP,Sudeste,143,45,0.3146853146853147,0.4573953718831724,1.0
3502903,Araçoiaba da Serra,SP,Sudeste,38,15,0.39473684210526316,0.44670671243147386,1.0
3503000,Aramina,SP,Sudeste,2,0,0.0,0.4578292021253033,1.0
3503109,Arandu,SP,Sudeste,4,2,0.5,0.47332295202090746,1.0
3503208,Araraquara,SP,Sudeste,178,54,0.30337078651685395,0.4214171384021521,1.0
3503307,Araras,SP,Sudeste,104,39,0.375,0.4382075403578929,1.0
3503356,Arco-Íris,SP,Sudeste,1,0,0.0,0.39616152513662095,1.0
3503406,Arealva,SP,Sudeste,7,3,0.42857142857142855,0.4456081439891353,1.0
3503505,Areias,SP,Sudeste,3,2,0.6666666666666666,0.4521790099675916,1.0
3503604,Areiópolis,SP,Sudeste,8,3,0.375,0.45888969749138164,1.0
3503703,Ariranha,SP,Sudeste,6,1,0.16666666666666666,0.4539933172172739,1.0
3503802,Artur Nogueira,SP,Sudeste,52,23,0.4423076923076923,0.4612699001739593,1.0
3503901,Arujá,SP,Sudeste,109,35,0.3211009174311927,0.44395270602928893,1.0
3503950,Aspásia,SP,Sudeste,3,0,0.0,0.3686699658379353,1.0
3504008,Assis,SP,Sudeste,84,36,0.42857142857142855,0.4353384953951672,1.0
3504107,Atibaia,SP,Sudeste,156,56,0.358974358974359,0.4738730994500597,1.0
3504206,Auriflama,SP,Sudeste,11,5,0.45454545454545453,0.4302653756865072,1.0
3504305,Avaí,SP,Sudeste,2,1,0.5,0.4458291961115559,1.0
3504404,Avanhandava,SP,Sudeste,8,2,0.25,0.46234831339565363,1.0
3504503,Avaré,SP,Sudeste,80,44,0.55,0.4542521476367226,1.0
3504602,Bady Bassitt,SP,Sudeste,31,8,0.25806451612903225,0.47348394866205956,1.0
3504800,Bálsamo,SP,Sudeste,9,1,0.1111111111111111,0.44550614103395336,1.0
3504909,Bananal,SP,Sudeste,12,5,0.4166666666666667,0.4361742487644982,1.0
3505005,Barão de Antonina,SP,Sudeste,3,2,0.6666666666666666,0.43169242990579404,1.0
3505104,Barbosa,SP,Sudeste,9,2,0.2222222222222222,0.4551735951189923,1.0
3505203,Bariri,SP,Sudeste,25,9,0.36,0.45764857732091424,1.0
3505302,Barra Bonita,SP,Sudeste,17,2,0.11764705882352941,0.4368720504920438,1.0
3505351,Barra do Chapéu,SP,Sudeste,2,1,0.5,0.44650156990993484,1.0
3505401,Barra do Turvo,SP,Sudeste,5,3,0.6,0.4170419423697888,1.0
3505500,Barretos,SP,Sudeste,99,40,0.40404040404040403,0.44573484699079047,1.0
3505609,Barrinha,SP,Sudeste,34,17,0.5,0.45371919114685333,1.0
3505708,Barueri,SP,Sudeste,389,136,0.3496143958868895,0.46191637102381294,1.0
3505807,Bastos,SP,Sudeste,18,10,0.5555555555555556,0.4355177271366195,1.0
3505906,Batatais,SP,Sudeste,39,15,0.38461538461538464,0.4623376189452945,1.0
3506003,Bauru,SP,Sudeste,282,113,0.40070921985815605,0.4451856007703715,1.0
3506102,Bebedouro,SP,Sudeste,67,23,0.34328358208955223,0.4444413155266733,1.0
3506201,Bento de Abreu,SP,Sudeste,2,1,0.5,0.43937236991018036,1.0
3506300,Bernardino de Campos,SP,Sudeste,10,6,0.6,0.46049214497592894,1.0
3506359,Bertioga,SP,Sudeste,97,30,0.30927835051546393,0.46722413285075653,1.0
3506409,Bilac,SP,Sudeste,4,1,0.25,0.4330632210525004,1.0
3506508,Birigui,SP,Sudeste,107,27,0.2523364485981308,0.4413222675441504,1.0
3506607,Biritiba-Mirim,SP,Sudeste,47,22,0.46808510638297873,0.4632810949956919,1.0
3506706,Boa Esperança do Sul,SP,Sudeste,14,7,0.5,0.4715218398025233,1.0
3506805,Bocaina,SP,Sudeste,5,3,0.6,0.46322573349467805,1.0
3506904,Bofete,SP,Sudeste,13,3,0.23076923076923078,0.4687538026967931,1.0
3507001,Boituva,SP,Sudeste,69,16,0.2318840579710145,0.44493148578189834,1.0
3507100,Bom Jesus dos Perdões,SP,Sudeste,29,12,0.41379310344827586,0.47807462720975014,1.0
3507159,Bom Sucesso de Itararé,SP,Sudeste,9,5,0.5555555555555556,0.44473785949394823,1.0
3507308,Boracéia,SP,Sudeste,8,1,0.125,0.4364355751765996,1.0
3507407,Borborema,SP,Sudeste,9,2,0.2222222222222222,0.42953647225710984,1.0
3507456,Borebi,SP,Sudeste,6,3,0.5,0.45011853752339404,1.0
3507506,Botucatu,SP,Sudeste,111,52,0.46846846846846846,0.44907886816548526,1.0
3507605,Bragança Paulista,SP,Sudeste,147,72,0.4897959183673469,0.4591422575685759,1.0
3507704,Braúna,SP,Sudeste,5,1,0.2,0.4427205417602845,1.0
3507803,Brodowski,SP,Sudeste,28,12,0.42857142857142855,0.4646430577953626,1.0
3507902,Brotas,SP,Sudeste,23,5,0.21739130434782608,0.45563798879492623,1.0
3508009,Buri,SP,Sudeste,27,13,0.48148148148148145,0.47778180962473005,1.0
3508108,Buritama,SP,Sudeste,20,7,0.35,0.42709807594120636,1.0
3508207,Buritizal,SP,Sudeste,5,1,0.2,0.4741707896825994,1.0
3508306,Cabrália Paulista,SP,Sudeste,5,1,0.2,0.4604319557365629,1.0
3508405,Cabreúva,SP,Sudeste,68,24,0.35294117647058826,0.4572988810572014,1.0
3508504,Caçapava,SP,Sudeste,79,40,0.5063291139240507,0.44214251900244983,1.0
3508603,Cachoeira Paulista,SP,Sudeste,17,8,0.47058823529411764,0.4539642626395368,1.0
3508702,Caconde,SP,Sudeste,15,2,0.13333333333333333,0.44885881534845234,1.0
3508801,Cafelândia,SP,Sudeste,21,9,0.42857142857142855,0.4405406909385594,1.0
3508900,Caiabu,SP,Sudeste,3,1,0.3333333333333333,0.4151465679798112,1.0
3509007,Caieiras,SP,Sudeste,100,41,0.41,0.4407919075035961,1.0
3509106,Caiuá,SP,Sudeste,2,0,0.0,0.41964189578267863,1.0
3509205,Cajamar,SP,Sudeste,105,41,0.3904761904761905,0.47098954025189055,1.0
3509254,Cajati,SP,Sudeste,38,15,0.39473684210526316,0.447275819957746,1.0
3509304,Cajobi,SP,Sudeste,11,4,0.36363636363636365,0.4504499994415869,1.0
3509403,Cajuru,SP,Sudeste,25,16,0.64,0.47261605829700815,1.0
3509452,Campina do Monte Alegre,SP,Sudeste,13,7,0.5384615384615384,0.45215324869676576,1.0
3509502,Campinas,SP,Sudeste,930,316,0.33978494623655914,0.44512568492794835,1.0
3509601,Campo Limpo Paulista,SP,Sudeste,87,50,0.5747126436781609,0.44991227920929805,1.0
3509700,Campos do Jordão,SP,Sudeste,44,17,0.38636363636363635,0.4747461955699759,1.0
3509809,Campos Novos Paulista,SP,Sudeste,4,1,0.25,0.44690726041428563,1.0
3509908,Cananéia,SP,Sudeste,7,1,0.14285714285714285,0.4477213646278555,1.0
3509957,Canas,SP,Sudeste,6,4,0.6666666666666666,0.4715409132951531,1.0
3510005,Cândido Mota,SP,Sudeste,27,7,0.25925925925925924,0.43234816246525054,1.0
3510104,Cândido Rodrigues,SP,Sudeste,4,0,0.0,0.4108282694023748,1.0
3510153,Canitar,SP,Sudeste,13,4,0.3076923076923077,0.46437646438150215,1.0
3510203,Capão Bonito,SP,Sudeste,56,11,0.19642857142857142,0.4391719636743643,1.0
3510302,Capela do Alto,SP,Sudeste,35,20,0.5714285714285714,0.47585946969640286,1.0
3510401,Capivari,SP,Sudeste,48,19,0.3958333333333333,0.46321509582443837,1.0
3510500,Caraguatatuba,SP,Sudeste,149,61,0.40939597315436244,0.4552409621464662,1.0
3510609,Carapicuíba,SP,Sudeste,396,169,0.42676767676767674,0.4363756170120468,1.0
3510708,Cardoso,SP,Sudeste,11,5,0.45454545454545453,0.44779232968811244,1.0
3510807,Casa Branca,SP,Sudeste,19,8,0.42105263157894735,0.479362190297627,1.0
3510906,Cássia dos Coqueiros,SP,Sudeste,1,0,0.0,0.42396742040335145,1.0
3511003,Castilho,SP,Sudeste,19,11,0.5789473684210527,0.43249479551669073,1.0
3511102,Catanduva,SP,Sudeste,81,31,0.38271604938271603,0.44672201685274204,1.0
3511201,Catiguá,SP,Sudeste,8,2,0.25,0.43596064096387177,1.0
3511300,Cedral,SP,Sudeste,17,10,0.5882352941176471,0.4418293040058783,1.0
3511409,Cerqueira César,SP,Sudeste,20,12,0.6,0.46088489395881194,1.0
3511508,Cerquilho,SP,Sudeste,43,12,0.27906976744186046,0.45250029568630556,1.0
3511607,Cesário Lange,SP,Sudeste,22,14,0.6363636363636364,0.49491788184728436,1.0
3511706,Charqueada,SP,Sudeste,16,4,0.25,0.4562928859371742,1.0
3511904,Clementina,SP,Sudeste,11,3,0.2727272727272727,0.4468484334868854,1.0
3512001,Colina,SP,Sudeste,18,10,0.5555555555555556,0.4427109082698907,1.0
3512100,Colômbia,SP,Sudeste,13,4,0.3076923076923077,0.451202649167885,1.0
3512209,Conchal,SP,Sudeste,38,17,0.4473684210526316,0.456970874454358,1.0
3512308,Conchas,SP,Sudeste,17,5,0.29411764705882354,0.4632052828888542,1.0
3512407,Cordeirópolis,SP,Sudeste,44,15,0.3409090909090909,0.46398705611896196,1.0
3512506,Coroados,SP,Sudeste,11,3,0.2727272727272727,0.4660253926122081,1.0
3512605,Coronel Macedo,SP,Sudeste,5,2,0.4,0.43985857098260206,1.0
3512704,Corumbataí,SP,Sudeste,6,2,0.3333333333333333,0.4396895775720957,1.0
3512803,Cosmópolis,SP,Sudeste,49,13,0.2653061224489796,0.4508949659605802,1.0
3512902,Cosmorama,SP,Sudeste,8,5,0.625,0.4508123939986727,1.0
3513009,Cotia,SP,Sudeste,303,155,0.5115511551155115,0.46521227283793054,1.0
3513108,Cravinhos,SP,Sudeste,36,15,0.4166666666666667,0.4492279147217013,1.0
3513207,Cristais Paulista,SP,Sudeste,7,3,0.42857142857142855,0.45053443608668314,1.0
3513306,Cruzália,SP,Sudeste,1,1,1.0,0.4111345214130774,1.0
3513405,Cruzeiro,SP,Sudeste,56,26,0.4642857142857143,0.4438963250497225,1.0
3513504,Cubatão,SP,Sudeste,104,61,0.5865384615384616,0.4508345859276498,1.0
3513603,Cunha,SP,Sudeste,16,6,0.375,0.45301753477671314,1.0
3513702,Descalvado,SP,Sudeste,18,2,0.1111111111111111,0.4512793759229247,1.0
3513801,Diadema,SP,Sudeste,394,150,0.38071065989847713,0.43748908151229005,1.0
3513850,Dirce Reis,SP,Sudeste,3,0,0.0,0.3977696000319148,1.0
3513900,Divinolândia,SP,Sudeste,12,2,0.16666666666666666,0.4582650735610378,1.0
3514007,Dobrada,SP,Sudeste,7,1,0.14285714285714285,0.38353037138858126,1.0
3514106,Dois Córregos,SP,Sudeste,28,8,0.2857142857142857,0.4605770863543072,1.0
3514205,Dolcinópolis,SP,Sudeste,1,0,0.0,0.41043276685083896,1.0
3514304,Dourado,SP,Sudeste,8,2,0.25,0.4488959364309344,1.0
3514403,Dracena,SP,Sudeste,29,14,0.4827586206896552,0.440960884191423,1.0
3514502,Duartina,SP,Sudeste,13,5,0.38461538461538464,0.44617429200810454,1.0
3514601,Dumont,SP,Sudeste,5,0,0.0,0.4454338167705857,1.0
3514700,Echaporã,SP,Sudeste,14,1,0.07142857142857142,0.4279066809761084,1.0
3514809,Eldorado,SP,Sudeste,10,1,0.1,0.435532380415408,1.0
3514908,Elias Fausto,SP,Sudeste,22,12,0.5454545454545454,0.4805497577470541,1.0
3514924,Elisiário,SP,Sudeste,4,0,0.0,0.4262130118811115,1.0
3514957,Embaúba,SP,Sudeste,3,0,0.0,0.4565003769009935,1.0
3515004,Embu das Artes,SP,Sudeste,267,129,0.48314606741573035,0.4516673847436872,1.0
3515103,Embu-Guaçu,SP,Sudeste,68,29,0.4264705882352941,0.43397408338239096,1.0
3515129,Emilianópolis,SP,Sudeste,4,1,0.25,0.42303324414426857,1.0
3515152,Engenheiro Coelho,SP,Sudeste,18,10,0.5555555555555556,0.4418494236819731,1.0
3515186,Espírito Santo do Pinhal,SP,Sudeste,30,10,0.3333333333333333,0.4350203261459799,1.0
3515194,Espírito Santo do Turvo,SP,Sudeste,7,2,0.2857142857142857,0.46098021674034406,1.0
3515202,Estrela d'Oeste,SP,Sudeste,6,2,0.3333333333333333,0.4271962008517518,1.0
3515301,Estrela do Norte,SP,Sudeste,3,1,0.3333333333333333,0.4271056443320622,1.0
3515350,Euclides da Cunha Paulista,SP,Sudeste,4,1,0.25,0.4150037750190223,1.0
3515400,Fartura,SP,Sudeste,14,2,0.14285714285714285,0.45382187982208916,1.0
3515509,Fernandópolis,SP,Sudeste,58,24,0.41379310344827586,0.42868186050175267,1.0
3515608,Fernando Prestes,SP,Sudeste,10,2,0.2,0.4424967796660514,1.0
3515657,Fernão,SP,Sudeste,2,2,1.0,0.4540926360937957,1.0
3515707,Ferraz de Vasconcelos,SP,Sudeste,198,65,0.3282828282828283,0.4564275359168765,1.0
3515806,Flora Rica,SP,Sudeste,2,1,0.5,0.3977875215068608,1.0
3515905,Floreal,SP,Sudeste,2,0,0.0,0.4322599158045827,1.0
3516002,Flórida Paulista,SP,Sudeste,9,2,0.2222222222222222,0.4476709339135576,1.0
3516101,Florínia,SP,Sudeste,4,0,0.0,0.417398162701224,1.0
3516200,Franca,SP,Sudeste,354,106,0.2994350282485876,0.43982825789450664,1.0
3516309,Francisco Morato,SP,Sudeste,235,106,0.451063829787234,0.4664229595732915,1.0
3516408,Franco da Rocha,SP,Sudeste,173,85,0.4913294797687861,0.4578540770177801,1.0
3516507,Gabriel Monteiro,SP,Sudeste,5,2,0.4,0.41764707376846555,1.0
3516606,Gália,SP,Sudeste,12,4,0.3333333333333333,0.4450569679038064,1.0
3516705,Garça,SP,Sudeste,30,7,0.23333333333333334,0.4314730298695141,1.0
3516804,Gastão Vidigal,SP,Sudeste,4,2,0.5,0.45172911218274336,1.0
3516853,Gavião Peixoto,SP,Sudeste,7,2,0.2857142857142857,0.4483474661886119,1.0
3516903,General Salgado,SP,Sudeste,11,3,0.2727272727272727,0.44594824179248627,1.0
3517000,Getulina,SP,Sudeste,4,2,0.5,0.45118507399587315,1.0
3517109,Glicério,SP,Sudeste,6,2,0.3333333333333333,0.45100914741893555,1.0
3517208,Guaiçara,SP,Sudeste,16,7,0.4375,0.44726049522873745,1.0
3517307,Guaimbê,SP,Sudeste,7,1,0.14285714285714285,0.42215281386969156,1.0
3517406,Guaíra,SP,Sudeste,31,15,0.4838709677419355,0.4670869604078389,1.0
3517505,Guapiaçu,SP,Sudeste,18,5,0.2777777777777778,0.46368083392614007,1.0
3517604,Guapiara,SP,Sudeste,8,2,0.25,0.43967516910979143,1.0
3517703,Guará,SP,Sudeste,14,3,0.21428571428571427,0.4521256414565249,1.0
3517802,Guaraçaí,SP,Sudeste,5,2,0.4,0.4514771115244125,1.0
3517901,Guaraci,SP,Sudeste,9,2,0.2222222222222222,0.438598754372048,1.0
3518008,Guarani d'Oeste,SP,Sudeste,2,1,0.5,0.4214372909520355,1.0
3518107,Guarantã,SP,Sudeste,7,4,0.5714285714285714,0.4482899760368042,1.0
3518206,Guararapes,SP,Sudeste,23,6,0.2608695652173913,0.43676236235910226,1.0
3518305,Guararema,SP,Sudeste,34,7,0.20588235294117646,0.46770587522167073,1.0
3518404,Guaratinguetá,SP,Sudeste,80,33,0.4125,0.4453997220690745,1.0
3518503,Guareí,SP,Sudeste,11,2,0.18181818181818182,0.48307913508152045,1.0
3518602,Guariba,SP,Sudeste,41,11,0.2682926829268293,0.4498845867307633,1.0
3518701,Guarujá,SP,Sudeste,326,172,0.5276073619631901,0.44236720311582617,1.0
3518800,Guarulhos,SP,Sudeste,1368,683,0.4992690058479532,0.44436757143144906,1.0
3518859,Guatapará,SP,Sudeste,6,4,0.6666666666666666,0.42912445851961256,1.0
3518909,Guzolândia,SP,Sudeste,2,0,0.0,0.43476551111318107,1.0
3519006,Herculândia,SP,Sudeste,7,1,0.14285714285714285,0.4379653187103304,1.0
3519055,Holambra,SP,Sudeste,20,8,0.4,0.4665955607208051,1.0
3519071,Hortolândia,SP,Sudeste,240,106,0.44166666666666665,0.4518444176790338,1.0
3519105,Iacanga,SP,Sudeste,9,0,0.0,0.45449964352127803,1.0
3519204,Iacri,SP,Sudeste,5,1,0.2,0.4031862067661935,1.0
3519253,Iaras,SP,Sudeste,8,5,0.625,0.4811139796340065,1.0
3519303,Ibaté,SP,Sudeste,33,12,0.36363636363636365,0.47078294037507196,1.0
3519402,Ibirá,SP,Sudeste,4,3,0.75,0.4519186911544023,1.0
3519501,Ibirarema,SP,Sudeste,4,1,0.25,0.47315691934985016,1.0
3519600,Ibitinga,SP,Sudeste,50,25,0.5,0.4637975919653301,1.0
3519709,Ibiúna,SP,Sudeste,117,67,0.5726495726495726,0.46474877884453747,1.0
3519808,Icém,SP,Sudeste,3,2,0.6666666666666666,0.46477759850799377,1.0
3519907,Iepê,SP,Sudeste,12,5,0.4166666666666667,0.4447299553218709,1.0
3520004,Igaraçu do Tietê,SP,Sudeste,24,10,0.4166666666666667,0.4390023417732385,1.0
3520103,Igarapava,SP,Sudeste,24,6,0.25,0.4626606553318598,1.0
3520202,Igaratá,SP,Sudeste,12,4,0.3333333333333333,0.4410237137145117,1.0
3520301,Iguape,SP,Sudeste,23,12,0.5217391304347826,0.4460930025813113,1.0
3520400,Ilhabela,SP,Sudeste,53,25,0.4716981132075472,0.4496340178953996,1.0
3520426,Ilha Comprida,SP,Sudeste,16,4,0.25,0.46959087299914537,1.0
3520442,Ilha Solteira,SP,Sudeste,15,3,0.2,0.4356330549109875,1.0
3520509,Indaiatuba,SP,Sudeste,231,84,0.36363636363636365,0.46507663785494335,1.0
3520608,Indiana,SP,Sudeste,2,1,0.5,0.4348721448525156,1.0
3520707,Indiaporã,SP,Sudeste,4,1,0.25,0.4141003694514107,1.0
3520806,Inúbia Paulista,SP,Sudeste,2,0,0.0,0.40191232286009404,1.0
3520905,Ipaussu,SP,Sudeste,14,6,0.42857142857142855,0.4615768281097258,1.0
3521002,Iperó,SP,Sudeste,32,19,0.59375,0.47023199869384924,1.0
3521101,Ipeúna,SP,Sudeste,11,4,0.36363636363636365,0.4555313783176109,1.0
3521150,Ipiguá,SP,Sudeste,5,3,0.6,0.4467780998095526,1.0
3521200,Iporanga,SP,Sudeste,3,1,0.3333333333333333,0.41448381200767503,1.0
3521309,Ipuã,SP,Sudeste,13,4,0.3076923076923077,0.4471616238208179,1.0
3521408,Iracemápolis,SP,Sudeste,24,5,0.20833333333333334,0.45230810965056634,1.0
3521507,Irapuã,SP,Sudeste,3,0,0.0,0.4467108450913299,1.0
3521606,Irapuru,SP,Sudeste,3,0,0.0,0.44844226545398297,1.0
3521705,Itaberá,SP,Sudeste,11,1,0.09090909090909091,0.4286643013257212,1.0
3521804,Itaí,SP,Sudeste,29,14,0.4827586206896552,0.4578994850498189,1.0
3521903,Itajobi,SP,Sudeste,17,0,0.0,0.46017430210075083,1.0
3522000,Itaju,SP,Sudeste,4,1,0.25,0.4710397371243159,1.0
3522109,Itanhaém,SP,Sudeste,140,77,0.55,0.4534752488974835,1.0
3522158,Itaóca,SP,Sudeste,2,1,0.5,0.4144052436861083,1.0
3522208,Itapecerica da Serra,SP,Sudeste,185,104,0.5621621621621622,0.45047523161947955,1.0
3522307,Itapetininga,SP,Sudeste,125,66,0.528,0.44696267389058797,1.0
3522406,Itapeva,SP,Sudeste,82,31,0.3780487804878049,0.4562656538817891,1.0
3522505,Itapevi,SP,Sudeste,316,156,0.4936708860759494,0.45508486861724845,1.0
3522604,Itapira,SP,Sudeste,49,19,0.3877551020408163,0.4492071642750822,1.0
3522653,Itapirapuã Paulista,SP,Sudeste,5,3,0.6,0.43193542250350003,1.0
3522703,Itápolis,SP,Sudeste,33,13,0.3939393939393939,0.447639838077106,1.0
3522802,Itaporanga,SP,Sudeste,14,7,0.5,0.4314144417054422,1.0
3522901,Itapuí,SP,Sudeste,13,7,0.5384615384615384,0.46617411612062376,1.0
3523008,Itapura,SP,Sudeste,8,1,0.125,0.42525187735099834,1.0
3523107,Itaquaquecetuba,SP,Sudeste,453,194,0.4282560706401766,0.4638000459750592,1.0
3523206,Itararé,SP,Sudeste,51,26,0.5098039215686274,0.471030410659084,1.0
3523305,Itariri,SP,Sudeste,23,7,0.30434782608695654,0.4625545599352216,1.0
3523404,Itatiba,SP,Sudeste,89,24,0.2696629213483146,0.4690475691359157,1.0
3523503,Itatinga,SP,Sudeste,25,13,0.52,0.46261364471333233,1.0
3523602,Itirapina,SP,Sudeste,16,5,0.3125,0.459355527586904,1.0
3523701,Itirapuã,SP,Sudeste,3,0,0.0,0.45393176771681515,1.0
3523800,Itobi,SP,Sudeste,3,0,0.0,0.4284127171044738,1.0
3523909,Itu,SP,Sudeste,158,52,0.3291139240506329,0.46587777818246523,1.0
3524006,Itupeva,SP,Sudeste,65,32,0.49230769230769234,0.4591113010897785,1.0
3524105,Ituverava,SP,Sudeste,29,18,0.6206896551724138,0.454404108140107,1.0
3524204,Jaborandi,SP,Sudeste,10,5,0.5,0.45987076685743655,1.0
3524303,Jaboticabal,SP,Sudeste,48,18,0.375,0.45827386702076717,1.0
3524402,Jacareí,SP,Sudeste,208,102,0.49038461538461536,0.4504520320418982,1.0
3524501,Jaci,SP,Sudeste,12,3,0.25,0.449982684254729,1.0
3524600,Jacupiranga,SP,Sudeste,16,7,0.4375,0.4388823154810799,1.0
3524709,Jaguariúna,SP,Sudeste,37,7,0.1891891891891892,0.4590722736631063,1.0
3524808,Jales,SP,Sudeste,40,14,0.35,0.44201144072196186,1.0
3524907,Jambeiro,SP,Sudeste,8,5,0.625,0.4373692208134645,1.0
3525003,Jandira,SP,Sudeste,83,41,0.4939759036144578,0.45938143735744275,1.0
3525102,Jardinópolis,SP,Sudeste,44,23,0.5227272727272727,0.4699507021839622,1.0
3525201,Jarinu,SP,Sudeste,60,35,0.5833333333333334,0.45967105755052995,1.0
3525300,Jaú,SP,Sudeste,105,51,0.4857142857142857,0.4539225560211735,1.0
3525409,Jeriquara,SP,Sudeste,4,3,0.75,0.45153037210989966,1.0
3525508,Joanópolis,SP,Sudeste,19,8,0.42105263157894735,0.4796264224549935,1.0
3525607,João Ramalho,SP,Sudeste,3,1,0.3333333333333333,0.41581741007096235,1.0
3525706,José Bonifácio,SP,Sudeste,27,12,0.4444444444444444,0.43009835105767286,1.0
3525805,Júlio Mesquita,SP,Sudeste,4,1,0.25,0.4255819394217204,1.0
3525854,Jumirim,SP,Sudeste,3,1,0.3333333333333333,0.4487499645025134,1.0
3525904,Jundiaí,SP,Sudeste,335,87,0.25970149253731345,0.46365797482023047,1.0
3526001,Junqueirópolis,SP,Sudeste,19,2,0.10526315789473684,0.4391934529090565,1.0
3526100,Juquiá,SP,Sudeste,26,15,0.5769230769230769,0.43473265266526007,1.0
3526209,Juquitiba,SP,Sudeste,33,12,0.36363636363636365,0.4303503391116535,1.0
3526308,Lagoinha,SP,Sudeste,13,5,0.38461538461538464,0.4519206281171376,1.0
3526407,Laranjal Paulista,SP,Sudeste,22,10,0.45454545454545453,0.4814943909882459,1.0
3526506,Lavínia,SP,Sudeste,3,1,0.3333333333333333,0.4571300860384999,1.0
3526605,Lavrinhas,SP,Sudeste,7,6,0.8571428571428571,0.4460452171151372,1.0
3526704,Leme,SP,Sudeste,98,39,0.3979591836734694,0.45112653770166306,1.0
3526803,Lençóis Paulista,SP,Sudeste,77,28,0.36363636363636365,0.45254504157115494,1.0
3526902,Limeira,SP,Sudeste,236,82,0.3474576271186441,0.45488545081457094,1.0
3527009,Lindóia,SP,Sudeste,2,0,0.0,0.4567569673377585,1.0
3527108,Lins,SP,Sudeste,64,7,0.109375,0.42478952570097833,1.0
3527207,Lorena,SP,Sudeste,58,28,0.4827586206896552,0.4565987854500554,1.0
3527256,Lourdes,SP,Sudeste,2,0,0.0,0.41086661544848113,1.0
3527306,Louveira,SP,Sudeste,57,24,0.42105263157894735,0.46579833781859903,1.0
3527405,Lucélia,SP,Sudeste,12,1,0.08333333333333333,0.4478005321304172,1.0
3527504,Lucianópolis,SP,Sudeste,2,1,0.5,0.4554420371737209,1.0
3527603,Luís Antônio,SP,Sudeste,11,6,0.5454545454545454,0.4619696884709741,1.0
3527702,Luiziânia,SP,Sudeste,5,1,0.2,0.4396815309921721,1.0
3527801,Lupércio,SP,Sudeste,7,2,0.2857142857142857,0.42867004417203536,1.0
3527900,Lutécia,SP,Sudeste,2,1,0.5,0.4385033355562856,1.0
3528007,Macatuba,SP,Sudeste,20,9,0.45,0.43515922674020224,1.0
3528106,Macaubal,SP,Sudeste,6,1,0.16666666666666666,0.44498588427976077,1.0
3528205,Macedônia,SP,Sudeste,3,1,0.3333333333333333,0.4281518322258353,1.0
3528304,Magda,SP,Sudeste,3,0,0.0,0.42457341030278295,1.0
3528403,Mairinque,SP,Sudeste,53,28,0.5283018867924528,0.46255549031177945,1.0
3528502,Mairiporã,SP,Sudeste,93,33,0.3548387096774194,0.4386142372290759,1.0
3528601,Manduri,SP,Sudeste,19,4,0.21052631578947367,0.46506027151543816,1.0
3528700,Marabá Paulista,SP,Sudeste,1,0,0.0,0.4580419219882649,1.0
3528809,Maracaí,SP,Sudeste,8,1,0.125,0.4099019396688425,1.0
3528858,Marapoama,SP,Sudeste,3,0,0.0,0.4492222333648301,1.0
3528908,Mariápolis,SP,Sudeste,5,3,0.6,0.45338190365456954,1.0
3529005,Marília,SP,Sudeste,164,53,0.3231707317073171,0.43329595034524804,1.0
3529104,Marinópolis,SP,Sudeste,2,0,0.0,0.4249454477696306,1.0
3529203,Martinópolis,SP,Sudeste,14,2,0.14285714285714285,0.4548707032080229,1.0
3529302,Matão,SP,Sudeste,74,18,0.24324324324324326,0.43170955236751607,1.0
3529401,Mauá,SP,Sudeste,391,100,0.2557544757033248,0.41804400635292527,1.0
3529500,Mendonça,SP,Sudeste,8,0,0.0,0.4504284658250606,1.0
3529609,Meridiano,SP,Sudeste,7,2,0.2857142857142857,0.4454401809556009,1.0
3529658,Mesópolis,SP,Sudeste,2,1,0.5,0.4078575401119182,1.0
3529708,Miguelópolis,SP,Sudeste,13,9,0.6923076923076923,0.42946494654672906,1.0
3529807,Mineiros do Tietê,SP,Sudeste,9,3,0.3333333333333333,0.4584883312658574,1.0
3529906,Miracatu,SP,Sudeste,10,3,0.3,0.4338522373956626,1.0
3530003,Mira Estrela,SP,Sudeste,4,0,0.0,0.41939656276899007,1.0
3530102,Mirandópolis,SP,Sudeste,23,12,0.5217391304347826,0.4456000023300241,1.0
3530201,Mirante do Paranapanema,SP,Sudeste,13,2,0.15384615384615385,0.4089730356795907,1.0
3530300,Mirassol,SP,Sudeste,50,18,0.36,0.45945018706591123,1.0
3530409,Mirassolândia,SP,Sudeste,4,1,0.25,0.43479297492749347,1.0
3530508,Mococa,SP,Sudeste,58,15,0.25862068965517243,0.439524776199579,1.0
3530607,Mogi das Cruzes,SP,Sudeste,435,203,0.4666666666666667,0.44867008238856165,1.0
3530706,Mogi Guaçu,SP,Sudeste,129,48,0.37209302325581395,0.4469908829079454,1.0
3530805,Mogi Mirim,SP,Sudeste,62,33,0.532258064516129,0.4492987663380613,1.0
3530904,Mombuca,SP,Sudeste,3,0,0.0,0.4673281802091622,1.0
3531001,Monções,SP,Sudeste,2,0,0.0,0.41031831426180054,1.0
3531100,Mongaguá,SP,Sudeste,74,45,0.6081081081081081,0.45407415852389243,1.0
3531209,Monte Alegre do Sul,SP,Sudeste,8,3,0.375,0.45333949506759863,1.0
3531308,Monte Alto,SP,Sudeste,37,17,0.4594594594594595,0.45022586137245973,1.0
3531407,Monte Aprazível,SP,Sudeste,16,3,0.1875,0.4487035749397691,1.0
3531506,Monte Azul Paulista,SP,Sudeste,10,5,0.5,0.4398207218335842,1.0
3531605,Monte Castelo,SP,Sudeste,3,0,0.0,0.4109336790135447,1.0
3531704,Monteiro Lobato,SP,Sudeste,5,3,0.6,0.4371815530399726,1.0
3531803,Monte Mor,SP,Sudeste,80,42,0.525,0.4561391079564028,1.0
3531902,Morro Agudo,SP,Sudeste,26,13,0.5,0.46661023620513775,1.0
3532009,Morungaba,SP,Sudeste,13,7,0.5384615384615384,0.48595967476705604,1.0
3532058,Motuca,SP,Sudeste,4,1,0.25,0.4353979063095299,1.0
3532108,Murutinga do Sul,SP,Sudeste,3,0,0.0,0.4485987921474977,1.0
3532157,Nantes,SP,Sudeste,9,6,0.6666666666666666,0.4136256705500396,1.0
3532207,Narandiba,SP,Sudeste,9,3,0.3333333333333333,0.41626513923481157,1.0
3532306,Natividade da Serra,SP,Sudeste,4,1,0.25,0.4315575645880123,1.0
3532405,Nazaré Paulista,SP,Sudeste,17,7,0.4117647058823529,0.45116652674211805,1.0
3532504,Neves Paulista,SP,Sudeste,6,1,0.16666666666666666,0.44678874291172366,1.0
3532603,Nhandeara,SP,Sudeste,4,1,0.25,0.44811763347419187,1.0
3532702,Nipoã,SP,Sudeste,7,1,0.14285714285714285,0.4563465311519175,1.0
3532801,Nova Aliança,SP,Sudeste,3,2,0.6666666666666666,0.45927014195350263,1.0
3532827,Nova Campina,SP,Sudeste,8,1,0.125,0.4489398794070215,1.0
3532843,Nova Canaã Paulista,SP,Sudeste,2,0,0.0,0.43144049132311035,1.0
3532868,Nova Castilho,SP,Sudeste,1,1,1.0,0.4192705614974489,1.0
3532900,Nova Europa,SP,Sudeste,4,0,0.0,0.4286801024306045,1.0
3533007,Nova Granada,SP,Sudeste,16,6,0.375,0.457774874589467,1.0
3533106,Nova Guataporanga,SP,Sudeste,1,0,0.0,0.42120015782045217,1.0
3533205,Nova Independência,SP,Sudeste,3,0,0.0,0.4312087420650357,1.0
3533254,Novais,SP,Sudeste,6,2,0.3333333333333333,0.44287447310431927,1.0
3533304,Nova Luzitânia,SP,Sudeste,1,0,0.0,0.41404406424111284,1.0
3533403,Nova Odessa,SP,Sudeste,57,19,0.3333333333333333,0.44228741210540035,1.0
3533502,Novo Horizonte,SP,Sudeste,33,8,0.24242424242424243,0.4464142691981777,1.0
3533601,Nuporanga,SP,Sudeste,13,3,0.23076923076923078,0.45992642964592423,1.0
3533700,Ocauçu,SP,Sudeste,2,0,0.0,0.44480925547540195,1.0
3533809,Óleo,SP,Sudeste,1,1,1.0,0.46503434882626593,1.0
3533908,Olímpia,SP,Sudeste,51,13,0.2549019607843137,0.4364526469162597,1.0
3534005,Onda Verde,SP,Sudeste,4,2,0.5,0.4347752665964779,1.0
3534104,Oriente,SP,Sudeste,7,6,0.8571428571428571,0.4280629256699692,1.0
3534203,Orindiúva,SP,Sudeste,8,4,0.5,0.4297743234757997,1.0
3534302,Orlândia,SP,Sudeste,35,14,0.4,0.4473642448713774,1.0
3534401,Osasco,SP,Sudeste,673,355,0.5274888558692422,0.4634732440972853,1.0
3534500,Oscar Bressane,SP,Sudeste,2,0,0.0,0.42443838996048655,1.0
3534609,Osvaldo Cruz,SP,Sudeste,20,9,0.45,0.4443158867409796,1.0
3534708,Ourinhos,SP,Sudeste,92,41,0.44565217391304346,0.4416512172900901,1.0
3534757,Ouroeste,SP,Sudeste,20,2,0.1,0.41110708512847527,1.0
3534807,Ouro Verde,SP,Sudeste,8,1,0.125,0.43682440897616825,1.0
3534906,Pacaembu,SP,Sudeste,8,6,0.75,0.4430225958113386,1.0
3535002,Palestina,SP,Sudeste,11,2,0.18181818181818182,0.4510599188376532,1.0
3535101,Palmares Paulista,SP,Sudeste,10,1,0.1,0.43535835765489095,1.0
3535200,Palmeira d'Oeste,SP,Sudeste,9,1,0.1111111111111111,0.43008787942881477,1.0
3535309,Palmital,SP,Sudeste,19,7,0.3684210526315789,0.45932715631517906,1.0
3535408,Panorama,SP,Sudeste,11,0,0.0,0.4599237673889754,1.0
3535507,Paraguaçu Paulista,SP,Sudeste,36,16,0.4444444444444444,0.4332404858540395,1.0
3535606,Paraibuna,SP,Sudeste,20,8,0.4,0.4410638563246083,1.0
3535705,Paraíso,SP,Sudeste,4,0,0.0,0.44406217844812657,1.0
3535804,Paranapanema,SP,Sudeste,17,7,0.4117647058823529,0.4503485495393603,1.0
3535903,Paranapuã,SP,Sudeste,11,0,0.0,0.4334214960305362,1.0
3536000,Parapuã,SP,Sudeste,4,2,0.5,0.4354239334701081,1.0
3536109,Pardinho,SP,Sudeste,10,5,0.5,0.45050551426372465,1.0
3536208,Pariquera-Açu,SP,Sudeste,17,4,0.23529411764705882,0.4436808544911883,1.0
3536257,Parisi,SP,Sudeste,1,0,0.0,0.4323193676389089,1.0
3536307,Patrocínio Paulista,SP,Sudeste,21,10,0.47619047619047616,0.4522620588853207,1.0
3536406,Paulicéia,SP,Sudeste,6,1,0.16666666666666666,0.45309240125670924,1.0
3536505,Paulínia,SP,Sudeste,105,43,0.4095238095238095,0.46470225949952215,1.0
3536570,Paulistânia,SP,Sudeste,1,0,0.0,0.42893008808636823,1.0
3536604,Paulo de Faria,SP,Sudeste,5,0,0.0,0.4462726828629958,1.0
3536703,Pederneiras,SP,Sudeste,41,18,0.43902439024390244,0.4636846073645476,1.0
3536802,Pedra Bela,SP,Sudeste,3,1,0.3333333333333333,0.44914617685622393,1.0
3536901,Pedranópolis,SP,Sudeste,2,0,0.0,0.42725164742974264,1.0
3537008,Pedregulho,SP,Sudeste,24,10,0.4166666666666667,0.46634307683628706,1.0
3537107,Pedreira,SP,Sudeste,53,5,0.09433962264150944,0.45363938587951746,1.0
3537156,Pedrinhas Paulista,SP,Sudeste,5,0,0.0,0.4342591018393539,1.0
3537206,Pedro de Toledo,SP,Sudeste,12,7,0.5833333333333334,0.4405237451504583,1.0
3537305,Penápolis,SP,Sudeste,53,12,0.22641509433962265,0.44830866505325,1.0
3537404,Pereira Barreto,SP,Sudeste,29,7,0.2413793103448276,0.4242299854996183,1.0
3537503,Pereiras,SP,Sudeste,12,1,0.08333333333333333,0.4577794932745641,1.0
3537602,Peruíbe,SP,Sudeste,61,27,0.4426229508196721,0.45244950541963447,1.0
3537701,Piacatu,SP,Sudeste,4,1,0.25,0.42113676059763727,1.0
3537800,Piedade,SP,Sudeste,74,26,0.35135135135135137,0.4511224630297528,1.0
3537909,Pilar do Sul,SP,Sudeste,30,9,0.3,0.47926004686756196,1.0
3538006,Pindamonhangaba,SP,Sudeste,142,47,0.33098591549295775,0.45258679009940467,1.0
3538105,Pindorama,SP,Sudeste,11,4,0.36363636363636365,0.4503580883967494,1.0
3538204,Pinhalzinho,SP,Sudeste,15,1,0.06666666666666667,0.45369319764792326,1.0
3538303,Piquerobi,SP,Sudeste,3,1,0.3333333333333333,0.42992738701781646,1.0
3538501,Piquete,SP,Sudeste,6,2,0.3333333333333333,0.44527745420703485,1.0
3538600,Piracaia,SP,Sudeste,25,15,0.6,0.4682722499265146,1.0
3538709,Piracicaba,SP,Sudeste,332,149,0.44879518072289154,0.4675612895030751,1.0
3538808,Piraju,SP,Sudeste,30,8,0.26666666666666666,0.45101828898194374,1.0
3538907,Pirajuí,SP,Sudeste,10,7,0.7,0.44429180408022717,1.0
3539004,Pirangi,SP,Sudeste,10,2,0.2,0.4383465686593501,1.0
3539103,Pirapora do Bom Jesus,SP,Sudeste,18,13,0.7222222222222222,0.45745269941425615,1.0
3539202,Pirapozinho,SP,Sudeste,28,8,0.2857142857142857,0.426602456783452,1.0
3539301,Pirassununga,SP,Sudeste,51,26,0.5098039215686274,0.44915518816521216,1.0
3539400,Piratininga,SP,Sudeste,10,6,0.6,0.43954972045699153,1.0
3539509,Pitangueiras,SP,Sudeste,41,13,0.3170731707317073,0.45425350766516864,1.0
3539608,Planalto,SP,Sudeste,3,1,0.3333333333333333,0.44000832960119407,1.0
3539707,Platina,SP,Sudeste,7,1,0.14285714285714285,0.43643778240092945,1.0
3539806,Poá,SP,Sudeste,120,52,0.43333333333333335,0.4443009582971208,1.0
3539905,Poloni,SP,Sudeste,5,1,0.2,0.3921009202322676,1.0
3540002,Pompéia,SP,Sudeste,15,5,0.3333333333333333,0.43628444290200374,1.0
3540101,Pongaí,SP,Sudeste,3,0,0.0,0.4266055534781461,1.0
3540200,Pontal,SP,Sudeste,41,13,0.3170731707317073,0.44833484501290805,1.0
3540259,Pontalinda,SP,Sudeste,4,2,0.5,0.4306203604590856,1.0
3540309,Pontes Gestal,SP,Sudeste,1,1,1.0,0.43189558687986496,1.0
3540408,Populina,SP,Sudeste,5,1,0.2,0.435021687484788,1.0
3540507,Porangaba,SP,Sudeste,16,10,0.625,0.4775033863055729,1.0
3540606,Porto Feliz,SP,Sudeste,54,17,0.3148148148148148,0.4536468897477287,1.0
3540705,Porto Ferreira,SP,Sudeste,49,25,0.5102040816326531,0.4598999548308763,1.0
3540754,Potim,SP,Sudeste,17,8,0.47058823529411764,0.4843918642878549,1.0
3540804,Potirendaba,SP,Sudeste,24,10,0.4166666666666667,0.45451126034504713,1.0
3540853,Pracinha,SP,Sudeste,1,0,0.0,0.4408727868090144,1.0
3540903,Pradópolis,SP,Sudeste,17,11,0.6470588235294118,0.45332841133153756,1.0
3541000,Praia Grande,SP,Sudeste,368,181,0.49184782608695654,0.4656395830900143,1.0
3541059,Pratânia,SP,Sudeste,7,4,0.5714285714285714,0.47073945140464524,1.0
3541109,Presidente Alves,SP,Sudeste,2,0,0.0,0.40457676655268104,1.0
3541208,Presidente Bernardes,SP,Sudeste,7,0,0.0,0.4321674113991933,1.0
3541307,Presidente Epitácio,SP,Sudeste,36,6,0.16666666666666666,0.4194807396609247,1.0
3541406,Presidente Prudente,SP,Sudeste,181,73,0.40331491712707185,0.44408551481201697,1.0
3541505,Presidente Venceslau,SP,Sudeste,22,7,0.3181818181818182,0.4462462568195399,1.0
3541604,Promissão,SP,Sudeste,37,11,0.2972972972972973,0.4523564665988549,1.0
3541653,Quadra,SP,Sudeste,4,3,0.75,0.4868848160756034,1.0
3541703,Quatá,SP,Sudeste,10,4,0.4,0.44418911258474514,1.0
3541901,Queluz,SP,Sudeste,14,5,0.35714285714285715,0.44148360844297085,1.0
3542008,Quintana,SP,Sudeste,4,2,0.5,0.4333528396616617,1.0
3542107,Rafard,SP,Sudeste,17,7,0.4117647058823529,0.4626612362303625,1.0
3542206,Rancharia,SP,Sudeste,36,20,0.5555555555555556,0.44075361369094157,1.0
3542305,Redenção da Serra,SP,Sudeste,4,2,0.5,0.46701828703689874,1.0
3542404,Regente Feijó,SP,Sudeste,22,9,0.4090909090909091,0.43169970826341897,1.0
3542503,Reginópolis,SP,Sudeste,5,0,0.0,0.4521918329956004,1.0
3542602,Registro,SP,Sudeste,61,22,0.36065573770491804,0.4495412919189654,1.0
3542701,Restinga,SP,Sudeste,10,5,0.5,0.4519516029975694,1.0
3542800,Ribeira,SP,Sudeste,1,1,1.0,0.39859934014650367,1.0
3542909,Ribeirão Bonito,SP,Sudeste,7,2,0.2857142857142857,0.45904098818831535,1.0
3543006,Ribeirão Branco,SP,Sudeste,22,10,0.45454545454545453,0.4695824877351298,1.0
3543105,Ribeirão Corrente,SP,Sudeste,6,1,0.16666666666666666,0.44967081770486717,1.0
3543204,Ribeirão do Sul,SP,Sudeste,4,2,0.5,0.44868275399391266,1.0
3543238,Ribeirão dos Índios,SP,Sudeste,1,0,0.0,0.40598603651486853,1.0
3543253,Ribeirão Grande,SP,Sudeste,11,4,0.36363636363636365,0.41802585730490277,1.0
3543303,Ribeirão Pires,SP,Sudeste,94,38,0.40425531914893614,0.4304232678386638,1.0
3543402,Ribeirão Preto,SP,Sudeste,481,207,0.4303534303534304,0.45733923503393653,1.0
3543501,Riversul,SP,Sudeste,9,3,0.3333333333333333,0.4500638578407236,1.0
3543709,Rincão,SP,Sudeste,6,3,0.5,0.44613786231098657,1.0
3543808,Rinópolis,SP,Sudeste,8,4,0.5,0.41196828750663894,1.0
3543907,Rio Claro,SP,Sudeste,169,82,0.48520710059171596,0.4462840427388128,1.0
3544004,Rio das Pedras,SP,Sudeste,33,14,0.42424242424242425,0.44931222384344094,1.0
3544103,Rio Grande da Serra,SP,Sudeste,39,11,0.28205128205128205,0.4144600800463307,1.0
3544202,Riolândia,SP,Sudeste,10,2,0.2,0.432648684346734,1.0
3544251,Rosana,SP,Sudeste,14,5,0.35714285714285715,0.4337332912334742,1.0
3544301,Roseira,SP,Sudeste,7,2,0.2857142857142857,0.4552984460834513,1.0
3544400,Rubiácea,SP,Sudeste,4,1,0.25,0.4324919869491938,1.0
3544509,Rubinéia,SP,Sudeste,3,1,0.3333333333333333,0.4369332800558372,1.0
3544608,Sabino,SP,Sudeste,2,1,0.5,0.44904269157408905,1.0
3544707,Sagres,SP,Sudeste,2,0,0.0,0.409433484713304,1.0
3544806,Sales,SP,Sudeste,6,1,0.16666666666666666,0.4130403430030188,1.0
3544905,Sales Oliveira,SP,Sudeste,10,6,0.6,0.442698944464599,1.0
3545001,Salesópolis,SP,Sudeste,16,5,0.3125,0.4305024564913271,1.0
3545100,Salmourão,SP,Sudeste,8,2,0.25,0.41241467045269375,1.0
3545159,Saltinho,SP,Sudeste,8,5,0.625,0.45713885015195477,1.0
3545209,Salto,SP,Sudeste,128,38,0.296875,0.4395709085392436,1.0
3545308,Salto de Pirapora,SP,Sudeste,43,21,0.4883720930232558,0.4489435566034696,1.0
3545407,Salto Grande,SP,Sudeste,7,2,0.2857142857142857,0.44871722647764756,1.0
3545506,Sandovalina,SP,Sudeste,5,0,0.0,0.4175489537214031,1.0
3545605,Santa Adélia,SP,Sudeste,18,9,0.5,0.44649569694905966,1.0
3545704,Santa Albertina,SP,Sudeste,6,4,0.6666666666666666,0.4424224298652207,1.0
3545803,Santa Bárbara d'Oeste,SP,Sudeste,181,55,0.30386740331491713,0.4439882194099741,1.0
3546009,Santa Branca,SP,Sudeste,14,11,0.7857142857142857,0.4589572419821323,1.0
3546108,Santa Clara d'Oeste,SP,Sudeste,2,0,0.0,0.4301579646969147,1.0
3546207,Santa Cruz da Conceição,SP,Sudeste,4,0,0.0,0.47726233118104033,1.0
3546256,Santa Cruz da Esperança,SP,Sudeste,3,2,0.6666666666666666,0.44612278716025716,1.0
3546306,Santa Cruz das Palmeiras,SP,Sudeste,32,14,0.4375,0.465893731467392,1.0
3546405,Santa Cruz do Rio Pardo,SP,Sudeste,35,10,0.2857142857142857,0.4418996579295029,1.0
3546504,Santa Ernestina,SP,Sudeste,5,0,0.0,0.4523263975472386,1.0
3546603,Santa Fé do Sul,SP,Sudeste,43,21,0.4883720930232558,0.43570973819329273,1.0
3546702,Santa Gertrudes,SP,Sudeste,30,9,0.3,0.4698427486176135,1.0
3546801,Santa Isabel,SP,Sudeste,64,21,0.328125,0.44224270784788644,1.0
3546900,Santa Lúcia,SP,Sudeste,15,8,0.5333333333333333,0.4411702281192428,1.0
3547007,Santa Maria da Serra,SP,Sudeste,7,2,0.2857142857142857,0.4773199794349431,1.0
3547106,Santa Mercedes,SP,Sudeste,4,0,0.0,0.4090457088183751,1.0
3547304,Santana de Parnaíba,SP,Sudeste,151,49,0.32450331125827814,0.5001967754737056,1.0
3547403,Santa Rita d'Oeste,SP,Sudeste,2,2,1.0,0.4033493718411547,1.0
3547502,Santa Rita do Passa Quatro,SP,Sudeste,21,8,0.38095238095238093,0.456854393672688,1.0
3547601,Santa Rosa de Viterbo,SP,Sudeste,24,9,0.375,0.4497179856774669,1.0
3547650,Santa Salete,SP,Sudeste,3,0,0.0,0.39106283214752957,1.0
3547700,Santo Anastácio,SP,Sudeste,11,3,0.2727272727272727,0.4424035856542084,1.0
3547809,Santo André,SP,Sudeste,446,164,0.36771300448430494,0.451084007909077,1.0
3547908,Santo Antônio da Alegria,SP,Sudeste,5,1,0.2,0.4827748631309561,1.0
3548005,Santo Antônio de Posse,SP,Sudeste,19,11,0.5789473684210527,0.4793218164773842,1.0
3548054,Santo Antônio do Aracanguá,SP,Sudeste,11,7,0.6363636363636364,0.4158721127593457,1.0
3548104,Santo Antônio do Jardim,SP,Sudeste,9,3,0.3333333333333333,0.45795566534718746,1.0
3548203,Santo Antônio do Pinhal,SP,Sudeste,8,3,0.375,0.44472940910740766,1.0
3548302,Santo Expedito,SP,Sudeste,4,0,0.0,0.41171018964150685,1.0
3548401,Santópolis do Aguapeí,SP,Sudeste,6,1,0.16666666666666666,0.4292818823180318,1.0
3548500,Santos,SP,Sudeste,211,109,0.5165876777251185,0.47444509223807546,1.0
3548609,São Bento do Sapucaí,SP,Sudeste,9,4,0.4444444444444444,0.44549910295986767,1.0
3548708,São Bernardo do Campo,SP,Sudeste,674,311,0.46142433234421365,0.45726176812313446,1.0
3548807,São Caetano do Sul,SP,Sudeste,103,37,0.3592233009708738,0.4921348114127694,1.0
3548906,São Carlos,SP,Sudeste,203,81,0.39901477832512317,0.4321994719024727,1.0
3549102,São João da Boa Vista,SP,Sudeste,78,22,0.28205128205128205,0.44659246532707375,1.0
3549201,São João das Duas Pontes,SP,Sudeste,1,0,0.0,0.437005524922337,1.0
3549250,São João de Iracema,SP,Sudeste,4,3,0.75,0.4071005296790965,1.0
3549300,São João do Pau d'Alho,SP,Sudeste,2,0,0.0,0.40607463029380286,1.0
3549409,São Joaquim da Barra,SP,Sudeste,47,16,0.3404255319148936,0.4324158536064554,1.0
3549508,São José da Bela Vista,SP,Sudeste,7,1,0.14285714285714285,0.4528327397401338,1.0
3549607,São José do Barreiro,SP,Sudeste,2,0,0.0,0.45628321913070957,1.0
3549706,São José do Rio Pardo,SP,Sudeste,46,19,0.41304347826086957,0.432299615679325,1.0
3549805,São José do Rio Preto,SP,Sudeste,325,144,0.4430769230769231,0.4597512782458676,1.0
3549904,São José dos Campos,SP,Sudeste,686,273,0.3979591836734694,0.44989446354457524,1.0
3549953,São Lourenço da Serra,SP,Sudeste,11,4,0.36363636363636365,0.4547809539382572,1.0
3550001,São Luís do Paraitinga,SP,Sudeste,12,4,0.3333333333333333,0.45272940518560684,1.0
3550100,São Manuel,SP,Sudeste,27,11,0.4074074074074074,0.4548219668936493,1.0
3550209,São Miguel Arcanjo,SP,Sudeste,29,6,0.20689655172413793,0.46894773762258757,1.0
3550308,São Paulo,SP,Sudeste,9524,4157,0.43647627047459053,0.37890072693665466,1.0
3550407,São Pedro,SP,Sudeste,38,20,0.5263157894736842,0.4587965517271078,1.0
3550506,São Pedro do Turvo,SP,Sudeste,5,0,0.0,0.45660376615450093,1.0
3550605,São Roque,SP,Sudeste,80,42,0.525,0.4634202144772588,1.0
3550704,São Sebastião,SP,Sudeste,86,47,0.5465116279069767,0.4200543578348078,1.0
3550803,São Sebastião da Grama,SP,Sudeste,11,4,0.36363636363636365,0.46837425276925154,1.0
3550902,São Simão,SP,Sudeste,12,3,0.25,0.4384866133363315,1.0
3551009,São Vicente,SP,Sudeste,329,158,0.48024316109422494,0.4503070357770621,1.0
3551108,Sarapuí,SP,Sudeste,12,5,0.4166666666666667,0.4623857135749783,1.0
3551207,Sarutaiá,SP,Sudeste,7,2,0.2857142857142857,0.45659109950999044,1.0
3551306,Sebastianópolis do Sul,SP,Sudeste,3,2,0.6666666666666666,0.424406632840199,1.0
3551405,Serra Azul,SP,Sudeste,9,6,0.6666666666666666,0.47905329211654674,1.0
3551504,Serrana,SP,Sudeste,53,29,0.5471698113207547,0.46409237553443516,1.0
3551603,Serra Negra,SP,Sudeste,23,9,0.391304347826087,0.421596233005312,1.0
3551702,Sertãozinho,SP,Sudeste,140,62,0.44285714285714284,0.46496574653219686,1.0
3551801,Sete Barras,SP,Sudeste,11,3,0.2727272727272727,0.46117205039044473,1.0
3551900,Severínia,SP,Sudeste,19,8,0.42105263157894735,0.44551705552914445,1.0
3552007,Silveiras,SP,Sudeste,6,3,0.5,0.4512313748363968,1.0
3552106,Socorro,SP,Sudeste,24,9,0.375,0.47327755491619206,1.0
3552205,Sorocaba,SP,Sudeste,584,261,0.4469178082191781,0.45166853305897425,1.0
3552304,Sud Mennucci,SP,Sudeste,7,3,0.42857142857142855,0.4388002542372161,1.0
3552403,Sumaré,SP,Sudeste,260,113,0.4346153846153846,0.44596845168329935,1.0
3552502,Suzano,SP,Sudeste,346,168,0.48554913294797686,0.42765754076178225,1.0
3552551,Suzanápolis,SP,Sudeste,2,0,0.0,0.43833868168237056,1.0
3552601,Tabapuã,SP,Sudeste,8,0,0.0,0.45446598701834173,1.0
3552700,Tabatinga,SP,Sudeste,18,6,0.3333333333333333,0.4565167358660464,1.0
3552809,Taboão da Serra,SP,Sudeste,248,122,0.49193548387096775,0.4530719302276461,1.0
3552908,Taciba,SP,Sudeste,12,4,0.3333333333333333,0.42677823154531236,1.0
3553005,Taguaí,SP,Sudeste,14,5,0.35714285714285715,0.4659615547431023,1.0
3553104,Taiaçu,SP,Sudeste,10,8,0.8,0.4464667077293005,1.0
3553203,Taiúva,SP,Sudeste,5,2,0.4,0.4311569438307036,1.0
3553302,Tambaú,SP,Sudeste,16,5,0.3125,0.47222250721187875,1.0
3553401,Tanabi,SP,Sudeste,24,6,0.25,0.45200322599605575,1.0
3553500,Tapiraí,SP,Sudeste,6,3,0.5,0.44923842153604454,1.0
3553609,Tapiratiba,SP,Sudeste,16,4,0.25,0.4380806609066017,1.0
3553708,Taquaritinga,SP,Sudeste,50,17,0.34,0.44720341126961766,1.0
3553807,Taquarituba,SP,Sudeste,21,12,0.5714285714285714,0.4703840531254827,1.0
3553856,Taquarivaí,SP,Sudeste,6,5,0.8333333333333334,0.46084169749893994,1.0
3553906,Tarabai,SP,Sudeste,7,3,0.42857142857142855,0.422806936512632,1.0
3553955,Tarumã,SP,Sudeste,17,2,0.11764705882352941,0.43765583630631244,1.0
3554003,Tatuí,SP,Sudeste,115,51,0.4434782608695652,0.46420151873781723,1.0
3554102,Taubaté,SP,Sudeste,206,84,0.4077669902912621,0.4479060530909589,1.0
3554201,Tejupá,SP,Sudeste,9,4,0.4444444444444444,0.4418233001105045,1.0
3554300,Teodoro Sampaio,SP,Sudeste,26,10,0.38461538461538464,0.42388552214582076,1.0
3554409,Terra Roxa,SP,Sudeste,6,1,0.16666666666666666,0.44709234392305436,1.0
3554508,Tietê,SP,Sudeste,23,10,0.43478260869565216,0.4580866062978328,1.0
3554607,Timburi,SP,Sudeste,3,1,0.3333333333333333,0.4454803476564215,1.0
3554656,Torre de Pedra,SP,Sudeste,2,2,1.0,0.4737439259666627,1.0
3554706,Torrinha,SP,Sudeste,6,2,0.3333333333333333,0.42908813634876064,1.0
3554755,Trabiju,SP,Sudeste,2,0,0.0,0.4271745707550779,1.0
3554805,Tremembé,SP,Sudeste,24,11,0.4583333333333333,0.453476122431231,1.0
3554904,Três Fronteiras,SP,Sudeste,10,2,0.2,0.4222114992795686,1.0
3554953,Tuiuti,SP,Sudeste,6,1,0.16666666666666666,0.4535994941585464,1.0
3555000,Tupã,SP,Sudeste,52,22,0.4230769230769231,0.43460189548568784,1.0
3555109,Tupi Paulista,SP,Sudeste,11,1,0.09090909090909091,0.4433511562912162,1.0
3555307,Turmalina,SP,Sudeste,2,1,0.5,0.4300408060510209,1.0
3555356,Ubarana,SP,Sudeste,8,3,0.375,0.45732531311821045,1.0
3555406,Ubatuba,SP,Sudeste,91,52,0.5714285714285714,0.4380478933239836,1.0
3555505,Ubirajara,SP,Sudeste,5,4,0.8,0.4352037545716304,1.0
3555604,Uchoa,SP,Sudeste,11,1,0.09090909090909091,0.46378937442098156,1.0
3555703,União Paulista,SP,Sudeste,1,0,0.0,0.37502932347564233,1.0
3555802,Urânia,SP,Sudeste,5,2,0.4,0.40937586752747634,1.0
3555901,Uru,SP,Sudeste,1,0,0.0,0.46351492705651787,1.0
3556008,Urupês,SP,Sudeste,14,4,0.2857142857142857,0.45805948317012757,1.0
3556107,Valentim Gentil,SP,Sudeste,16,2,0.125,0.45356308690702385,1.0
3556206,Valinhos,SP,Sudeste,96,49,0.5104166666666666,0.4800139634263976,1.0
3556305,Valparaíso,SP,Sudeste,33,11,0.3333333333333333,0.4645924333524831,1.0
3556354,Vargem,SP,Sudeste,7,2,0.2857142857142857,0.460491933393135,1.0
3556404,Vargem Grande do Sul,SP,Sudeste,36,13,0.3611111111111111,0.4627552069060582,1.0
3556453,Vargem Grande Paulista,SP,Sudeste,52,20,0.38461538461538464,0.4593884756085752,1.0
3556503,Várzea Paulista,SP,Sudeste,142,59,0.4154929577464789,0.4479186790771178,1.0
3556602,Vera Cruz,SP,Sudeste,7,5,0.7142857142857143,0.43180252472315617,1.0
3556701,Vinhedo,SP,Sudeste,68,28,0.4117647058823529,0.4740054717177115,1.0
3556800,Viradouro,SP,Sudeste,18,5,0.2777777777777778,0.4547976902401795,1.0
3556909,Vista Alegre do Alto,SP,Sudeste,5,3,0.6,0.44444965996844177,1.0
3556958,Vitória Brasil,SP,Sudeste,1,0,0.0,0.41508930979444947,1.0
3557006,Votorantim,SP,Sudeste,105,44,0.41904761904761906,0.4499109964443688,1.0
3557105,Votuporanga,SP,Sudeste,80,32,0.4,0.4429173789649978,1.0
3557154,Zacarias,SP,Sudeste,3,1,0.3333333333333333,0.4397618212626724,1.0
3557204,Chavantes,SP,Sudeste,12,7,0.5833333333333334,0.4480562043124008,1.0
3557303,Estiva Gerbi,SP,Sudeste,10,5,0.5,0.46047609555294455,1.0
4100103,Abatiá,PR,Sul,5,3,0.6,0.2299876300279855,0.0
4100202,Adrianópolis,PR,Sul,7,4,0.5714285714285714,0.21900810854110433,0.0
4100301,Agudos do Sul,PR,Sul,11,1,0.09090909090909091,0.28553745979307044,0.0
4100400,Almirante Tamandaré,PR,Sul,113,50,0.4424778761061947,0.2850121017600208,0.0
4100459,Altamira do Paraná,PR,Sul,2,0,0.0,0.241627629721893,0.0
4100509,Altônia,PR,Sul,16,6,0.375,0.23967943698064498,0.0
4100608,Alto Paraná,PR,Sul,16,6,0.375,0.2569663292964445,0.0
4100707,Alto Piquiri,PR,Sul,12,8,0.6666666666666666,0.25262823810152024,0.0
4100806,Alvorada do Sul,PR,Sul,9,1,0.1111111111111111,0.25778581104331566,0.0
4100905,Amaporã,PR,Sul,9,2,0.2222222222222222,0.24666097239464835,0.0
4101002,Ampére,PR,Sul,19,4,0.21052631578947367,0.26565225638163825,0.0
4101051,Anahy,PR,Sul,3,0,0.0,0.24878066027284207,0.0
4101101,Andirá,PR,Sul,18,6,0.3333333333333333,0.24439043123122717,0.0
4101150,Ângulo,PR,Sul,4,1,0.25,0.24139007846414828,0.0
4101200,Antonina,PR,Sul,19,6,0.3157894736842105,0.27193817023699907,0.0
4101309,Antônio Olinto,PR,Sul,10,1,0.1,0.2959611081635921,0.0
4101408,Apucarana,PR,Sul,117,23,0.19658119658119658,0.2621905734616993,0.0
4101507,Arapongas,PR,Sul,135,38,0.2814814814814815,0.27027600757746006,0.0
4101606,Arapoti,PR,Sul,40,14,0.35,0.2630789868840272,0.0
4101655,Arapuã,PR,Sul,8,1,0.125,0.2240416529255449,0.0
4101705,Araruna,PR,Sul,25,9,0.36,0.2573284195100193,0.0
4101804,Araucária,PR,Sul,186,71,0.3817204301075269,0.2798638415900312,0.0
4101853,Ariranha do Ivaí,PR,Sul,2,0,0.0,0.23912318029727608,0.0
4101903,Assaí,PR,Sul,16,1,0.0625,0.24987961629360056,0.0
4102000,Assis Chateaubriand,PR,Sul,43,6,0.13953488372093023,0.2559705631760828,0.0
4102109,Astorga,PR,Sul,22,4,0.18181818181818182,0.2558191539393929,0.0
4102208,Atalaia,PR,Sul,7,1,0.14285714285714285,0.23825808452145858,0.0
4102307,Balsa Nova,PR,Sul,27,7,0.25925925925925924,0.29740975478683507,0.0
4102406,Bandeirantes,PR,Sul,42,17,0.40476190476190477,0.25124590636748534,0.0
4102505,Barbosa Ferraz,PR,Sul,7,2,0.2857142857142857,0.22890883285637317,0.0
4102604,Barracão,PR,Sul,12,0,0.0,0.269514326296011,0.0
4102703,Barra do Jacaré,PR,Sul,3,1,0.3333333333333333,0.21170716837756198,0.0
4102752,Bela Vista da Caroba,PR,Sul,3,1,0.3333333333333333,0.2468769459581278,0.0
4102802,Bela Vista do Paraíso,PR,Sul,16,10,0.625,0.2485332142396952,0.0
4102901,Bituruna,PR,Sul,22,4,0.18181818181818182,0.2772878625059697,0.0
4103008,Boa Esperança,PR,Sul,4,0,0.0,0.23193216092075952,0.0
4103024,Boa Esperança do Iguaçu,PR,Sul,1,0,0.0,0.2527647094958311,0.0
4103040,Boa Ventura de São Roque,PR,Sul,7,4,0.5714285714285714,0.2585090337643249,0.0
4103057,Boa Vista da Aparecida,PR,Sul,6,2,0.3333333333333333,0.24588317369685564,0.0
4103107,Bocaiúva do Sul,PR,Sul,28,11,0.39285714285714285,0.29773910255790936,0.0
4103156,Bom Jesus do Sul,PR,Sul,3,1,0.3333333333333333,0.25188364026122234,0.0
4103206,Bom Sucesso,PR,Sul,11,2,0.18181818181818182,0.24947094629235103,0.0
4103222,Bom Sucesso do Sul,PR,Sul,5,1,0.2,0.26712671405684607,0.0
4103305,Borrazópolis,PR,Sul,8,1,0.125,0.23990082989920514,0.0
4103354,Braganey,PR,Sul,1,0,0.0,0.24226244711600142,0.0
4103370,Brasilândia do Sul,PR,Sul,2,0,0.0,0.24397681102325752,0.0
4103404,Cafeara,PR,Sul,4,1,0.25,0.23674743027637135,0.0
4103453,Cafelândia,PR,Sul,36,11,0.3055555555555556,0.2639667945872709,0.0
4103479,Cafezal do Sul,PR,Sul,3,1,0.3333333333333333,0.23743539385841184,0.0
4103503,Califórnia,PR,Sul,16,4,0.25,0.25796012473806107,0.0
4103602,Cambará,PR,Sul,21,6,0.2857142857142857,0.2587106905162565,0.0
4103701,Cambé,PR,Sul,110,31,0.2818181818181818,0.2643505457871047,0.0
4103800,Cambira,PR,Sul,11,1,0.09090909090909091,0.2497286223335199,0.0
4103909,Campina da Lagoa,PR,Sul,23,3,0.13043478260869565,0.23980807456504002,0.0
4103958,Campina do Simão,PR,Sul,6,0,0.0,0.27371431988336525,0.0
4104006,Campina Grande do Sul,PR,Sul,70,22,0.3142857142857143,0.26819808460159666,0.0
4104055,Campo Bonito,PR,Sul,2,0,0.0,0.2538185075064805,0.0
4104105,Campo do Tenente,PR,Sul,7,3,0.42857142857142855,0.2670361744124805,0.0
4104204,Campo Largo,PR,Sul,181,52,0.287292817679558,0.2672086774101905,0.0
4104253,Campo Magro,PR,Sul,40,16,0.4,0.27647014625620403,0.0
4104303,Campo Mourão,PR,Sul,106,25,0.2358490566037736,0.25114202450816236,0.0
4104402,Cândido de Abreu,PR,Sul,8,2,0.25,0.268670783630538,0.0
4104428,Candói,PR,Sul,24,12,0.5,0.30068016097753747,0.0
4104451,Cantagalo,PR,Sul,20,6,0.3,0.302221097915242,0.0
4104501,Capanema,PR,Sul,17,1,0.058823529411764705,0.27586243849322356,0.0
4104600,Capitão Leônidas Marques,PR,Sul,21,3,0.14285714285714285,0.2503925306460514,0.0
4104659,Carambeí,PR,Sul,27,7,0.25925925925925924,0.27179404100593796,0.0
4104709,Carlópolis,PR,Sul,14,5,0.35714285714285715,0.26128861867047415,0.0
4104808,Cascavel,PR,Sul,346,84,0.24277456647398843,0.2573837270691013,0.0
4104907,Castro,PR,Sul,80,20,0.25,0.26755914929867897,0.0
4105003,Catanduvas,PR,Sul,9,3,0.3333333333333333,0.24655681357884351,0.0
4105102,Centenário do Sul,PR,Sul,14,4,0.2857142857142857,0.2622132616806331,0.0
4105201,Cerro Azul,PR,Sul,19,9,0.47368421052631576,0.2767668921530988,0.0
4105300,Céu Azul,PR,Sul,9,3,0.3333333333333333,0.26799649765549327,0.0
4105409,Chopinzinho,PR,Sul,25,3,0.12,0.251644589873402,0.0
4105508,Cianorte,PR,Sul,94,20,0.2127659574468085,0.26162177083167537,0.0
4105607,Cidade Gaúcha,PR,Sul,13,3,0.23076923076923078,0.2467023972580087,0.0
4105706,Clevelândia,PR,Sul,19,7,0.3684210526315789,0.2661821182601929,0.0
4105805,Colombo,PR,Sul,336,133,0.3958333333333333,0.2702643738226219,0.0
4105904,Colorado,PR,Sul,24,6,0.25,0.26291577460837023,0.0
4106001,Congonhinhas,PR,Sul,6,4,0.6666666666666666,0.22732789137145926,0.0
4106100,Conselheiro Mairinck,PR,Sul,5,2,0.4,0.25127374094907207,0.0
4106209,Contenda,PR,Sul,35,7,0.2,0.30571731572606264,0.0
4106308,Corbélia,PR,Sul,27,3,0.1111111111111111,0.25569246043910243,0.0
4106407,Cornélio Procópio,PR,Sul,44,6,0.13636363636363635,0.25312634893674313,0.0
4106456,Coronel Domingos Soares,PR,Sul,13,6,0.46153846153846156,0.3146825878853373,0.0
4106506,Coronel Vivida,PR,Sul,25,5,0.2,0.25786729437309974,0.0
4106555,Corumbataí do Sul,PR,Sul,5,1,0.2,0.23242517369759116,0.0
4106571,Cruzeiro do Iguaçu,PR,Sul,9,2,0.2222222222222222,0.2385708347386042,0.0
4106605,Cruzeiro do Oeste,PR,Sul,23,5,0.21739130434782608,0.24015790385561053,0.0
4106704,Cruzeiro do Sul,PR,Sul,1,1,1.0,0.23686776130771003,0.0
4106803,Cruz Machado,PR,Sul,18,4,0.2222222222222222,0.2847991372117331,0.0
4106852,Cruzmaltina,PR,Sul,3,0,0.0,0.22764371998884336,0.0
4106902,Curitiba,PR,Sul,1280,421,0.32890625,0.27021576637365063,0.0
4107009,Curiúva,PR,Sul,19,9,0.47368421052631576,0.2587025441247387,0.0
4107108,Diamante do Norte,PR,Sul,9,1,0.1111111111111111,0.23662288564450662,0.0
4107124,Diamante do Sul,PR,Sul,4,0,0.0,0.25701593558045355,0.0
4107157,Diamante D'Oeste,PR,Sul,10,2,0.2,0.24912329051600998,0.0
4107207,Dois Vizinhos,PR,Sul,46,9,0.1956521739130435,0.24089392153411496,0.0
4107256,Douradina,PR,Sul,20,5,0.25,0.2514537198807578,0.0
4107306,Doutor Camargo,PR,Sul,9,3,0.3333333333333333,0.23786762825784036,0.0
4107405,Enéas Marques,PR,Sul,5,0,0.0,0.24600748918469603,0.0
4107504,Engenheiro Beltrão,PR,Sul,16,3,0.1875,0.23904626820153463,0.0
4107520,Esperança Nova,PR,Sul,4,2,0.5,0.2539539495742581,0.0
4107538,Entre Rios do Oeste,PR,Sul,11,1,0.09090909090909091,0.28224803491738093,0.0
4107546,Espigão Alto do Iguaçu,PR,Sul,9,0,0.0,0.2625000447247696,0.0
4107553,Farol,PR,Sul,4,0,0.0,0.21589985744586693,0.0
4107603,Faxinal,PR,Sul,20,3,0.15,0.2519090630635281,0.0
4107652,Fazenda Rio Grande,PR,Sul,187,69,0.3689839572192513,0.2816998191829959,0.0
4107702,Fênix,PR,Sul,3,1,0.3333333333333333,0.22731018072295528,0.0
4107736,Fernandes Pinheiro,PR,Sul,5,0,0.0,0.2929715624100222,0.0
4107751,Figueira,PR,Sul,9,2,0.2222222222222222,0.2541313605439601,0.0
4107801,Floraí,PR,Sul,7,1,0.14285714285714285,0.2506009517947303,0.0
4107850,Flor da Serra do Sul,PR,Sul,10,2,0.2,0.2625759411968014,0.0
4107900,Floresta,PR,Sul,9,1,0.1111111111111111,0.2603044712081458,0.0
4108007,Florestópolis,PR,Sul,15,7,0.4666666666666667,0.24475329586664285,0.0
4108106,Flórida,PR,Sul,1,0,0.0,0.24458202624172865,0.0
4108205,Formosa do Oeste,PR,Sul,2,0,0.0,0.23920399626392475,0.0
4108304,Foz do Iguaçu,PR,Sul,278,80,0.28776978417266186,0.2628910004515612,0.0
4108320,Francisco Alves,PR,Sul,5,1,0.2,0.24739926113795496,0.0
4108403,Francisco Beltrão,PR,Sul,115,31,0.26956521739130435,0.25064312902563113,0.0
4108452,Foz do Jordão,PR,Sul,7,2,0.2857142857142857,0.2915160541847007,0.0
4108502,General Carneiro,PR,Sul,12,4,0.3333333333333333,0.2833569836934947,0.0
4108601,Goioerê,PR,Sul,28,9,0.32142857142857145,0.24489186645143088,0.0
4108650,Goioxim,PR,Sul,6,0,0.0,0.27657715656330817,0.0
4108700,Grandes Rios,PR,Sul,5,2,0.4,0.23650964948097752,0.0
4108809,Guaíra,PR,Sul,35,11,0.3142857142857143,0.26056698801635936,0.0
4108908,Guairaçá,PR,Sul,7,2,0.2857142857142857,0.2441724632336896,0.0
4108957,Guamiranga,PR,Sul,12,4,0.3333333333333333,0.2869703307838235,0.0
4109005,Guapirama,PR,Sul,6,3,0.5,0.23972893174004828,0.0
4109104,Guaporema,PR,Sul,2,1,0.5,0.22988187683709804,0.0
4109203,Guaraci,PR,Sul,5,2,0.4,0.2551207877315591,0.0
4109302,Guaraniaçu,PR,Sul,19,6,0.3157894736842105,0.27224073756439393,0.0
4109401,Guarapuava,PR,Sul,198,67,0.3383838383838384,0.2703175006610147,0.0
4109500,Guaraqueçaba,PR,Sul,2,1,0.5,0.2702475622513788,0.0
4109609,Guaratuba,PR,Sul,67,24,0.3582089552238806,0.2834349342539886,0.0
4109658,Honório Serpa,PR,Sul,3,2,0.6666666666666666,0.2621353478328118,0.0
4109708,Ibaiti,PR,Sul,24,6,0.25,0.25679957596895453,0.0
4109757,Ibema,PR,Sul,10,3,0.3,0.25423217588425606,0.0
4109807,Ibiporã,PR,Sul,64,20,0.3125,0.2640773734316961,0.0
4109906,Icaraíma,PR,Sul,10,2,0.2,0.26222420555863835,0.0
4110003,Iguaraçu,PR,Sul,8,7,0.875,0.22480352815373883,0.0
4110052,Iguatu,PR,Sul,3,2,0.6666666666666666,0.2404486308816577,0.0
4110078,Imbaú,PR,Sul,21,3,0.14285714285714285,0.2614458486694584,0.0
4110102,Imbituva,PR,Sul,49,14,0.2857142857142857,0.31244564021876575,0.0
4110201,Inácio Martins,PR,Sul,12,4,0.3333333333333333,0.31324352596601857,0.0
4110300,Inajá,PR,Sul,6,2,0.3333333333333333,0.23138512923075139,0.0
4110409,Indianópolis,PR,Sul,6,1,0.16666666666666666,0.2465113897147545,0.0
4110508,Ipiranga,PR,Sul,18,2,0.1111111111111111,0.3050924989799273,0.0
4110607,Iporã,PR,Sul,9,2,0.2222222222222222,0.24815913114411392,0.0
4110656,Iracema do Oeste,PR,Sul,3,1,0.3333333333333333,0.21953753177966284,0.0
4110706,Irati,PR,Sul,70,8,0.11428571428571428,0.2773333921678115,0.0
4110805,Iretama,PR,Sul,14,4,0.2857142857142857,0.24618074797889258,0.0
4110904,Itaguajé,PR,Sul,7,1,0.14285714285714285,0.24202919939236903,0.0
4110953,Itaipulândia,PR,Sul,17,3,0.17647058823529413,0.2737634542103271,0.0
4111001,Itambaracá,PR,Sul,7,2,0.2857142857142857,0.23362538287387466,0.0
4111100,Itambé,PR,Sul,6,2,0.3333333333333333,0.22083317752102327,0.0
4111209,Itapejara d'Oeste,PR,Sul,18,0,0.0,0.25464117085261206,0.0
4111258,Itaperuçu,PR,Sul,42,21,0.5,0.2865524760783307,0.0
4111308,Itaúna do Sul,PR,Sul,2,2,1.0,0.2343719988309969,0.0
4111407,Ivaí,PR,Sul,11,2,0.18181818181818182,0.29715009118105773,0.0
4111506,Ivaiporã,PR,Sul,24,5,0.20833333333333334,0.23746880194367037,0.0
4111555,Ivaté,PR,Sul,8,1,0.125,0.24616596253811818,0.0
4111605,Ivatuba,PR,Sul,2,1,0.5,0.23079597304172306,0.0
4111704,Jaboti,PR,Sul,7,2,0.2857142857142857,0.24034806028488123,0.0
4111803,Jacarezinho,PR,Sul,43,28,0.6511627906976745,0.24811595243873494,0.0
4111902,Jaguapitã,PR,Sul,15,6,0.4,0.2528120902560532,0.0
4112009,Jaguariaíva,PR,Sul,40,8,0.2,0.24650660803172367,0.0
4112108,Jandaia do Sul,PR,Sul,18,6,0.3333333333333333,0.25499464899205193,0.0
4112207,Janiópolis,PR,Sul,5,1,0.2,0.22229096012230665,0.0
4112306,Japira,PR,Sul,4,1,0.25,0.24685481422564626,0.0
4112405,Japurá,PR,Sul,13,3,0.23076923076923078,0.2594779210173803,0.0
4112504,Jardim Alegre,PR,Sul,5,0,0.0,0.23921643962809017,0.0
4112702,Jataizinho,PR,Sul,14,6,0.42857142857142855,0.26260787013959097,0.0
4112751,Jesuítas,PR,Sul,4,0,0.0,0.25131643404726556,0.0
4112801,Joaquim Távora,PR,Sul,10,3,0.3,0.26934340984251326,0.0
4112900,Jundiaí do Sul,PR,Sul,5,1,0.2,0.23980085247277327,0.0
4112959,Juranda,PR,Sul,4,2,0.5,0.24260494103557106,0.0
4113007,Jussara,PR,Sul,10,3,0.3,0.27020357319698074,0.0
4113106,Kaloré,PR,Sul,2,0,0.0,0.23477859825747616,0.0
4113205,Lapa,PR,Sul,56,13,0.23214285714285715,0.27968248851074495,0.0
4113254,Laranjal,PR,Sul,9,5,0.5555555555555556,0.28315798736951936,0.0
4113304,Laranjeiras do Sul,PR,Sul,34,10,0.29411764705882354,0.2725098328473604,0.0
4113403,Leópolis,PR,Sul,3,0,0.0,0.23708059918106628,0.0
4113429,Lidianópolis,PR,Sul,5,1,0.2,0.2269626475356387,0.0
4113452,Lindoeste,PR,Sul,7,0,0.0,0.2501641972305362,0.0
4113502,Loanda,PR,Sul,33,11,0.3333333333333333,0.26175800856514253,0.0
4113601,Lobato,PR,Sul,5,1,0.2,0.22982121034772596,0.0
4113700,Londrina,PR,Sul,458,94,0.2052401746724891,0.26409351075616894,0.0
4113734,Luiziana,PR,Sul,12,0,0.0,0.2525467759295926,0.0
4113759,Lunardelli,PR,Sul,9,2,0.2222222222222222,0.22544459308254583,0.0
4113809,Lupionópolis,PR,Sul,3,2,0.6666666666666666,0.253637073878639,0.0
4113908,Mallet,PR,Sul,19,2,0.10526315789473684,0.29234820661579974,0.0
4114005,Mamborê,PR,Sul,17,3,0.17647058823529413,0.24320075908135189,0.0
4114104,Mandaguaçu,PR,Sul,27,15,0.5555555555555556,0.2597477370894342,0.0
4114203,Mandaguari,PR,Sul,33,5,0.15151515151515152,0.2542705080236882,0.0
4114302,Mandirituba,PR,Sul,41,15,0.36585365853658536,0.3071963051141977,0.0
4114351,Manfrinópolis,PR,Sul,5,0,0.0,0.26272424456500465,0.0
4114401,Mangueirinha,PR,Sul,18,7,0.3888888888888889,0.27073891354844204,0.0
4114500,Manoel Ribas,PR,Sul,5,2,0.4,0.23425054144601187,0.0
4114609,Marechal Cândido Rondon,PR,Sul,62,14,0.22580645161290322,0.2698154528029134,0.0
4114708,Maria Helena,PR,Sul,4,2,0.5,0.23277224288144627,0.0
4114807,Marialva,PR,Sul,54,16,0.2962962962962963,0.25949355385091855,0.0
4114906,Marilândia do Sul,PR,Sul,13,0,0.0,0.25720354758979647,0.0
4115002,Marilena,PR,Sul,8,2,0.25,0.245414971484198,0.0
4115101,Mariluz,PR,Sul,9,5,0.5555555555555556,0.25609144378484705,0.0
4115200,Maringá,PR,Sul,349,73,0.20916905444126074,0.25827243992422183,0.0
4115309,Mariópolis,PR,Sul,8,3,0.375,0.2812124217086721,0.0
4115358,Maripá,PR,Sul,13,1,0.07692307692307693,0.2598016955103497,0.0
4115408,Marmeleiro,PR,Sul,14,2,0.14285714285714285,0.2619706469851658,0.0
4115457,Marquinho,PR,Sul,7,1,0.14285714285714285,0.28340206016442027,0.0
4115507,Marumbi,PR,Sul,6,2,0.3333333333333333,0.23012343154324633,0.0
4115606,Matelândia,PR,Sul,24,4,0.16666666666666666,0.2661033542647301,0.0
4115705,Matinhos,PR,Sul,48,11,0.22916666666666666,0.27144375728637005,0.0
4115739,Mato Rico,PR,Sul,4,0,0.0,0.243662001564679,0.0
4115754,Mauá da Serra,PR,Sul,21,2,0.09523809523809523,0.2650502001756785,0.0
4115804,Medianeira,PR,Sul,64,12,0.1875,0.26019853329003784,0.0
4115853,Mercedes,PR,Sul,10,3,0.3,0.2643447291021215,0.0
4115903,Mirador,PR,Sul,2,1,0.5,0.24419152124775267,0.0
4116000,Miraselva,PR,Sul,5,2,0.4,0.22587217562127168,0.0
4116059,Missal,PR,Sul,20,6,0.3,0.26351983829908066,0.0
4116109,Moreira Sales,PR,Sul,10,2,0.2,0.24383623238221688,0.0
4116208,Morretes,PR,Sul,19,9,0.47368421052631576,0.2839489827303968,0.0
4116307,Munhoz de Melo,PR,Sul,6,0,0.0,0.23843513724024346,0.0
4116406,Nossa Senhora das Graças,PR,Sul,7,1,0.14285714285714285,0.2391709373538212,0.0
4116505,Nova Aliança do Ivaí,PR,Sul,1,1,1.0,0.2375287115552579,0.0
4116604,Nova América da Colina,PR,Sul,1,1,1.0,0.23553021504706262,0.0
4116703,Nova Aurora,PR,Sul,12,2,0.16666666666666666,0.27509237321834334,0.0
4116802,Nova Cantu,PR,Sul,8,2,0.25,0.2373669046576563,0.0
4116901,Nova Esperança,PR,Sul,12,1,0.08333333333333333,0.25715413953271393,0.0
4116950,Nova Esperança do Sudoeste,PR,Sul,5,1,0.2,0.250125536064432,0.0
4117008,Nova Fátima,PR,Sul,5,0,0.0,0.26034687157513625,0.0
4117057,Nova Laranjeiras,PR,Sul,7,4,0.5714285714285714,0.2610952229948643,0.0
4117107,Nova Londrina,PR,Sul,11,2,0.18181818181818182,0.2391660342045947,0.0
4117206,Nova Olímpia,PR,Sul,7,1,0.14285714285714285,0.23992577218632483,0.0
4117214,Nova Santa Bárbara,PR,Sul,2,1,0.5,0.23425702068074883,0.0
4117222,Nova Santa Rosa,PR,Sul,12,3,0.25,0.2816097339044057,0.0
4117255,Nova Prata do Iguaçu,PR,Sul,14,5,0.35714285714285715,0.25194301519955753,0.0
4117271,Nova Tebas,PR,Sul,4,1,0.25,0.24220374301705716,0.0
4117297,Novo Itacolomi,PR,Sul,3,1,0.3333333333333333,0.23657348243133458,0.0
4117305,Ortigueira,PR,Sul,27,9,0.3333333333333333,0.2631038515249051,0.0
4117404,Ourizona,PR,Sul,3,0,0.0,0.2602578396369485,0.0
4117453,Ouro Verde do Oeste,PR,Sul,4,0,0.0,0.25344810276927854,0.0
4117503,Paiçandu,PR,Sul,63,28,0.4444444444444444,0.26371458831153693,0.0
4117602,Palmas,PR,Sul,65,34,0.5230769230769231,0.2949010406963348,0.0
4117701,Palmeira,PR,Sul,32,11,0.34375,0.2887271645827001,0.0
4117800,Palmital,PR,Sul,10,4,0.4,0.2710354847582981,0.0
4117909,Palotina,PR,Sul,44,13,0.29545454545454547,0.25489103373500166,0.0
4118006,Paraíso do Norte,PR,Sul,16,4,0.25,0.24938215489387794,0.0
4118105,Paranacity,PR,Sul,15,4,0.26666666666666666,0.24326980523319605,0.0
4118204,Paranaguá,PR,Sul,120,49,0.4083333333333333,0.26809096616401307,0.0
4118303,Paranapoema,PR,Sul,1,0,0.0,0.23647772799295896,0.0
4118402,Paranavaí,PR,Sul,95,22,0.23157894736842105,0.24929188998642993,0.0
4118451,Pato Bragado,PR,Sul,8,0,0.0,0.2763277073356868,0.0
4118501,Pato Branco,PR,Sul,100,30,0.3,0.2576274673312001,0.0
4118600,Paula Freitas,PR,Sul,9,3,0.3333333333333333,0.2750005879195967,0.0
4118709,Paulo Frontin,PR,Sul,8,0,0.0,0.28638347686811294,0.0
4118808,Peabiru,PR,Sul,20,4,0.2,0.2527196112963541,0.0
4118857,Perobal,PR,Sul,8,2,0.25,0.23403533766503504,0.0
4118907,Pérola,PR,Sul,17,6,0.35294117647058826,0.263329358003063,0.0
4119004,Pérola d'Oeste,PR,Sul,5,2,0.4,0.2459676852332322,0.0
4119103,Piên,PR,Sul,15,3,0.2,0.2948684371423319,0.0
4119152,Pinhais,PR,Sul,132,62,0.4696969696969697,0.2803105320006467,0.0
4119202,Pinhalão,PR,Sul,8,2,0.25,0.2496294877402916,0.0
4119251,Pinhal de São Bento,PR,Sul,4,0,0.0,0.2530259384959457,0.0
4119301,Pinhão,PR,Sul,45,18,0.4,0.26775070098480525,0.0
4119400,Piraí do Sul,PR,Sul,25,7,0.28,0.2681053035131108,0.0
4119509,Piraquara,PR,Sul,125,60,0.48,0.28691118193092513,0.0
4119608,Pitanga,PR,Sul,35,6,0.17142857142857143,0.25578594766736407,0.0
4119657,Pitangueiras,PR,Sul,4,1,0.25,0.22962980060081695,0.0
4119707,Planaltina do Paraná,PR,Sul,3,1,0.3333333333333333,0.23018777203764407,0.0
4119806,Planalto,PR,Sul,4,0,0.0,0.2637253686264941,0.0
4119905,Ponta Grossa,PR,Sul,313,79,0.2523961661341853,0.26646481099082275,0.0
4119954,Pontal do Paraná,PR,Sul,54,19,0.35185185185185186,0.274217644252414,0.0
4120002,Porecatu,PR,Sul,8,0,0.0,0.24800933303849115,0.0
4120101,Porto Amazonas,PR,Sul,7,3,0.42857142857142855,0.2829710488509889,0.0
4120150,Porto Barreiro,PR,Sul,2,0,0.0,0.25096878144449275,0.0
4120200,Porto Rico,PR,Sul,7,2,0.2857142857142857,0.22215466140975262,0.0
4120309,Porto Vitória,PR,Sul,3,1,0.3333333333333333,0.28228047114371047,0.0
4120333,Prado Ferreira,PR,Sul,3,1,0.3333333333333333,0.24341982363809767,0.0
4120358,Pranchita,PR,Sul,7,2,0.2857142857142857,0.23866472157346275,0.0
4120408,Presidente Castelo Branco,PR,Sul,6,2,0.3333333333333333,0.24049113875546158,0.0
4120507,Primeiro de Maio,PR,Sul,15,6,0.4,0.2546285975345941,0.0
4120606,Prudentópolis,PR,Sul,51,12,0.23529411764705882,0.28798465539139884,0.0
4120655,Quarto Centenário,PR,Sul,3,1,0.3333333333333333,0.24515393214037606,0.0
4120705,Quatiguá,PR,Sul,10,2,0.2,0.25860913108941386,0.0
4120804,Quatro Barras,PR,Sul,33,12,0.36363636363636365,0.272409518494516,0.0
4120853,Quatro Pontes,PR,Sul,7,2,0.2857142857142857,0.27525966467760776,0.0
4120903,Quedas do Iguaçu,PR,Sul,35,16,0.45714285714285713,0.26788697681621126,0.0
4121000,Querência do Norte,PR,Sul,13,5,0.38461538461538464,0.2361629840005438,0.0
4121109,Quinta do Sol,PR,Sul,5,0,0.0,0.21908395381444534,0.0
4121208,Quitandinha,PR,Sul,20,6,0.3,0.27951394998264256,0.0
4121257,Ramilândia,PR,Sul,4,1,0.25,0.27233200504580524,0.0
4121307,Rancho Alegre,PR,Sul,6,1,0.16666666666666666,0.2510014219274014,0.0
4121356,Rancho Alegre D'Oeste,PR,Sul,3,1,0.3333333333333333,0.2340495959419432,0.0
4121406,Realeza,PR,Sul,23,7,0.30434782608695654,0.2556654248519892,0.0
4121505,Rebouças,PR,Sul,17,2,0.11764705882352941,0.2906461624431663,0.0
4121604,Renascença,PR,Sul,10,0,0.0,0.253180799460042,0.0
4121703,Reserva,PR,Sul,35,8,0.22857142857142856,0.28639026740815243,0.0
4121752,Reserva do Iguaçu,PR,Sul,8,2,0.25,0.2714339486145696,0.0
4121802,Ribeirão Claro,PR,Sul,8,1,0.125,0.2575716734296941,0.0
4121901,Ribeirão do Pinhal,PR,Sul,23,2,0.08695652173913043,0.23141400953092828,0.0
4122008,Rio Azul,PR,Sul,18,1,0.05555555555555555,0.31322216337304887,0.0
4122107,Rio Bom,PR,Sul,3,0,0.0,0.24398332635941344,0.0
4122156,Rio Bonito do Iguaçu,PR,Sul,17,4,0.23529411764705882,0.28828999452940407,0.0
4122172,Rio Branco do Ivaí,PR,Sul,7,3,0.42857142857142855,0.2585268492560081,0.0
4122206,Rio Branco do Sul,PR,Sul,41,15,0.36585365853658536,0.25562063482945885,0.0
4122305,Rio Negro,PR,Sul,39,2,0.05128205128205128,0.25943534496078524,0.0
4122404,Rolândia,PR,Sul,80,21,0.2625,0.26893209288578157,0.0
4122503,Roncador,PR,Sul,14,5,0.35714285714285715,0.23801517647970583,0.0
4122602,Rondon,PR,Sul,14,8,0.5714285714285714,0.2562220290283628,0.0
4122651,Rosário do Ivaí,PR,Sul,3,0,0.0,0.22028900496397652,0.0
4122701,Sabáudia,PR,Sul,20,2,0.1,0.23443341909947576,0.0
4122800,Salgado Filho,PR,Sul,4,0,0.0,0.2532537358796111,0.0
4122909,Salto do Itararé,PR,Sul,10,1,0.1,0.22548361431117647,0.0
4123006,Salto do Lontra,PR,Sul,9,3,0.3333333333333333,0.2515149508715179,0.0
4123105,Santa Amélia,PR,Sul,3,0,0.0,0.2759424462122444,0.0
4123204,Santa Cecília do Pavão,PR,Sul,2,1,0.5,0.20756391043115974,0.0
4123303,Santa Cruz de Monte Castelo,PR,Sul,11,3,0.2727272727272727,0.22906497825508543,0.0
4123402,Santa Fé,PR,Sul,15,5,0.3333333333333333,0.2691194458076672,0.0
4123501,Santa Helena,PR,Sul,30,12,0.4,0.2537673920319836,0.0
4123600,Santa Inês,PR,Sul,2,0,0.0,0.23159193375799436,0.0
4123709,Santa Isabel do Ivaí,PR,Sul,9,2,0.2222222222222222,0.23749565964502206,0.0
4123808,Santa Izabel do Oeste,PR,Sul,18,2,0.1111111111111111,0.2592644034904953,0.0
4123824,Santa Lúcia,PR,Sul,3,1,0.3333333333333333,0.2432576573841415,0.0
4123857,Santa Maria do Oeste,PR,Sul,15,5,0.3333333333333333,0.28115024996657356,0.0
4123907,Santa Mariana,PR,Sul,12,2,0.16666666666666666,0.24244623135278276,0.0
4123956,Santa Mônica,PR,Sul,5,0,0.0,0.23916690961702383,0.0
4124004,Santana do Itararé,PR,Sul,3,2,0.6666666666666666,0.2271118168041968,0.0
4124020,Santa Tereza do Oeste,PR,Sul,23,5,0.21739130434782608,0.26777986701137335,0.0
4124053,Santa Terezinha de Itaipu,PR,Sul,26,5,0.19230769230769232,0.2547809658186101,0.0
4124103,Santo Antônio da Platina,PR,Sul,59,22,0.3728813559322034,0.25821177861731337,0.0
4124202,Santo Antônio do Caiuá,PR,Sul,4,0,0.0,0.23523659110782635,0.0
4124301,Santo Antônio do Paraíso,PR,Sul,5,1,0.2,0.23421032039393674,0.0
4124400,Santo Antônio do Sudoeste,PR,Sul,29,7,0.2413793103448276,0.2727125977789072,0.0
4124509,Santo Inácio,PR,Sul,9,1,0.1111111111111111,0.2491205887885809,0.0
4124608,São Carlos do Ivaí,PR,Sul,10,5,0.5,0.2706821594167448,0.0
4124707,São Jerônimo da Serra,PR,Sul,6,2,0.3333333333333333,0.2501229641705479,0.0
4124806,São João,PR,Sul,14,0,0.0,0.25193339541477777,0.0
4124905,São João do Caiuá,PR,Sul,6,0,0.0,0.26602394094735804,0.0
4125001,São João do Ivaí,PR,Sul,11,3,0.2727272727272727,0.2316528263488311,0.0
4125100,São João do Triunfo,PR,Sul,12,4,0.3333333333333333,0.31628079721191704,0.0
4125209,São Jorge d'Oeste,PR,Sul,11,1,0.09090909090909091,0.260410168431051,0.0
4125308,São Jorge do Ivaí,PR,Sul,3,2,0.6666666666666666,0.2447727563490295,0.0
4125357,São Jorge do Patrocínio,PR,Sul,2,0,0.0,0.2587625015269909,0.0
4125407,São José da Boa Vista,PR,Sul,6,2,0.3333333333333333,0.2560594099223735,0.0
4125456,São José das Palmeiras,PR,Sul,5,0,0.0,0.22514658913111676,0.0
4125506,São José dos Pinhais,PR,Sul,389,150,0.3856041131105398,0.26953576319424477,0.0
4125605,São Mateus do Sul,PR,Sul,50,14,0.28,0.28632005260143933,0.0
4125704,São Miguel do Iguaçu,PR,Sul,46,13,0.2826086956521739,0.2741652064565776,0.0
4125753,São Pedro do Iguaçu,PR,Sul,4,2,0.5,0.26222282486960136,0.0
4125803,São Pedro do Ivaí,PR,Sul,12,2,0.16666666666666666,0.2464288263332436,0.0
4125902,São Pedro do Paraná,PR,Sul,1,0,0.0,0.22612964176253036,0.0
4126009,São Sebastião da Amoreira,PR,Sul,9,0,0.0,0.2269730265808224,0.0
4126108,São Tomé,PR,Sul,9,3,0.3333333333333333,0.2519574350724273,0.0
4126207,Sapopema,PR,Sul,7,1,0.14285714285714285,0.2484819845586174,0.0
4126256,Sarandi,PR,Sul,145,59,0.4068965517241379,0.278835741112747,0.0
4126272,Saudade do Iguaçu,PR,Sul,11,2,0.18181818181818182,0.2692940622545915,0.0
4126306,Sengés,PR,Sul,17,2,0.11764705882352941,0.28047335565527043,0.0
4126355,Serranópolis do Iguaçu,PR,Sul,2,0,0.0,0.272306390947626,0.0
4126405,Sertaneja,PR,Sul,12,2,0.16666666666666666,0.2554042128492877,0.0
4126504,Sertanópolis,PR,Sul,11,5,0.45454545454545453,0.2684974298779643,0.0
4126603,Siqueira Campos,PR,Sul,20,4,0.2,0.2638244771308218,0.0
4126652,Sulina,PR,Sul,5,2,0.4,0.268592640605016,0.0
4126678,Tamarana,PR,Sul,10,4,0.4,0.2683752460055536,0.0
4126702,Tamboara,PR,Sul,3,1,0.3333333333333333,0.23192198877075754,0.0
4126801,Tapejara,PR,Sul,8,4,0.5,0.24853285684874626,0.0
4126900,Tapira,PR,Sul,7,2,0.2857142857142857,0.24208258119518952,0.0
4127007,Teixeira Soares,PR,Sul,14,3,0.21428571428571427,0.30085739377093257,0.0
4127106,Telêmaco Borba,PR,Sul,83,26,0.3132530120481928,0.2603826533317657,0.0
4127205,Terra Boa,PR,Sul,27,3,0.1111111111111111,0.25298155061922045,0.0
4127304,Terra Rica,PR,Sul,14,4,0.2857142857142857,0.24645801772767473,0.0
4127403,Terra Roxa,PR,Sul,14,2,0.14285714285714285,0.25197655788551543,0.0
4127502,Tibagi,PR,Sul,28,8,0.2857142857142857,0.26926564507817985,0.0
4127601,Tijucas do Sul,PR,Sul,29,9,0.3103448275862069,0.3091226266716237,0.0
4127700,Toledo,PR,Sul,158,26,0.16455696202531644,0.2601936923169088,0.0
4127809,Tomazina,PR,Sul,2,0,0.0,0.2280535030859654,0.0
4127858,Três Barras do Paraná,PR,Sul,14,3,0.21428571428571427,0.25410214580767054,0.0
4127882,Tunas do Paraná,PR,Sul,15,3,0.2,0.24542092535170223,0.0
4127908,Tuneiras do Oeste,PR,Sul,7,3,0.42857142857142855,0.2582627167305752,0.0
4127957,Tupãssi,PR,Sul,13,0,0.0,0.2612883506231901,0.0
4127965,Turvo,PR,Sul,14,2,0.14285714285714285,0.25418771847688526,0.0
4128005,Ubiratã,PR,Sul,27,4,0.14814814814814814,0.23942370385873646,0.0
4128104,Umuarama,PR,Sul,109,50,0.45871559633027525,0.257264732425461,0.0
4128203,União da Vitória,PR,Sul,69,20,0.2898550724637681,0.26727214539540467,0.0
4128302,Uniflor,PR,Sul,2,0,0.0,0.23855781187803415,0.0
4128401,Uraí,PR,Sul,10,2,0.2,0.24288084479450522,0.0
4128500,Wenceslau Braz,PR,Sul,22,3,0.13636363636363635,0.2618646053434355,0.0
4128534,Ventania,PR,Sul,7,4,0.5714285714285714,0.25508991012753257,0.0
4128559,Vera Cruz do Oeste,PR,Sul,11,4,0.36363636363636365,0.2562836429568326,0.0
4128609,Verê,PR,Sul,15,8,0.5333333333333333,0.24416603856827368,0.0
4128625,Alto Paraíso,PR,Sul,5,2,0.4,0.2388601371130401,0.0
4128633,Doutor Ulysses,PR,Sul,6,3,0.5,0.28942295292668385,0.0
4128658,Virmond,PR,Sul,4,2,0.5,0.26008818163433234,0.0
4128708,Vitorino,PR,Sul,9,3,0.3333333333333333,0.2881744764168569,0.0
4128807,Xambrê,PR,Sul,7,3,0.42857142857142855,0.23281302612291754,0.0
4200051,Abdon Batista,SC,Sul,4,1,0.25,0.3788932902266676,1.0
4200101,Abelardo Luz,SC,Sul,21,7,0.3333333333333333,0.359838873868471,0.7619047619047619
4200200,Agrolândia,SC,Sul,14,1,0.07142857142857142,0.39182121216964283,1.0
4200309,Agronômica,SC,Sul,3,0,0.0,0.391120317093886,1.0
4200408,Água Doce,SC,Sul,10,7,0.7,0.39629139740916275,1.0
4200507,Águas de Chapecó,SC,Sul,7,4,0.5714285714285714,0.36914274862899094,1.0
4200556,Águas Frias,SC,Sul,1,0,0.0,0.3481909098232556,0.0
4200606,Águas Mornas,SC,Sul,10,1,0.1,0.3630772548268806,1.0
4200705,Alfredo Wagner,SC,Sul,14,9,0.6428571428571429,0.3730648937110646,1.0
4200754,Alto Bela Vista,SC,Sul,2,0,0.0,0.37326474019349165,1.0
4200804,Anchieta,SC,Sul,5,1,0.2,0.3818804847774418,1.0
4200903,Angelina,SC,Sul,4,0,0.0,0.3461368611929676,0.25
4201000,Anita Garibaldi,SC,Sul,7,1,0.14285714285714285,0.33725514913810023,0.0
4201109,Anitápolis,SC,Sul,2,1,0.5,0.38109567907140207,1.0
4201208,Antônio Carlos,SC,Sul,15,3,0.2,0.37033734019587466,0.8
4201257,Apiúna,SC,Sul,9,1,0.1111111111111111,0.3912626414846816,1.0
4201273,Arabutã,SC,Sul,9,1,0.1111111111111111,0.38563141175153715,1.0
4201307,Araquari,SC,Sul,64,33,0.515625,0.4011134541670508,1.0
4201406,Araranguá,SC,Sul,67,25,0.373134328358209,0.36151841216499303,1.0
4201505,Armazém,SC,Sul,14,3,0.21428571428571427,0.33507319013983944,0.0
4201604,Arroio Trinta,SC,Sul,5,0,0.0,0.3705766641352928,1.0
4201653,Arvoredo,SC,Sul,4,1,0.25,0.3548112176687065,1.0
4201703,Ascurra,SC,Sul,9,3,0.3333333333333333,0.3705923314428562,1.0
4201802,Atalanta,SC,Sul,5,0,0.0,0.37632115976589553,1.0
4201901,Aurora,SC,Sul,9,3,0.3333333333333333,0.35625585910206425,1.0
4201950,Balneário Arroio do Silva,SC,Sul,18,7,0.3888888888888889,0.3904128673131245,1.0
4202057,Balneário Barra do Sul,SC,Sul,13,6,0.46153846153846156,0.4084406212264891,1.0
4202073,Balneário Gaivota,SC,Sul,22,5,0.22727272727272727,0.3852289536488597,1.0
4202081,Bandeirante,SC,Sul,6,5,0.8333333333333334,0.39618113960630535,1.0
4202099,Barra Bonita,SC,Sul,1,0,0.0,0.3515472524312254,1.0
4202107,Barra Velha,SC,Sul,35,16,0.45714285714285713,0.38945762675623485,1.0
4202131,Bela Vista do Toldo,SC,Sul,6,0,0.0,0.4120315304965383,1.0
4202156,Belmonte,SC,Sul,6,0,0.0,0.3704599460516536,1.0
4202206,Benedito Novo,SC,Sul,12,2,0.16666666666666666,0.34884137207362315,0.08333333333333333
4202305,Biguaçu,SC,Sul,61,32,0.5245901639344263,0.3621825653709994,1.0
4202404,Blumenau,SC,Sul,266,81,0.30451127819548873,0.378835902717584,1.0
4202438,Bocaina do Sul,SC,Sul,6,5,0.8333333333333334,0.3790539620375126,1.0
4202453,Bombinhas,SC,Sul,22,4,0.18181818181818182,0.3641604359340287,1.0
4202503,Bom Jardim da Serra,SC,Sul,7,5,0.7142857142857143,0.3691390353759082,0.7142857142857143
4202537,Bom Jesus,SC,Sul,5,2,0.4,0.38426910561187155,1.0
4202578,Bom Jesus do Oeste,SC,Sul,2,0,0.0,0.3902879515842341,1.0
4202602,Bom Retiro,SC,Sul,9,5,0.5555555555555556,0.3590211822600326,0.5555555555555556
4202701,Botuverá,SC,Sul,9,0,0.0,0.3688109544289648,1.0
4202800,Braço do Norte,SC,Sul,44,14,0.3181818181818182,0.35553871202292814,0.6136363636363636
4202859,Braço do Trombudo,SC,Sul,7,1,0.14285714285714285,0.37305335913125415,1.0
4202875,Brunópolis,SC,Sul,2,1,0.5,0.3457843374304351,0.5
4202909,Brusque,SC,Sul,138,56,0.4057971014492754,0.37057346397077356,1.0
4203006,Caçador,SC,Sul,76,18,0.23684210526315788,0.371374128968585,1.0
4203105,Caibi,SC,Sul,7,4,0.5714285714285714,0.3559066109525986,0.7142857142857143
4203154,Calmon,SC,Sul,6,3,0.5,0.41315911857395404,1.0
4203303,Campo Alegre,SC,Sul,17,7,0.4117647058823529,0.387343554266101,1.0
4203402,Campo Belo do Sul,SC,Sul,4,1,0.25,0.3741026014826023,1.0
4203501,Campo Erê,SC,Sul,8,4,0.5,0.36858394998716726,1.0
4203600,Campos Novos,SC,Sul,37,13,0.35135135135135137,0.355467667102515,0.5135135135135135
4203709,Canelinha,SC,Sul,6,3,0.5,0.39295137067780256,1.0
4203808,Canoinhas,SC,Sul,68,20,0.29411764705882354,0.3588743131065065,0.6470588235294118
4203907,Capinzal,SC,Sul,35,13,0.37142857142857144,0.37312062921419,1.0
4203956,Capivari de Baixo,SC,Sul,21,7,0.3333333333333333,0.35630027391370295,0.7142857142857143
4204004,Catanduvas,SC,Sul,11,2,0.18181818181818182,0.3957756969764183,1.0
4204103,Caxambu do Sul,SC,Sul,3,2,0.6666666666666666,0.3766126289134393,1.0
4204152,Celso Ramos,SC,Sul,4,1,0.25,0.34909323862852437,0.0
4204178,Cerro Negro,SC,Sul,4,2,0.5,0.37528905510291943,1.0
4204194,Chapadão do Lageado,SC,Sul,3,2,0.6666666666666666,0.3587219323004874,1.0
4204202,Chapecó,SC,Sul,270,109,0.40370370370370373,0.3534125680248934,0.7037037037037037
4204251,Cocal do Sul,SC,Sul,14,6,0.42857142857142855,0.36614626583505444,0.7857142857142857
4204301,Concórdia,SC,Sul,94,22,0.23404255319148937,0.3528818156284439,0.8191489361702128
4204350,Cordilheira Alta,SC,Sul,6,2,0.3333333333333333,0.347811702416404,0.0
4204400,Coronel Freitas,SC,Sul,10,0,0.0,0.3607141308393914,1.0
4204459,Coronel Martins,SC,Sul,5,1,0.2,0.3505333610932063,1.0
4204509,Corupá,SC,Sul,11,2,0.18181818181818182,0.3761935833706215,1.0
4204558,Correia Pinto,SC,Sul,17,6,0.35294117647058826,0.3720028398872751,0.8235294117647058
4204608,Criciúma,SC,Sul,222,86,0.38738738738738737,0.3778713190529664,1.0
4204707,Cunha Porã,SC,Sul,7,2,0.2857142857142857,0.37471114673677697,1.0
4204806,Curitibanos,SC,Sul,46,23,0.5,0.35928039120945715,0.6521739130434783
4204905,Descanso,SC,Sul,7,2,0.2857142857142857,0.373871110506426,1.0
4205001,Dionísio Cerqueira,SC,Sul,17,3,0.17647058823529413,0.3727638230478068,0.9411764705882353
4205100,Dona Emma,SC,Sul,5,0,0.0,0.397295327305061,1.0
4205159,Doutor Pedrinho,SC,Sul,6,1,0.16666666666666666,0.3882349378995678,1.0
4205175,Entre Rios,SC,Sul,2,0,0.0,0.3721488277343936,1.0
4205191,Ermo,SC,Sul,1,0,0.0,0.37943809860878974,1.0
4205209,Erval Velho,SC,Sul,6,2,0.3333333333333333,0.37730508184672046,1.0
4205308,Faxinal dos Guedes,SC,Sul,14,5,0.35714285714285715,0.354585198580763,1.0
4205357,Flor do Sertão,SC,Sul,4,2,0.5,0.37482476672768184,1.0
4205407,Florianópolis,SC,Sul,267,128,0.4794007490636704,0.38000896342091517,1.0
4205431,Formosa do Sul,SC,Sul,3,1,0.3333333333333333,0.3762286128550693,1.0
4205456,Forquilhinha,SC,Sul,47,17,0.3617021276595745,0.38300907692201347,1.0
4205506,Fraiburgo,SC,Sul,56,14,0.25,0.37066420780766113,1.0
4205555,Frei Rogério,SC,Sul,3,0,0.0,0.3761315834341226,1.0
4205605,Galvão,SC,Sul,2,2,1.0,0.34366963153763563,0.0
4205704,Garopaba,SC,Sul,32,8,0.25,0.35004012047415956,1.0
4205803,Garuva,SC,Sul,17,7,0.4117647058823529,0.3775338974339906,1.0
4205902,Gaspar,SC,Sul,73,22,0.3013698630136986,0.38684754916989345,1.0
4206009,Governador Celso Ramos,SC,Sul,10,2,0.2,0.3619158097425226,1.0
4206108,Grão Pará,SC,Sul,6,3,0.5,0.39020917113452364,1.0
4206207,Gravatal,SC,Sul,10,6,0.6,0.31641092091822365,0.0
4206306,Guabiruba,SC,Sul,21,7,0.3333333333333333,0.3897925483118474,1.0
4206405,Guaraciaba,SC,Sul,7,1,0.14285714285714285,0.3687547393359055,1.0
4206504,Guaramirim,SC,Sul,51,21,0.4117647058823529,0.4010480323911115,1.0
4206603,Guarujá do Sul,SC,Sul,12,5,0.4166666666666667,0.3852836901864021,1.0
4206652,Guatambú,SC,Sul,14,10,0.7142857142857143,0.3536612195763914,0.8571428571428571
4206702,Herval d'Oeste,SC,Sul,20,7,0.35,0.3709462814873278,0.95
4206751,Ibiam,SC,Sul,3,0,0.0,0.38961686449452193,1.0
4206801,Ibicaré,SC,Sul,2,0,0.0,0.3971914222623716,1.0
4206900,Ibirama,SC,Sul,22,5,0.22727272727272727,0.40093402021190205,1.0
4207007,Içara,SC,Sul,72,31,0.4305555555555556,0.3786011615600499,1.0
4207106,Ilhota,SC,Sul,18,8,0.4444444444444444,0.38887843910640635,1.0
4207205,Imaruí,SC,Sul,11,4,0.36363636363636365,0.3594573880496591,0.9090909090909091
4207304,Imbituba,SC,Sul,53,24,0.4528301886792453,0.3474129561745771,0.660377358490566
4207403,Imbuia,SC,Sul,4,0,0.0,0.38482356898998504,1.0
4207502,Indaial,SC,Sul,82,26,0.3170731707317073,0.3733424351039428,1.0
4207577,Iomerê,SC,Sul,3,0,0.0,0.35731753349793016,1.0
4207601,Ipira,SC,Sul,8,2,0.25,0.3811704282910737,1.0
4207650,Iporã do Oeste,SC,Sul,8,0,0.0,0.368812577239484,1.0
4207684,Ipuaçu,SC,Sul,5,2,0.4,0.3761917019954675,1.0
4207700,Ipumirim,SC,Sul,10,5,0.5,0.38043921305483885,1.0
4207759,Iraceminha,SC,Sul,4,2,0.5,0.373032517783803,1.0
4207809,Irani,SC,Sul,14,3,0.21428571428571427,0.3578698848242781,1.0
4207858,Irati,SC,Sul,2,0,0.0,0.359918680780437,1.0
4207908,Irineópolis,SC,Sul,14,3,0.21428571428571427,0.4000282151473623,1.0
4208005,Itá,SC,Sul,14,2,0.14285714285714285,0.3461715699760622,0.0
4208104,Itaiópolis,SC,Sul,15,10,0.6666666666666666,0.3912751889383748,1.0
4208203,Itajaí,SC,Sul,207,88,0.4251207729468599,0.3692935328980447,0.9710144927536232
4208302,Itapema,SC,Sul,50,15,0.3,0.372878986354938,1.0
4208401,Itapiranga,SC,Sul,21,4,0.19047619047619047,0.37457060723961755,1.0
4208450,Itapoá,SC,Sul,23,8,0.34782608695652173,0.3768148890132256,1.0
4208500,Ituporanga,SC,Sul,37,5,0.13513513513513514,0.3669168717551964,1.0
4208609,Jaborá,SC,Sul,6,3,0.5,0.3632270031912121,1.0
4208708,Jacinto Machado,SC,Sul,12,3,0.25,0.3682475258955143,0.9166666666666666
4208807,Jaguaruna,SC,Sul,25,11,0.44,0.37871506905349295,1.0
4208906,Jaraguá do Sul,SC,Sul,169,41,0.24260355029585798,0.37164419563383055,1.0
4208955,Jardinópolis,SC,Sul,1,1,1.0,0.374239821600703,1.0
4209003,Joaçaba,SC,Sul,14,3,0.21428571428571427,0.36846062367492544,1.0
4209102,Joinville,SC,Sul,526,154,0.29277566539923955,0.36610802568490197,0.8783269961977186
4209151,José Boiteux,SC,Sul,11,5,0.45454545454545453,0.384239548887183,1.0
4209177,Jupiá,SC,Sul,3,1,0.3333333333333333,0.36161056686822035,1.0
4209201,Lacerdópolis,SC,Sul,8,2,0.25,0.33918331287638614,0.0
4209300,Lages,SC,Sul,157,83,0.5286624203821656,0.35630706532174566,0.5286624203821656
4209409,Laguna,SC,Sul,26,13,0.5,0.33949380717301597,0.34615384615384615
4209458,Lajeado Grande,SC,Sul,6,2,0.3333333333333333,0.3336546673716468,0.0
4209508,Laurentino,SC,Sul,14,5,0.35714285714285715,0.38333431938876245,1.0
4209607,Lauro Muller,SC,Sul,15,3,0.2,0.3600188856959934,0.5333333333333333
4209706,Lebon Régis,SC,Sul,10,6,0.6,0.38540477808635976,1.0
4209854,Lindóia do Sul,SC,Sul,7,0,0.0,0.38486722387370936,1.0
4209904,Lontras,SC,Sul,13,8,0.6153846153846154,0.41351516042948355,1.0
4210001,Luiz Alves,SC,Sul,11,4,0.36363636363636365,0.3810067622059739,1.0
4210035,Luzerna,SC,Sul,2,1,0.5,0.3784872824663644,1.0
4210050,Macieira,SC,Sul,2,1,0.5,0.39101224159095793,1.0
4210100,Mafra,SC,Sul,46,9,0.1956521739130435,0.35318100380479656,0.5869565217391305
4210209,Major Gercino,SC,Sul,2,0,0.0,0.3888964268286962,1.0
4210308,Major Vieira,SC,Sul,10,2,0.2,0.40084290542362633,1.0
4210407,Maracajá,SC,Sul,10,5,0.5,0.3672300185653373,1.0
4210506,Maravilha,SC,Sul,27,5,0.18518518518518517,0.3431485846656026,0.48148148148148145
4210555,Marema,SC,Sul,4,1,0.25,0.32915616679891413,0.0
4210605,Massaranduba,SC,Sul,26,9,0.34615384615384615,0.36558370665033113,0.7307692307692307
4210704,Matos Costa,SC,Sul,3,2,0.6666666666666666,0.3884443870450835,1.0
4210803,Meleiro,SC,Sul,9,3,0.3333333333333333,0.37543695428322543,1.0
4210852,Mirim Doce,SC,Sul,4,2,0.5,0.351281301102802,1.0
4210902,Modelo,SC,Sul,3,0,0.0,0.3637638324614117,1.0
4211009,Mondaí,SC,Sul,9,4,0.4444444444444444,0.3743473981359351,1.0
4211058,Monte Carlo,SC,Sul,15,6,0.4,0.3949318562692929,1.0
4211108,Monte Castelo,SC,Sul,14,9,0.6428571428571429,0.39181823926560166,1.0
4211207,Morro da Fumaça,SC,Sul,28,6,0.21428571428571427,0.37734462474179215,1.0
4211256,Morro Grande,SC,Sul,3,1,0.3333333333333333,0.39125080049242117,1.0
4211306,Navegantes,SC,Sul,72,33,0.4583333333333333,0.3936371806891997,1.0
4211405,Nova Erechim,SC,Sul,7,1,0.14285714285714285,0.3743059276511129,1.0
4211454,Nova Itaberaba,SC,Sul,5,2,0.4,0.3512833593963546,1.0
4211504,Nova Trento,SC,Sul,9,5,0.5555555555555556,0.37612142597181175,1.0
4211603,Nova Veneza,SC,Sul,15,7,0.4666666666666667,0.36101415197446757,0.7333333333333333
4211652,Novo Horizonte,SC,Sul,3,0,0.0,0.3457182889225767,0.0
4211702,Orleans,SC,Sul,20,11,0.55,0.36319609618146786,0.5
4211751,Otacílio Costa,SC,Sul,20,8,0.4,0.36283002578132034,0.75
4211801,Ouro,SC,Sul,9,2,0.2222222222222222,0.37366374903482513,1.0
4211850,Ouro Verde,SC,Sul,1,1,1.0,0.36529369748814144,1.0
4211892,Painel,SC,Sul,5,4,0.8,0.35624149714003484,1.0
4211900,Palhoça,SC,Sul,162,96,0.5925925925925926,0.3706391069911298,1.0
4212007,Palma Sola,SC,Sul,6,2,0.3333333333333333,0.3780120703477941,1.0
4212056,Palmeira,SC,Sul,3,1,0.3333333333333333,0.3688842332310358,1.0
4212106,Palmitos,SC,Sul,19,5,0.2631578947368421,0.3713523041290286,1.0
4212205,Papanduva,SC,Sul,24,5,0.20833333333333334,0.3891204329206368,1.0
4212239,Paraíso,SC,Sul,7,2,0.2857142857142857,0.37573468947891325,1.0
4212254,Passo de Torres,SC,Sul,19,5,0.2631578947368421,0.3800584674535732,1.0
4212270,Passos Maia,SC,Sul,3,1,0.3333333333333333,0.3711880319307801,1.0
4212304,Paulo Lopes,SC,Sul,10,7,0.7,0.335122928745635,0.0
4212403,Pedras Grandes,SC,Sul,3,2,0.6666666666666666,0.37195773986248604,1.0
4212502,Penha,SC,Sul,34,19,0.5588235294117647,0.3933000548803929,1.0
4212601,Peritiba,SC,Sul,3,0,0.0,0.3896280842363524,1.0
4212650,Pescaria Brava,SC,Sul,11,5,0.45454545454545453,0.32975188771668096,0.0
4212700,Petrolândia,SC,Sul,8,2,0.25,0.3829470597371911,1.0
4212809,Balneário Piçarras,SC,Sul,35,25,0.7142857142857143,0.380662946593893,1.0
4212908,Pinhalzinho,SC,Sul,22,5,0.22727272727272727,0.3474293442238593,0.5909090909090909
4213005,Pinheiro Preto,SC,Sul,3,0,0.0,0.357014339891754,1.0
4213104,Piratuba,SC,Sul,4,0,0.0,0.35829017039154587,1.0
4213153,Planalto Alegre,SC,Sul,1,0,0.0,0.3284773506922687,0.0
4213203,Pomerode,SC,Sul,34,11,0.3235294117647059,0.3924301246690607,1.0
4213302,Ponte Alta,SC,Sul,13,4,0.3076923076923077,0.3675552136680994,0.6923076923076923
4213351,Ponte Alta do Norte,SC,Sul,12,3,0.25,0.3759000824096781,1.0
4213401,Ponte Serrada,SC,Sul,22,11,0.5,0.3544704079840782,0.3181818181818182
4213500,Porto Belo,SC,Sul,23,5,0.21739130434782608,0.3686033719864573,1.0
4213609,Porto União,SC,Sul,23,7,0.30434782608695654,0.34991067812726984,0.5217391304347826
4213708,Pouso Redondo,SC,Sul,30,11,0.36666666666666664,0.3673923399660801,1.0
4213807,Praia Grande,SC,Sul,9,3,0.3333333333333333,0.34483484318406876,0.6666666666666666
4213906,Presidente Castello Branco,SC,Sul,3,3,1.0,0.39238534473765196,1.0
4214003,Presidente Getúlio,SC,Sul,17,4,0.23529411764705882,0.3849883116993503,1.0
4214102,Presidente Nereu,SC,Sul,6,2,0.3333333333333333,0.35050506387927066,1.0
4214151,Princesa,SC,Sul,5,3,0.6,0.36853115032148753,1.0
4214201,Quilombo,SC,Sul,13,3,0.23076923076923078,0.35957964282979815,1.0
4214300,Rancho Queimado,SC,Sul,6,2,0.3333333333333333,0.3374431342938273,0.0
4214409,Rio das Antas,SC,Sul,10,5,0.5,0.40883440160303514,1.0
4214508,Rio do Campo,SC,Sul,8,1,0.125,0.3732278064902607,1.0
4214607,Rio do Oeste,SC,Sul,6,2,0.3333333333333333,0.3797952279690679,1.0
4214706,Rio dos Cedros,SC,Sul,11,5,0.45454545454545453,0.3986901063447913,1.0
4214805,Rio do Sul,SC,Sul,44,23,0.5227272727272727,0.362002509217032,0.5909090909090909
4214904,Rio Fortuna,SC,Sul,7,4,0.5714285714285714,0.3935284692764358,1.0
4215000,Rio Negrinho,SC,Sul,46,15,0.32608695652173914,0.3860961395789705,1.0
4215059,Rio Rufino,SC,Sul,2,0,0.0,0.3879778050871032,1.0
4215075,Riqueza,SC,Sul,5,2,0.4,0.37216686161704926,1.0
4215109,Rodeio,SC,Sul,9,2,0.2222222222222222,0.37738518965918577,1.0
4215208,Romelândia,SC,Sul,6,1,0.16666666666666666,0.3895379707056466,1.0
4215307,Salete,SC,Sul,13,4,0.3076923076923077,0.36498471487209044,0.7692307692307693
4215356,Saltinho,SC,Sul,1,0,0.0,0.3751182648805952,1.0
4215406,Salto Veloso,SC,Sul,6,0,0.0,0.33316756834018235,0.0
4215455,Sangão,SC,Sul,20,5,0.25,0.378520441182443,1.0
4215505,Santa Cecília,SC,Sul,19,6,0.3157894736842105,0.3785356555796173,1.0
4215554,Santa Helena,SC,Sul,1,1,1.0,0.35264655283597535,1.0
4215653,Santa Rosa do Sul,SC,Sul,12,3,0.25,0.3854166111434971,1.0
4215679,Santa Terezinha,SC,Sul,5,2,0.4,0.40344430218260685,1.0
4215687,Santa Terezinha do Progresso,SC,Sul,1,0,0.0,0.36400905091170377,1.0
4215695,Santiago do Sul,SC,Sul,3,1,0.3333333333333333,0.3564105981379451,1.0
4215703,Santo Amaro da Imperatriz,SC,Sul,20,8,0.4,0.34008175276671204,0.0
4215752,São Bernardino,SC,Sul,3,0,0.0,0.3884597278728592,1.0
4215802,São Bento do Sul,SC,Sul,77,11,0.14285714285714285,0.3725852549081227,1.0
4216008,São Carlos,SC,Sul,14,4,0.2857142857142857,0.3526550351388192,0.21428571428571427
4216057,São Cristovão do Sul,SC,Sul,3,2,0.6666666666666666,0.38194490661570546,1.0
4216107,São Domingos,SC,Sul,9,1,0.1111111111111111,0.34820597968579486,0.7777777777777778
4216206,São Francisco do Sul,SC,Sul,56,33,0.5892857142857143,0.3686413404795848,0.6964285714285714
4216255,São João do Oeste,SC,Sul,8,2,0.25,0.39709029847493704,1.0
4216305,São João Batista,SC,Sul,31,9,0.2903225806451613,0.3913357486837872,1.0
4216354,São João do Itaperiú,SC,Sul,6,3,0.5,0.3690872786800381,1.0
4216404,São João do Sul,SC,Sul,9,1,0.1111111111111111,0.3739444254556771,1.0
4216503,São Joaquim,SC,Sul,29,17,0.5862068965517241,0.4074688206034118,1.0
4216602,São José,SC,Sul,163,67,0.4110429447852761,0.36099080906025854,0.6012269938650306
4216701,São José do Cedro,SC,Sul,21,3,0.14285714285714285,0.39543951518811077,1.0
4216800,São José do Cerrito,SC,Sul,8,2,0.25,0.3596633410328792,0.625
4216909,São Lourenço do Oeste,SC,Sul,31,10,0.3225806451612903,0.37178548333436734,1.0
4217006,São Ludgero,SC,Sul,17,5,0.29411764705882354,0.37867071597982427,1.0
4217105,São Martinho,SC,Sul,5,3,0.6,0.36248923382264225,1.0
4217204,São Miguel do Oeste,SC,Sul,33,9,0.2727272727272727,0.35017219507251496,0.7878787878787878
4217253,São Pedro de Alcântara,SC,Sul,3,0,0.0,0.356032801843424,1.0
4217303,Saudades,SC,Sul,8,1,0.125,0.3629432295026085,0.875
4217402,Schroeder,SC,Sul,30,5,0.16666666666666666,0.3820702304069765,1.0
4217501,Seara,SC,Sul,14,7,0.5,0.3704499425921746,1.0
4217550,Serra Alta,SC,Sul,2,0,0.0,0.3603310642309353,1.0
4217600,Siderópolis,SC,Sul,10,5,0.5,0.35828523210296626,1.0
4217709,Sombrio,SC,Sul,41,22,0.5365853658536586,0.3834849096353283,1.0
4217758,Sul Brasil,SC,Sul,1,1,1.0,0.35213021451403415,1.0
4217808,Taió,SC,Sul,17,5,0.29411764705882354,0.3648394520069507,0.8235294117647058
4217907,Tangará,SC,Sul,10,3,0.3,0.3725708050544073,1.0
4217956,Tigrinhos,SC,Sul,2,0,0.0,0.36005438099365716,1.0
4218004,Tijucas,SC,Sul,12,9,0.75,0.35908799662364227,0.6666666666666666
4218103,Timbé do Sul,SC,Sul,4,1,0.25,0.3585481733233139,1.0
4218202,Timbó,SC,Sul,42,6,0.14285714285714285,0.3909844667538074,1.0
4218251,Timbó Grande,SC,Sul,9,3,0.3333333333333333,0.394993291292677,1.0
4218301,Três Barras,SC,Sul,27,10,0.37037037037037035,0.38374228857209625,1.0
4218350,Treviso,SC,Sul,5,3,0.6,0.37272947076376395,1.0
4218400,Treze de Maio,SC,Sul,13,5,0.38461538461538464,0.370128758443964,1.0
4218509,Treze Tílias,SC,Sul,14,5,0.35714285714285715,0.391946781483682,1.0
4218608,Trombudo Central,SC,Sul,4,1,0.25,0.3660609478677984,1.0
4218707,Tubarão,SC,Sul,100,39,0.39,0.3571300625339282,0.54
4218756,Tunápolis,SC,Sul,4,2,0.5,0.37308458138619016,1.0
4218806,Turvo,SC,Sul,13,3,0.23076923076923078,0.36632004004917407,0.6923076923076923
4218855,União do Oeste,SC,Sul,2,0,0.0,0.36633131901838933,1.0
4218905,Urubici,SC,Sul,12,3,0.25,0.39745458547531615,1.0
4218954,Urupema,SC,Sul,2,1,0.5,0.35708599548663494,0.5
4219002,Urussanga,SC,Sul,18,3,0.16666666666666666,0.35500529407203696,0.3333333333333333
4219101,Vargeão,SC,Sul,3,1,0.3333333333333333,0.3839496907559378,1.0
4219176,Vargem Bonita,SC,Sul,5,0,0.0,0.37049006307350585,1.0
4219200,Vidal Ramos,SC,Sul,5,0,0.0,0.38156571261434846,1.0
4219309,Videira,SC,Sul,55,15,0.2727272727272727,0.3783910000579971,1.0
4219358,Vitor Meireles,SC,Sul,7,1,0.14285714285714285,0.4113744573176111,1.0
4219408,Witmarsum,SC,Sul,5,3,0.6,0.40787245124005533,1.0
4219507,Xanxerê,SC,Sul,50,15,0.3,0.3311967077515906,0.0
4219606,Xavantina,SC,Sul,8,1,0.125,0.3767240609220064,1.0
4219705,Xaxim,SC,Sul,36,13,0.3611111111111111,0.37207009534718793,1.0
4219853,Zortéa,SC,Sul,10,4,0.4,0.36061587186151334,1.0
4220000,Balneário Rincão,SC,Sul,19,9,0.47368421052631576,0.3230818876617397,0.0
4300034,Aceguá,RS,Sul,5,2,0.4,0.34963181741611726,0.0
4300059,Água Santa,RS,Sul,4,3,0.75,0.3763830141568708,1.0
4300109,Agudo,RS,Sul,20,8,0.4,0.3718403267669709,1.0
4300208,Ajuricaba,RS,Sul,5,2,0.4,0.33661123375927937,0.0
4300307,Alecrim,RS,Sul,9,6,0.6666666666666666,0.3482132218879523,0.1111111111111111
4300406,Alegrete,RS,Sul,38,22,0.5789473684210527,0.32029699336534756,0.0
4300455,Alegria,RS,Sul,3,0,0.0,0.3324307255437981,0.0
4300471,Almirante Tamandaré do Sul,RS,Sul,2,1,0.5,0.3100907868481453,0.0
4300505,Alpestre,RS,Sul,10,3,0.3,0.34597417460201885,0.0
4300570,Alto Feliz,RS,Sul,2,0,0.0,0.3678719270677504,1.0
4300604,Alvorada,RS,Sul,195,134,0.6871794871794872,0.36809315354736444,0.6871794871794872
4300638,Amaral Ferrador,RS,Sul,3,3,1.0,0.3598000520822393,1.0
4300646,Ametista do Sul,RS,Sul,9,3,0.3333333333333333,0.3384250755453395,0.0
4300661,André da Rocha,RS,Sul,1,1,1.0,0.3566567446222926,1.0
4300703,Anta Gorda,RS,Sul,2,1,0.5,0.32093276447127683,0.0
4300802,Antônio Prado,RS,Sul,15,8,0.5333333333333333,0.34478522373740594,0.7333333333333333
4300851,Arambaré,RS,Sul,2,1,0.5,0.3669213215157219,1.0
4300877,Araricá,RS,Sul,11,5,0.45454545454545453,0.38159398907278363,1.0
4300901,Aratiba,RS,Sul,4,2,0.5,0.34450304768207374,0.0
4301008,Arroio do Meio,RS,Sul,16,4,0.25,0.350080907436921,1.0
4301057,Arroio do Sal,RS,Sul,15,9,0.6,0.36063617034088813,1.0
4301073,Arroio do Padre,RS,Sul,1,0,0.0,0.40667937060543446,1.0
4301107,Arroio dos Ratos,RS,Sul,10,5,0.5,0.3568005061152063,0.8
4301206,Arroio do Tigre,RS,Sul,6,2,0.3333333333333333,0.3318262637273152,0.0
4301305,Arroio Grande,RS,Sul,15,8,0.5333333333333333,0.36257413521282145,1.0
4301404,Arvorezinha,RS,Sul,11,2,0.18181818181818182,0.333228377723739,0.09090909090909091
4301503,Augusto Pestana,RS,Sul,5,5,1.0,0.34983107231389104,0.4
4301552,Áurea,RS,Sul,5,1,0.2,0.33478913243762476,0.4
4301602,Bagé,RS,Sul,96,45,0.46875,0.3429002508661634,0.6354166666666666
4301636,Balneário Pinhal,RS,Sul,14,5,0.35714285714285715,0.37778162925876113,1.0
4301651,Barão,RS,Sul,2,0,0.0,0.3647342110744719,1.0
4301701,Barão de Cotegipe,RS,Sul,7,1,0.14285714285714285,0.374794299096313,1.0
4301750,Barão do Triunfo,RS,Sul,2,2,1.0,0.3805208926212037,1.0
4301800,Barracão,RS,Sul,3,1,0.3333333333333333,0.3351778256103913,0.0
4301859,Barra do Guarita,RS,Sul,1,1,1.0,0.29039826928138657,0.0
4301875,Barra do Quaraí,RS,Sul,7,6,0.8571428571428571,0.36543087110945527,0.7142857142857143
4301909,Barra do Ribeiro,RS,Sul,8,3,0.375,0.37415769696720186,1.0
4301958,Barra Funda,RS,Sul,1,1,1.0,0.3172895035673001,0.0
4302006,Barros Cassal,RS,Sul,13,6,0.46153846153846156,0.325409637254349,0.0
4302105,Bento Gonçalves,RS,Sul,117,63,0.5384615384615384,0.3589773231558011,0.6923076923076923
4302204,Boa Vista do Buricá,RS,Sul,5,2,0.4,0.3571301141790447,0.8
4302238,Boa Vista do Incra,RS,Sul,3,2,0.6666666666666666,0.34238286421937597,0.0
4302253,Boa Vista do Sul,RS,Sul,2,0,0.0,0.3573486709980962,1.0
4302303,Bom Jesus,RS,Sul,9,5,0.5555555555555556,0.35474020190154626,0.3333333333333333
4302352,Bom Princípio,RS,Sul,11,5,0.45454545454545453,0.3658269794346621,0.8181818181818182
4302402,Bom Retiro do Sul,RS,Sul,5,1,0.2,0.34864954994344466,0.8
4302451,Boqueirão do Leão,RS,Sul,3,1,0.3333333333333333,0.3157073459301375,0.0
4302501,Bossoroca,RS,Sul,5,2,0.4,0.33437838834987554,0.0
4302584,Bozano,RS,Sul,4,3,0.75,0.3564681406433803,1.0
4302600,Braga,RS,Sul,3,3,1.0,0.31718496750406083,0.0
4302659,Brochier,RS,Sul,9,5,0.5555555555555556,0.38594896123814454,1.0
4302709,Butiá,RS,Sul,23,11,0.4782608695652174,0.34350341247218674,0.43478260869565216
4302808,Caçapava do Sul,RS,Sul,34,16,0.47058823529411764,0.3347709209238866,0.0
4302907,Cacequi,RS,Sul,5,2,0.4,0.3288744950225996,0.0
4303004,Cachoeira do Sul,RS,Sul,56,35,0.625,0.3199817455002405,0.0
4303103,Cachoeirinha,RS,Sul,113,73,0.6460176991150443,0.3490837023670976,0.7964601769911505
4303202,Cacique Doble,RS,Sul,2,1,0.5,0.3562475137152784,1.0
4303301,Caibaté,RS,Sul,1,1,1.0,0.3481751866592503,0.0
4303400,Caiçara,RS,Sul,6,4,0.6666666666666666,0.33375103737007383,0.0
4303509,Camaquã,RS,Sul,47,15,0.3191489361702128,0.34883448266792544,0.425531914893617
4303558,Camargo,RS,Sul,3,0,0.0,0.3431208105419546,0.0
4303608,Cambará do Sul,RS,Sul,1,0,0.0,0.31798705207972,0.0
4303673,Campestre da Serra,RS,Sul,2,0,0.0,0.35358406029870904,1.0
4303707,Campina das Missões,RS,Sul,3,3,1.0,0.34665438291624207,0.0
4303806,Campinas do Sul,RS,Sul,2,1,0.5,0.31686102219722523,0.0
4303905,Campo Bom,RS,Sul,62,36,0.5806451612903226,0.3649518497555756,0.967741935483871
4304002,Campo Novo,RS,Sul,6,3,0.5,0.3050841679377223,0.0
4304101,Campos Borges,RS,Sul,6,2,0.3333333333333333,0.30681324615254985,0.0
4304200,Candelária,RS,Sul,26,12,0.46153846153846156,0.3540997562689889,0.7692307692307693
4304309,Cândido Godói,RS,Sul,3,2,0.6666666666666666,0.35991539229993047,0.6666666666666666
4304358,Candiota,RS,Sul,11,5,0.45454545454545453,0.34965796834010565,0.2727272727272727
4304408,Canela,RS,Sul,52,25,0.4807692307692308,0.34078378769867235,0.0
4304507,Canguçu,RS,Sul,40,17,0.425,0.36617473983862625,0.725
4304606,Canoas,RS,Sul,235,132,0.5617021276595745,0.3626861845766944,0.7659574468085106
4304622,Capão Bonito do Sul,RS,Sul,2,1,0.5,0.35521275287931653,1.0
4304630,Capão da Canoa,RS,Sul,56,41,0.7321428571428571,0.35657916103483744,0.75
4304655,Capão do Cipó,RS,Sul,2,1,0.5,0.368095781012724,1.0
4304663,Capão do Leão,RS,Sul,23,18,0.782608695652174,0.3946970870713446,1.0
4304671,Capivari do Sul,RS,Sul,2,1,0.5,0.34598292947354214,0.0
4304689,Capela de Santana,RS,Sul,9,5,0.5555555555555556,0.38910250511201605,1.0
4304697,Capitão,RS,Sul,6,4,0.6666666666666666,0.3483244235032481,0.0
4304705,Carazinho,RS,Sul,54,31,0.5740740740740741,0.3285463704918158,0.0
4304713,Caraá,RS,Sul,7,4,0.5714285714285714,0.35348036907665153,1.0
4304804,Carlos Barbosa,RS,Sul,29,11,0.3793103448275862,0.36095521036619155,0.6896551724137931
4304853,Carlos Gomes,RS,Sul,1,1,1.0,0.3406700562591459,0.0
4304903,Casca,RS,Sul,12,2,0.16666666666666666,0.32342101540266666,0.0
4304952,Caseiros,RS,Sul,1,1,1.0,0.3331165853354706,0.0
4305009,Catuípe,RS,Sul,6,4,0.6666666666666666,0.3422129411575583,0.5
4305108,Caxias do Sul,RS,Sul,391,221,0.5652173913043478,0.3606303986321935,0.8005115089514067
4305116,Centenário,RS,Sul,5,1,0.2,0.35472783557825693,0.2
4305124,Cerrito,RS,Sul,7,4,0.5714285714285714,0.35627985358148184,1.0
4305157,Cerro Grande,RS,Sul,3,1,0.3333333333333333,0.3156335485357259,0.0
4305173,Cerro Grande do Sul,RS,Sul,7,4,0.5714285714285714,0.3406257752707035,0.0
4305207,Cerro Largo,RS,Sul,12,6,0.5,0.3323380830750981,0.0
4305306,Chapada,RS,Sul,10,6,0.6,0.3472600384529555,0.0
4305355,Charqueadas,RS,Sul,29,11,0.3793103448275862,0.3344500322162912,0.0
4305371,Charrua,RS,Sul,1,1,1.0,0.39592141094812383,1.0
4305405,Chiapetta,RS,Sul,2,2,1.0,0.3269246035242449,0.0
4305439,Chuí,RS,Sul,4,3,0.75,0.37265683883720235,1.0
4305447,Chuvisca,RS,Sul,3,0,0.0,0.3893506672512719,1.0
4305454,Cidreira,RS,Sul,10,8,0.8,0.3562345882501485,0.6
4305504,Ciríaco,RS,Sul,4,0,0.0,0.33618796114028904,0.25
4305587,Colinas,RS,Sul,4,4,1.0,0.36064521068324884,1.0
4305603,Colorado,RS,Sul,2,0,0.0,0.3298797058687477,0.0
4305702,Condor,RS,Sul,6,1,0.16666666666666666,0.33853635883471894,0.0
4305801,Constantina,RS,Sul,10,3,0.3,0.3025448757377374,0.0
4305850,Coqueiros do Sul,RS,Sul,2,2,1.0,0.37253849417171403,1.0
4305871,Coronel Barros,RS,Sul,1,1,1.0,0.38564656863279423,1.0
4305900,Coronel Bicaco,RS,Sul,5,2,0.4,0.3405130413961426,0.0
4305959,Cotiporã,RS,Sul,4,2,0.5,0.3502785087705391,1.0
4305975,Coxilha,RS,Sul,5,3,0.6,0.35091661645490024,1.0
4306007,Crissiumal,RS,Sul,12,2,0.16666666666666666,0.3636487530208823,1.0
4306056,Cristal,RS,Sul,7,4,0.5714285714285714,0.36676634151745696,1.0
4306072,Cristal do Sul,RS,Sul,1,0,0.0,0.32469846781824907,0.0
4306106,Cruz Alta,RS,Sul,44,19,0.4318181818181818,0.3389973140911693,0.4772727272727273
4306130,Cruzaltense,RS,Sul,4,2,0.5,0.3452395090389587,0.0
4306205,Cruzeiro do Sul,RS,Sul,13,6,0.46153846153846156,0.3613626960581622,1.0
4306304,David Canabarro,RS,Sul,6,4,0.6666666666666666,0.2989950713440903,0.0
4306320,Derrubadas,RS,Sul,1,0,0.0,0.3277866655203975,0.0
4306379,Dilermando de Aguiar,RS,Sul,4,2,0.5,0.3469239657500368,0.0
4306403,Dois Irmãos,RS,Sul,44,18,0.4090909090909091,0.37216978649269356,1.0
4306452,Dois Lajeados,RS,Sul,2,1,0.5,0.33681748214245866,0.0
4306502,Dom Feliciano,RS,Sul,13,8,0.6153846153846154,0.38027881620289317,1.0
4306601,Dom Pedrito,RS,Sul,32,18,0.5625,0.349989040814458,0.53125
4306700,Dona Francisca,RS,Sul,1,1,1.0,0.3489359561636999,0.0
4306734,Doutor Maurício Cardoso,RS,Sul,1,0,0.0,0.3596142359893587,1.0
4306759,Doutor Ricardo,RS,Sul,2,1,0.5,0.35365338603177865,1.0
4306767,Eldorado do Sul,RS,Sul,33,26,0.7878787878787878,0.3671085552818022,1.0
4306809,Encantado,RS,Sul,14,9,0.6428571428571429,0.33413858482480924,0.0
4306908,Encruzilhada do Sul,RS,Sul,22,13,0.5909090909090909,0.34673096979451273,0.5
4306924,Engenho Velho,RS,Sul,3,2,0.6666666666666666,0.337178149473222,0.0
4306932,Entre-Ijuís,RS,Sul,6,2,0.3333333333333333,0.3528848501708495,0.16666666666666666
4306957,Entre Rios do Sul,RS,Sul,5,0,0.0,0.32784629514737873,0.0
4306973,Erebango,RS,Sul,2,0,0.0,0.3235853197888646,0.0
4307005,Erechim,RS,Sul,85,48,0.5647058823529412,0.33605916504023525,0.43529411764705883
4307054,Ernestina,RS,Sul,1,0,0.0,0.35171900033058756,1.0
4307104,Herval,RS,Sul,5,2,0.4,0.35970351000841017,0.6
4307203,Erval Grande,RS,Sul,3,1,0.3333333333333333,0.3344651908268541,0.0
4307401,Esmeralda,RS,Sul,4,1,0.25,0.35366533891642715,1.0
4307450,Esperança do Sul,RS,Sul,3,0,0.0,0.36319552709652103,1.0
4307500,Espumoso,RS,Sul,12,7,0.5833333333333334,0.2949918819166419,0.0
4307559,Estação,RS,Sul,5,3,0.6,0.3504589201183126,1.0
4307609,Estância Velha,RS,Sul,57,27,0.47368421052631576,0.35539778234649894,0.9473684210526315
4307708,Esteio,RS,Sul,66,34,0.5151515151515151,0.3662100979676919,0.9545454545454546
4307807,Estrela,RS,Sul,31,17,0.5483870967741935,0.3534022318835754,0.6774193548387096
4307815,Estrela Velha,RS,Sul,5,3,0.6,0.36247808406507787,1.0
4307864,Fagundes Varela,RS,Sul,1,0,0.0,0.33962204413407526,0.0
4307906,Farroupilha,RS,Sul,70,27,0.38571428571428573,0.34284384227396625,0.0
4308003,Faxinal do Soturno,RS,Sul,3,0,0.0,0.3383658338029773,0.3333333333333333
4308052,Faxinalzinho,RS,Sul,1,0,0.0,0.34858945482992565,0.0
4308078,Fazenda Vilanova,RS,Sul,3,1,0.3333333333333333,0.37710405293237304,1.0
4308102,Feliz,RS,Sul,14,11,0.7857142857142857,0.3625445179592563,0.5
4308201,Flores da Cunha,RS,Sul,26,12,0.46153846153846156,0.3613546417990164,0.7307692307692307
4308250,Floriano Peixoto,RS,Sul,2,0,0.0,0.40611523017816853,1.0
4308300,Fontoura Xavier,RS,Sul,6,2,0.3333333333333333,0.29979474065781514,0.0
4308409,Formigueiro,RS,Sul,6,3,0.5,0.3393085254373805,0.0
4308433,Forquetinha,RS,Sul,4,2,0.5,0.3910168723475589,1.0
4308458,Fortaleza dos Valos,RS,Sul,3,0,0.0,0.334601658257566,0.0
4308508,Frederico Westphalen,RS,Sul,29,12,0.41379310344827586,0.32059509281264903,0.0
4308607,Garibaldi,RS,Sul,21,11,0.5238095238095238,0.3596869745510145,0.7619047619047619
4308706,Gaurama,RS,Sul,3,2,0.6666666666666666,0.34239692159620905,0.0
4308805,General Câmara,RS,Sul,3,2,0.6666666666666666,0.33223950353601484,0.0
4308904,Getúlio Vargas,RS,Sul,16,8,0.5,0.34315569477842506,0.625
4309001,Giruá,RS,Sul,10,4,0.4,0.34158778266263246,0.0
4309050,Glorinha,RS,Sul,9,7,0.7777777777777778,0.345261784463088,0.0
4309100,Gramado,RS,Sul,42,15,0.35714285714285715,0.3608620578656852,0.9285714285714286
4309126,Gramado dos Loureiros,RS,Sul,1,0,0.0,0.3217391434038339,0.0
4309159,Gramado Xavier,RS,Sul,2,1,0.5,0.3536126518746816,1.0
4309209,Gravataí,RS,Sul,219,140,0.639269406392694,0.35804818745371325,0.8858447488584474
4309258,Guabiju,RS,Sul,3,2,0.6666666666666666,0.3879307276528087,1.0
4309308,Guaíba,RS,Sul,88,63,0.7159090909090909,0.35977292702856456,0.8295454545454546
4309407,Guaporé,RS,Sul,21,10,0.47619047619047616,0.3506879068167897,0.8571428571428571
4309506,Guarani das Missões,RS,Sul,5,2,0.4,0.3417385356586249,0.0
4309555,Harmonia,RS,Sul,6,1,0.16666666666666666,0.3656423702984363,1.0
4309605,Horizontina,RS,Sul,12,5,0.4166666666666667,0.34696711222188914,0.0
4309654,Hulha Negra,RS,Sul,5,3,0.6,0.37453574780377147,1.0
4309704,Humaitá,RS,Sul,3,0,0.0,0.35349553765098785,1.0
4309753,Ibarama,RS,Sul,5,1,0.2,0.37686580102484807,1.0
4309803,Ibiaçá,RS,Sul,3,1,0.3333333333333333,0.3324063289137646,0.0
4309902,Ibiraiaras,RS,Sul,4,0,0.0,0.3496801648366693,0.0
4309951,Ibirapuitã,RS,Sul,5,3,0.6,0.379009662022091,1.0
4310009,Ibirubá,RS,Sul,18,6,0.3333333333333333,0.34056112142238204,0.2777777777777778
4310108,Igrejinha,RS,Sul,49,26,0.5306122448979592,0.374643665080324,1.0
4310207,Ijuí,RS,Sul,81,32,0.3950617283950617,0.3356490682753154,0.0
4310306,Ilópolis,RS,Sul,1,0,0.0,0.3539312828070976,1.0
4310330,Imbé,RS,Sul,29,17,0.5862068965517241,0.38471234841575597,1.0
4310405,Independência,RS,Sul,2,0,0.0,0.3561643970442443,1.0
4310413,Inhacorá,RS,Sul,3,3,1.0,0.3490157553638326,0.0
4310439,Ipê,RS,Sul,5,3,0.6,0.347055480247145,0.8
4310504,Iraí,RS,Sul,4,3,0.75,0.3385712721530374,0.0
4310538,Itaara,RS,Sul,3,1,0.3333333333333333,0.33779692246890325,0.0
4310603,Itaqui,RS,Sul,28,16,0.5714285714285714,0.3348959427384704,0.0
4310652,Itati,RS,Sul,2,1,0.5,0.319198267111049,0.0
4310702,Itatiba do Sul,RS,Sul,5,4,0.8,0.32146254726281276,0.0
4310751,Ivorá,RS,Sul,1,1,1.0,0.3430205061043783,0.0
4310801,Ivoti,RS,Sul,21,8,0.38095238095238093,0.34992665150890057,0.0
4310850,Jaboticaba,RS,Sul,3,2,0.6666666666666666,0.3364523399548238,0.0
4310900,Jacutinga,RS,Sul,3,1,0.3333333333333333,0.32669780397348125,0.0
4311007,Jaguarão,RS,Sul,21,6,0.2857142857142857,0.3472839897651677,0.6190476190476191
4311106,Jaguari,RS,Sul,5,2,0.4,0.34217335023691353,0.6
4311122,Jaquirana,RS,Sul,3,2,0.6666666666666666,0.36939656949522104,1.0
4311130,Jari,RS,Sul,4,3,0.75,0.39555767821298926,1.0
4311155,Jóia,RS,Sul,2,1,0.5,0.32814597014366276,0.0
4311205,Júlio de Castilhos,RS,Sul,10,6,0.6,0.3532816916254496,0.6
4311239,Lagoa Bonita do Sul,RS,Sul,1,0,0.0,0.35124937504734344,1.0
4311254,Lagoão,RS,Sul,4,1,0.25,0.28986782994938337,0.0
4311270,Lagoa dos Três Cantos,RS,Sul,3,2,0.6666666666666666,0.3399895435482077,0.0
4311304,Lagoa Vermelha,RS,Sul,35,13,0.37142857142857144,0.31926128386803426,0.0
4311403,Lajeado,RS,Sul,70,32,0.45714285714285713,0.34637117605069595,0.7285714285714285
4311429,Lajeado do Bugre,RS,Sul,6,2,0.3333333333333333,0.3225724327706709,0.0
4311502,Lavras do Sul,RS,Sul,8,4,0.5,0.3412853733468627,0.0
4311601,Liberato Salzano,RS,Sul,4,1,0.25,0.3067120011732545,0.0
4311627,Lindolfo Collor,RS,Sul,6,5,0.8333333333333334,0.35912936708723747,0.5
4311643,Linha Nova,RS,Sul,2,0,0.0,0.36130013764573987,1.0
4311700,Machadinho,RS,Sul,5,1,0.2,0.3273332671380327,0.0
4311718,Maçambará,RS,Sul,5,2,0.4,0.3353377201176063,0.0
4311734,Mampituba,RS,Sul,1,1,1.0,0.36050853218038836,1.0
4311759,Manoel Viana,RS,Sul,6,4,0.6666666666666666,0.3528383721138068,0.3333333333333333
4311775,Maquiné,RS,Sul,5,4,0.8,0.33159800797345995,0.0
4311791,Maratá,RS,Sul,4,2,0.5,0.39645881803899397,1.0
4311809,Marau,RS,Sul,36,17,0.4722222222222222,0.33678481097281465,0.0
4311908,Marcelino Ramos,RS,Sul,2,0,0.0,0.3518761336790064,1.0
4311981,Mariana Pimentel,RS,Sul,3,2,0.6666666666666666,0.3399768009146726,0.0
4312054,Marques de Souza,RS,Sul,5,2,0.4,0.38807175653328096,1.0
4312138,Mato Castelhano,RS,Sul,4,2,0.5,0.3138751138501893,0.0
4312153,Mato Leitão,RS,Sul,7,1,0.14285714285714285,0.34098608222316573,0.0
4312179,Mato Queimado,RS,Sul,2,1,0.5,0.3507224411836988,1.0
4312203,Maximiliano de Almeida,RS,Sul,7,5,0.7142857142857143,0.3274212565642141,0.0
4312252,Minas do Leão,RS,Sul,12,6,0.5,0.3591043107446315,0.5
4312302,Miraguaí,RS,Sul,10,5,0.5,0.32854184857480484,0.0
4312351,Montauri,RS,Sul,2,0,0.0,0.3472599370019688,0.0
4312377,Monte Alegre dos Campos,RS,Sul,2,1,0.5,0.334111788606524,0.0
4312385,Monte Belo do Sul,RS,Sul,3,1,0.3333333333333333,0.3611428558210858,1.0
4312401,Montenegro,RS,Sul,63,32,0.5079365079365079,0.3403989289936471,0.4444444444444444
4312427,Mormaço,RS,Sul,3,2,0.6666666666666666,0.31505276159136175,0.0
4312450,Morro Redondo,RS,Sul,4,2,0.5,0.33923750577476397,0.0
4312476,Morro Reuter,RS,Sul,6,2,0.3333333333333333,0.3431222096065573,0.3333333333333333
4312500,Mostardas,RS,Sul,11,8,0.7272727272727273,0.3558111080716285,0.5454545454545454
4312609,Muçum,RS,Sul,3,0,0.0,0.35872193387728335,1.0
4312617,Muitos Capões,RS,Sul,1,1,1.0,0.3403765545658809,0.0
4312625,Muliterno,RS,Sul,1,1,1.0,0.34891890763690825,0.0
4312658,Não-Me-Toque,RS,Sul,18,7,0.3888888888888889,0.350964289476456,0.7222222222222222
4312708,Nonoai,RS,Sul,18,9,0.5,0.3249467796331585,0.0
4312757,Nova Alvorada,RS,Sul,7,4,0.5714285714285714,0.32987768296670883,0.0
4312807,Nova Araçá,RS,Sul,5,1,0.2,0.3505179305510875,1.0
4312906,Nova Bassano,RS,Sul,8,1,0.125,0.3660607393622764,0.75
4312955,Nova Boa Vista,RS,Sul,1,0,0.0,0.3553006434250018,1.0
4313003,Nova Bréscia,RS,Sul,2,1,0.5,0.3777864662289945,1.0
4313011,Nova Candelária,RS,Sul,4,2,0.5,0.38037168607242633,1.0
4313037,Nova Esperança do Sul,RS,Sul,6,4,0.6666666666666666,0.3295320118782919,0.0
4313060,Nova Hartz,RS,Sul,26,18,0.6923076923076923,0.37800055237547714,1.0
4313086,Nova Pádua,RS,Sul,2,1,0.5,0.3492127732216005,0.0
4313102,Nova Palma,RS,Sul,5,3,0.6,0.3476961731778453,0.6
4313201,Nova Petrópolis,RS,Sul,22,8,0.36363636363636365,0.3353055404296864,0.0
4313300,Nova Prata,RS,Sul,22,12,0.5454545454545454,0.34958170379247483,0.8181818181818182
4313334,Nova Ramada,RS,Sul,5,5,1.0,0.34485593965895756,0.0
4313359,Nova Roma do Sul,RS,Sul,3,2,0.6666666666666666,0.3767752746649656,1.0
4313375,Nova Santa Rita,RS,Sul,33,13,0.3939393939393939,0.3635505121529541,1.0
4313391,Novo Cabrais,RS,Sul,4,0,0.0,0.35461276108212336,1.0
4313409,Novo Hamburgo,RS,Sul,188,107,0.5691489361702128,0.37086064569538907,0.9680851063829787
4313425,Novo Machado,RS,Sul,2,1,0.5,0.35674113100763405,1.0
4313441,Novo Tiradentes,RS,Sul,2,1,0.5,0.32585318694048293,0.0
4313490,Novo Barreiro,RS,Sul,2,0,0.0,0.34330170771442436,0.0
4313508,Osório,RS,Sul,39,27,0.6923076923076923,0.3503607213091164,0.717948717948718
4313607,Paim Filho,RS,Sul,3,2,0.6666666666666666,0.3560387060504355,1.0
4313656,Palmares do Sul,RS,Sul,6,4,0.6666666666666666,0.33620812081104307,0.0
4313706,Palmeira das Missões,RS,Sul,28,12,0.42857142857142855,0.3060391713007061,0.0
4313805,Palmitinho,RS,Sul,7,3,0.42857142857142855,0.3279150501388891,0.0
4313904,Panambi,RS,Sul,42,17,0.40476190476190477,0.3441445979195456,0.7619047619047619
4313953,Pantano Grande,RS,Sul,10,8,0.8,0.36104909698038995,0.9
4314001,Paraí,RS,Sul,9,2,0.2222222222222222,0.3336674653938204,0.1111111111111111
4314027,Paraíso do Sul,RS,Sul,2,2,1.0,0.3547673498705851,0.5
4314035,Pareci Novo,RS,Sul,4,2,0.5,0.36476917269388354,1.0
4314050,Parobé,RS,Sul,51,32,0.6274509803921569,0.3689495119696712,1.0
4314068,Passa Sete,RS,Sul,2,1,0.5,0.36287113803394144,1.0
4314076,Passo do Sobrado,RS,Sul,5,3,0.6,0.3707789744506546,0.8
4314100,Passo Fundo,RS,Sul,177,119,0.672316384180791,0.34201575957657243,0.6271186440677966
4314134,Paulo Bento,RS,Sul,1,0,0.0,0.3676316665839485,1.0
4314159,Paverama,RS,Sul,5,2,0.4,0.3725354171507868,1.0
4314175,Pedras Altas,RS,Sul,3,0,0.0,0.36799137559368617,1.0
4314209,Pedro Osório,RS,Sul,5,5,1.0,0.3501317540992691,0.6
4314308,Pejuçara,RS,Sul,2,0,0.0,0.3339422034378041,0.0
4314407,Pelotas,RS,Sul,206,134,0.6504854368932039,0.35329480700447646,0.6116504854368932
4314423,Picada Café,RS,Sul,1,1,1.0,0.3492385661648011,0.0
4314456,Pinhal,RS,Sul,4,3,0.75,0.32947054089658334,0.0
4314464,Pinhal da Serra,RS,Sul,3,2,0.6666666666666666,0.3754028134345906,1.0
4314472,Pinhal Grande,RS,Sul,6,3,0.5,0.34512286428617367,0.3333333333333333
4314498,Pinheirinho do Vale,RS,Sul,3,1,0.3333333333333333,0.3049619472326377,0.0
4314506,Pinheiro Machado,RS,Sul,6,4,0.6666666666666666,0.36093817102173115,0.6666666666666666
4314555,Pirapó,RS,Sul,1,0,0.0,0.30924836276877854,0.0
4314605,Piratini,RS,Sul,8,4,0.5,0.33530288703690514,0.125
4314704,Planalto,RS,Sul,9,4,0.4444444444444444,0.33409968698236525,0.0
4314779,Pontão,RS,Sul,4,3,0.75,0.38193040013084867,1.0
4314787,Ponte Preta,RS,Sul,1,1,1.0,0.34814781360502534,0.0
4314803,Portão,RS,Sul,38,20,0.5263157894736842,0.3702309930920481,0.9736842105263158
4314902,Porto Alegre,RS,Sul,745,527,0.7073825503355705,0.3631935250684108,1.0
4315008,Porto Lucena,RS,Sul,3,0,0.0,0.3316219700191486,0.0
4315057,Porto Mauá,RS,Sul,2,1,0.5,0.3769560434867676,1.0
4315073,Porto Vera Cruz,RS,Sul,1,0,0.0,0.3534007832645176,1.0
4315107,Porto Xavier,RS,Sul,8,5,0.625,0.30094577335612993,0.0
4315131,Pouso Novo,RS,Sul,3,1,0.3333333333333333,0.35541368339128976,1.0
4315149,Presidente Lucena,RS,Sul,5,3,0.6,0.3502743225872085,1.0
4315156,Progresso,RS,Sul,2,1,0.5,0.3587708609091308,1.0
4315172,Protásio Alves,RS,Sul,1,0,0.0,0.3501283675539374,1.0
4315206,Putinga,RS,Sul,2,0,0.0,0.34904768442827394,0.0
4315305,Quaraí,RS,Sul,23,14,0.6086956521739131,0.3377650853464624,0.2608695652173913
4315313,Quatro Irmãos,RS,Sul,2,1,0.5,0.3391076883472087,0.0
4315354,Quinze de Novembro,RS,Sul,5,0,0.0,0.353568962812948,0.8
4315404,Redentora,RS,Sul,3,0,0.0,0.32704457544269344,0.0
4315503,Restinga Seca,RS,Sul,10,7,0.7,0.3596772209155617,0.4
4315552,Rio dos Índios,RS,Sul,1,0,0.0,0.30411044377302365,0.0
4315602,Rio Grande,RS,Sul,155,74,0.4774193548387097,0.34691245078732025,0.7419354838709677
4315701,Rio Pardo,RS,Sul,35,11,0.3142857142857143,0.33090396964583096,0.11428571428571428
4315750,Riozinho,RS,Sul,1,1,1.0,0.37072735008906865,1.0
4315800,Roca Sales,RS,Sul,8,5,0.625,0.37042255357802933,1.0
4315909,Rodeio Bonito,RS,Sul,5,4,0.8,0.33007278239530075,0.0
4316006,Rolante,RS,Sul,20,2,0.1,0.3643793946260093,0.75
4316105,Ronda Alta,RS,Sul,7,3,0.42857142857142855,0.3477603239407407,0.8571428571428571
4316204,Rondinha,RS,Sul,2,0,0.0,0.35560621247595947,1.0
4316303,Roque Gonzales,RS,Sul,3,1,0.3333333333333333,0.3679381942459837,1.0
4316402,Rosário do Sul,RS,Sul,29,16,0.5517241379310345,0.33689980015227833,0.2413793103448276
4316428,Sagrada Família,RS,Sul,2,1,0.5,0.33291644976512735,0.0
4316436,Saldanha Marinho,RS,Sul,4,0,0.0,0.33172837305072056,0.0
4316451,Salto do Jacuí,RS,Sul,3,1,0.3333333333333333,0.34023749895169564,0.3333333333333333
4316477,Salvador das Missões,RS,Sul,2,1,0.5,0.3248016247853349,0.0
4316501,Salvador do Sul,RS,Sul,9,3,0.3333333333333333,0.37257364745398425,1.0
4316600,Sananduva,RS,Sul,13,6,0.46153846153846156,0.33887119572276225,0.5384615384615384
4316709,Santa Bárbara do Sul,RS,Sul,5,3,0.6,0.33609533267077546,0.0
4316758,Santa Clara do Sul,RS,Sul,4,2,0.5,0.3567440416964835,0.75
4316808,Santa Cruz do Sul,RS,Sul,109,59,0.5412844036697247,0.3421736518790913,0.6238532110091743
4316907,Santa Maria,RS,Sul,165,110,0.6666666666666666,0.3430125375261669,0.7151515151515152
4316956,Santa Maria do Herval,RS,Sul,7,1,0.14285714285714285,0.40878065331184354,1.0
4316972,Santa Margarida do Sul,RS,Sul,2,2,1.0,0.34425377679059965,0.0
4317004,Santana da Boa Vista,RS,Sul,3,2,0.6666666666666666,0.3341036363322556,0.0
4317103,Sant'Ana do Livramento,RS,Sul,74,36,0.4864864864864865,0.3414831814618082,0.32432432432432434
4317202,Santa Rosa,RS,Sul,64,32,0.5,0.3248937127861753,0.0
4317301,Santa Vitória do Palmar,RS,Sul,24,10,0.4166666666666667,0.3418227985863684,0.5
4317400,Santiago,RS,Sul,33,13,0.3939393939393939,0.32761270048196944,0.0
4317509,Santo Ângelo,RS,Sul,70,36,0.5142857142857142,0.3282135520449769,0.0
4317558,Santo Antônio do Palma,RS,Sul,3,2,0.6666666666666666,0.3510694217040509,1.0
4317608,Santo Antônio da Patrulha,RS,Sul,31,13,0.41935483870967744,0.3211039108099699,0.0
4317707,Santo Antônio das Missões,RS,Sul,10,4,0.4,0.34785976992628803,0.6
4317756,Santo Antônio do Planalto,RS,Sul,1,1,1.0,0.3222283539021983,0.0
4317806,Santo Augusto,RS,Sul,18,9,0.5,0.3193012902389467,0.0
4317905,Santo Cristo,RS,Sul,15,6,0.4,0.3641530484077956,0.8
4317954,Santo Expedito do Sul,RS,Sul,3,0,0.0,0.30614588791159314,0.0
4318002,São Borja,RS,Sul,56,31,0.5535714285714286,0.3288004777500891,0.0
4318051,São Domingos do Sul,RS,Sul,1,1,1.0,0.3269313080920898,0.0
4318101,São Francisco de Assis,RS,Sul,12,3,0.25,0.34400015300713543,0.4166666666666667
4318200,São Francisco de Paula,RS,Sul,16,11,0.6875,0.34955960312560996,0.4375
4318309,São Gabriel,RS,Sul,60,36,0.6,0.3499435376067938,0.6833333333333333
4318408,São Jerônimo,RS,Sul,12,6,0.5,0.3470720170457034,0.4166666666666667
4318424,São João da Urtiga,RS,Sul,6,1,0.16666666666666666,0.3417190501815078,0.0
4318432,São João do Polêsine,RS,Sul,1,0,0.0,0.30147031715643524,0.0
4318440,São Jorge,RS,Sul,2,1,0.5,0.3675597451403021,1.0
4318457,São José das Missões,RS,Sul,1,1,1.0,0.3734678535234206,1.0
4318481,São José do Hortêncio,RS,Sul,7,5,0.7142857142857143,0.3941251806515945,1.0
4318499,São José do Inhacorá,RS,Sul,1,0,0.0,0.35547265598166744,1.0
4318507,São José do Norte,RS,Sul,31,19,0.6129032258064516,0.3474704637353729,0.8387096774193549
4318606,São José do Ouro,RS,Sul,10,6,0.6,0.3138283310213245,0.0
4318614,São José do Sul,RS,Sul,1,0,0.0,0.3953862856572865,1.0
4318622,São José dos Ausentes,RS,Sul,6,5,0.8333333333333334,0.36133370958005484,1.0
4318705,São Leopoldo,RS,Sul,183,108,0.5901639344262295,0.36859606350400526,0.7814207650273224
4318804,São Lourenço do Sul,RS,Sul,31,14,0.45161290322580644,0.3768931005832752,1.0
4318903,São Luiz Gonzaga,RS,Sul,38,25,0.6578947368421053,0.31983924927476237,0.0
4319000,São Marcos,RS,Sul,10,6,0.6,0.34122297505428717,0.0
4319109,São Martinho,RS,Sul,5,2,0.4,0.3526990869380967,1.0
4319125,São Martinho da Serra,RS,Sul,4,2,0.5,0.3262795867013464,0.0
4319158,São Miguel das Missões,RS,Sul,10,4,0.4,0.3441383201258064,0.7
4319208,São Nicolau,RS,Sul,3,1,0.3333333333333333,0.3408083111229792,0.3333333333333333
4319307,São Paulo das Missões,RS,Sul,5,3,0.6,0.3692705522804346,1.0
4319356,São Pedro da Serra,RS,Sul,6,2,0.3333333333333333,0.3717901275687383,1.0
4319372,São Pedro do Butiá,RS,Sul,7,2,0.2857142857142857,0.3506366629605409,0.7142857142857143
4319406,São Pedro do Sul,RS,Sul,8,3,0.375,0.34287417525741054,0.625
4319505,São Sebastião do Caí,RS,Sul,20,9,0.45,0.35463887883615897,0.8
4319604,São Sepé,RS,Sul,13,5,0.38461538461538464,0.3416447427181784,0.0
4319703,São Valentim,RS,Sul,1,0,0.0,0.3366215701902503,0.0
4319711,São Valentim do Sul,RS,Sul,1,0,0.0,0.3494304646898895,0.0
4319737,São Valério do Sul,RS,Sul,1,0,0.0,0.38825274472261684,1.0
4319752,São Vendelino,RS,Sul,7,3,0.42857142857142855,0.3533295148204548,0.5714285714285714
4319802,São Vicente do Sul,RS,Sul,6,3,0.5,0.34716577218137573,0.5
4319901,Sapiranga,RS,Sul,78,53,0.6794871794871795,0.3706570664213556,0.7948717948717948
4320008,Sapucaia do Sul,RS,Sul,131,66,0.5038167938931297,0.36288498867940994,0.7938931297709924
4320107,Sarandi,RS,Sul,18,6,0.3333333333333333,0.3315674978469385,0.0
4320206,Seberi,RS,Sul,15,7,0.4666666666666667,0.3174921857070961,0.0
4320230,Sede Nova,RS,Sul,3,1,0.3333333333333333,0.35563594569937296,1.0
4320263,Segredo,RS,Sul,6,3,0.5,0.35258297539056566,0.6666666666666666
4320305,Selbach,RS,Sul,5,2,0.4,0.32922755379789326,0.0
4320321,Senador Salgado Filho,RS,Sul,7,2,0.2857142857142857,0.3723765168891032,1.0
4320354,Sentinela do Sul,RS,Sul,5,5,1.0,0.3647500292755723,1.0
4320404,Serafina Corrêa,RS,Sul,8,3,0.375,0.34494160068426777,0.0
4320453,Sério,RS,Sul,2,2,1.0,0.3635826500185234,1.0
4320552,Sertão Santana,RS,Sul,4,2,0.5,0.3661199467587688,1.0
4320578,Sete de Setembro,RS,Sul,3,2,0.6666666666666666,0.382229454820868,1.0
4320602,Severiano de Almeida,RS,Sul,2,2,1.0,0.29148839295994955,0.0
4320677,Sinimbu,RS,Sul,14,11,0.7857142857142857,0.4047141659803879,1.0
4320701,Sobradinho,RS,Sul,6,1,0.16666666666666666,0.3289629905697876,0.0
4320800,Soledade,RS,Sul,26,8,0.3076923076923077,0.3116688479539599,0.0
4320859,Tabaí,RS,Sul,5,4,0.8,0.3334204707143711,0.0
4320909,Tapejara,RS,Sul,27,15,0.5555555555555556,0.34799559842074596,0.8888888888888888
4321006,Tapera,RS,Sul,7,2,0.2857142857142857,0.3421215766292569,0.0
4321105,Tapes,RS,Sul,14,4,0.2857142857142857,0.3588666193149157,0.7857142857142857
4321204,Taquara,RS,Sul,38,20,0.5263157894736842,0.36053987309534546,0.5789473684210527
4321303,Taquari,RS,Sul,26,17,0.6538461538461539,0.33088691721109215,0.0
4321329,Taquaruçu do Sul,RS,Sul,4,1,0.25,0.34253143520035756,0.0
4321352,Tavares,RS,Sul,3,2,0.6666666666666666,0.341770228294354,0.6666666666666666
4321402,Tenente Portela,RS,Sul,8,2,0.25,0.3473673411928735,0.625
4321436,Terra de Areia,RS,Sul,11,5,0.45454545454545453,0.3584302704053123,0.6363636363636364
4321451,Teutônia,RS,Sul,31,10,0.3225806451612903,0.3629799433567192,0.7741935483870968
4321469,Tio Hugo,RS,Sul,2,1,0.5,0.3288528249821623,0.0
4321493,Toropi,RS,Sul,2,2,1.0,0.36687511432600206,1.0
4321501,Torres,RS,Sul,56,28,0.5,0.33108812439264973,0.0
4321600,Tramandaí,RS,Sul,53,25,0.4716981132075472,0.36654792363631306,0.7924528301886793
4321634,Três Arroios,RS,Sul,1,1,1.0,0.3610056037866187,1.0
4321667,Três Cachoeiras,RS,Sul,11,6,0.5454545454545454,0.3337061731601498,0.36363636363636365
4321709,Três Coroas,RS,Sul,26,14,0.5384615384615384,0.3741656836693429,1.0
4321808,Três de Maio,RS,Sul,28,12,0.42857142857142855,0.334650714515717,0.0
4321832,Três Forquilhas,RS,Sul,4,2,0.5,0.314533297015307,0.0
4321857,Três Palmeiras,RS,Sul,4,1,0.25,0.3450042610248617,0.75
4321907,Três Passos,RS,Sul,25,8,0.32,0.32186754807581985,0.0
4321956,Trindade do Sul,RS,Sul,11,6,0.5454545454545454,0.32941296021165956,0.0
4322004,Triunfo,RS,Sul,32,13,0.40625,0.32942579170552516,0.0
4322103,Tucunduva,RS,Sul,3,1,0.3333333333333333,0.3298910163751946,0.0
4322152,Tunas,RS,Sul,1,0,0.0,0.34966977099920027,0.0
4322202,Tupanciretã,RS,Sul,21,15,0.7142857142857143,0.35507033672511296,0.6666666666666666
4322251,Tupandi,RS,Sul,5,1,0.2,0.38916270066618786,1.0
4322301,Tuparendi,RS,Sul,16,9,0.5625,0.3547576513858737,0.875
4322327,Turuçu,RS,Sul,2,1,0.5,0.41021449685524825,1.0
4322376,Unistalda,RS,Sul,3,1,0.3333333333333333,0.34729522704709676,0.6666666666666666
4322400,Uruguaiana,RS,Sul,115,64,0.5565217391304348,0.3346613195405658,0.0
4322509,Vacaria,RS,Sul,75,48,0.64,0.3563817260663651,0.6533333333333333
4322525,Vale Verde,RS,Sul,2,0,0.0,0.3524358356101768,1.0
4322533,Vale do Sol,RS,Sul,4,2,0.5,0.4078090416692205,1.0
4322541,Vale Real,RS,Sul,11,9,0.8181818181818182,0.3503105775615266,0.5454545454545454
4322608,Venâncio Aires,RS,Sul,54,25,0.46296296296296297,0.36073132057254964,0.5925925925925926
4322707,Vera Cruz,RS,Sul,14,8,0.5714285714285714,0.3502692757283975,0.8571428571428571
4322806,Veranópolis,RS,Sul,20,9,0.45,0.3615812519964863,1.0
4322855,Vespasiano Correa,RS,Sul,1,0,0.0,0.36048565918650977,1.0
4322905,Viadutos,RS,Sul,4,2,0.5,0.3536137291934137,0.5
4323002,Viamão,RS,Sul,234,146,0.6239316239316239,0.36525820053073055,0.9017094017094017
4323101,Vicente Dutra,RS,Sul,4,1,0.25,0.3794052068733683,1.0
4323200,Victor Graeff,RS,Sul,1,1,1.0,0.34526997356481093,0.0
4323309,Vila Flores,RS,Sul,4,2,0.5,0.35673055552839406,1.0
4323358,Vila Lângaro,RS,Sul,4,3,0.75,0.3817974167179514,1.0
4323408,Vila Maria,RS,Sul,3,1,0.3333333333333333,0.3447688830987734,0.3333333333333333
4323457,Vila Nova do Sul,RS,Sul,5,2,0.4,0.3527751897149556,1.0
4323507,Vista Alegre,RS,Sul,2,0,0.0,0.31290034625571983,0.0
4323606,Vista Alegre do Prata,RS,Sul,1,1,1.0,0.36478078187495266,1.0
4323770,Westfalia,RS,Sul,2,1,0.5,0.3838971850488485,1.0
4323804,Xangri-lá,RS,Sul,24,13,0.5416666666666666,0.36704733452362737,1.0
5000203,Água Clara,MS,Centro-Oeste,35,5,0.14285714285714285,0.561478878997861,1.0
5000252,Alcinópolis,MS,Centro-Oeste,6,1,0.16666666666666666,0.5282761643530495,1.0
5000609,Amambai,MS,Centro-Oeste,45,13,0.28888888888888886,0.554001722610583,1.0
5000708,Anastácio,MS,Centro-Oeste,34,20,0.5882352941176471,0.5467833279485573,1.0
5000807,Anaurilândia,MS,Centro-Oeste,14,2,0.14285714285714285,0.5307231330202037,1.0
5000856,Angélica,MS,Centro-Oeste,15,2,0.13333333333333333,0.5118596790156112,1.0
5000906,Antônio João,MS,Centro-Oeste,12,6,0.5,0.5458668006424184,1.0
5001003,Aparecida do Taboado,MS,Centro-Oeste,49,23,0.46938775510204084,0.5437813611889117,1.0
5001102,Aquidauana,MS,Centro-Oeste,67,28,0.417910447761194,0.5542569562378462,1.0
5001243,Aral Moreira,MS,Centro-Oeste,9,3,0.3333333333333333,0.5580888712829757,1.0
5001508,Bandeirantes,MS,Centro-Oeste,8,4,0.5,0.538051667698095,1.0
5001904,Bataguassu,MS,Centro-Oeste,21,11,0.5238095238095238,0.5173606343599515,1.0
5002001,Batayporã,MS,Centro-Oeste,27,10,0.37037037037037035,0.5373045864787416,1.0
5002100,Bela Vista,MS,Centro-Oeste,28,16,0.5714285714285714,0.5406009102424939,1.0
5002159,Bodoquena,MS,Centro-Oeste,8,4,0.5,0.5400218119233866,1.0
5002209,Bonito,MS,Centro-Oeste,33,14,0.42424242424242425,0.5667502296956408,1.0
5002308,Brasilândia,MS,Centro-Oeste,23,12,0.5217391304347826,0.5330316547286569,1.0
5002407,Caarapó,MS,Centro-Oeste,33,6,0.18181818181818182,0.5221789528705336,1.0
5002605,Camapuã,MS,Centro-Oeste,23,6,0.2608695652173913,0.5302019271158985,1.0
5002704,Campo Grande,MS,Centro-Oeste,1037,507,0.4889103182256509,0.5317031410910072,1.0
5002803,Caracol,MS,Centro-Oeste,3,0,0.0,0.5627382282412037,1.0
5002902,Cassilândia,MS,Centro-Oeste,31,12,0.3870967741935484,0.5212175255084222,1.0
5002951,Chapadão do Sul,MS,Centro-Oeste,40,16,0.4,0.5442217940417641,1.0
5003108,Corguinho,MS,Centro-Oeste,7,1,0.14285714285714285,0.5402813046201811,1.0
5003157,Coronel Sapucaia,MS,Centro-Oeste,42,15,0.35714285714285715,0.5788126957998796,1.0
5003207,Corumbá,MS,Centro-Oeste,110,67,0.6090909090909091,0.5626457233823174,1.0
5003256,Costa Rica,MS,Centro-Oeste,52,19,0.36538461538461536,0.5354071332990319,1.0
5003306,Coxim,MS,Centro-Oeste,45,28,0.6222222222222222,0.5326236657729707,1.0
5003454,Deodápolis,MS,Centro-Oeste,20,6,0.3,0.5091278989895736,1.0
5003488,Dois Irmãos do Buriti,MS,Centro-Oeste,18,10,0.5555555555555556,0.5530360242001147,1.0
5003504,Douradina,MS,Centro-Oeste,4,1,0.25,0.5488458587683314,1.0
5003702,Dourados,MS,Centro-Oeste,319,142,0.445141065830721,0.539916364764938,1.0
5003751,Eldorado,MS,Centro-Oeste,20,10,0.5,0.5056979087434303,1.0
5003801,Fátima do Sul,MS,Centro-Oeste,23,12,0.5217391304347826,0.5187161237934642,1.0
5003900,Figueirão,MS,Centro-Oeste,8,2,0.25,0.5552923730383952,1.0
5004007,Glória de Dourados,MS,Centro-Oeste,9,4,0.4444444444444444,0.505719178093701,1.0
5004106,Guia Lopes da Laguna,MS,Centro-Oeste,10,4,0.4,0.5281896254012637,1.0
5004304,Iguatemi,MS,Centro-Oeste,22,9,0.4090909090909091,0.5364723550187356,1.0
5004403,Inocência,MS,Centro-Oeste,13,7,0.5384615384615384,0.5211794209400065,1.0
5004502,Itaporã,MS,Centro-Oeste,26,11,0.4230769230769231,0.5552348857199833,1.0
5004601,Itaquiraí,MS,Centro-Oeste,23,5,0.21739130434782608,0.5310011430110764,1.0
5004700,Ivinhema,MS,Centro-Oeste,55,15,0.2727272727272727,0.5141419319143441,1.0
5004809,Japorã,MS,Centro-Oeste,13,9,0.6923076923076923,0.5901528909349743,1.0
5004908,Jaraguari,MS,Centro-Oeste,6,5,0.8333333333333334,0.5543200894072767,1.0
5005004,Jardim,MS,Centro-Oeste,36,16,0.4444444444444444,0.5423374847067115,1.0
5005103,Jateí,MS,Centro-Oeste,6,2,0.3333333333333333,0.4752005962191593,1.0
5005152,Juti,MS,Centro-Oeste,17,8,0.47058823529411764,0.5350176090596656,1.0
5005202,Ladário,MS,Centro-Oeste,31,23,0.7419354838709677,0.5532562618734695,1.0
5005251,Laguna Carapã,MS,Centro-Oeste,13,1,0.07692307692307693,0.5454693751642082,1.0
5005400,Maracaju,MS,Centro-Oeste,64,37,0.578125,0.5401752051225711,1.0
5005608,Miranda,MS,Centro-Oeste,34,18,0.5294117647058824,0.5618155585060636,1.0
5005681,Mundo Novo,MS,Centro-Oeste,29,22,0.7586206896551724,0.5271963004626498,1.0
5005707,Naviraí,MS,Centro-Oeste,96,37,0.3854166666666667,0.5407139880156897,1.0
5005806,Nioaque,MS,Centro-Oeste,25,10,0.4,0.5624501808651018,1.0
5006002,Nova Alvorada do Sul,MS,Centro-Oeste,43,19,0.4418604651162791,0.5583400138110981,1.0
5006200,Nova Andradina,MS,Centro-Oeste,85,24,0.2823529411764706,0.5247234115520414,1.0
5006259,Novo Horizonte do Sul,MS,Centro-Oeste,4,3,0.75,0.5169492945059332,1.0
5006275,Paraíso das Águas,MS,Centro-Oeste,9,1,0.1111111111111111,0.48008328994846633,1.0
5006309,Paranaíba,MS,Centro-Oeste,42,21,0.5,0.5195836688629505,1.0
5006358,Paranhos,MS,Centro-Oeste,15,7,0.4666666666666667,0.5542322136980578,1.0
5006408,Pedro Gomes,MS,Centro-Oeste,9,5,0.5555555555555556,0.5019453924241168,1.0
5006606,Ponta Porã,MS,Centro-Oeste,168,43,0.25595238095238093,0.5368104954322762,1.0
5006903,Porto Murtinho,MS,Centro-Oeste,21,7,0.3333333333333333,0.5493253487754521,1.0
5007109,Ribas do Rio Pardo,MS,Centro-Oeste,52,32,0.6153846153846154,0.550840659118374,1.0
5007208,Rio Brilhante,MS,Centro-Oeste,67,34,0.5074626865671642,0.5389145321677338,1.0
5007307,Rio Negro,MS,Centro-Oeste,9,3,0.3333333333333333,0.5057946116003629,1.0
5007406,Rio Verde de Mato Grosso,MS,Centro-Oeste,24,11,0.4583333333333333,0.5365639537751525,1.0
5007505,Rochedo,MS,Centro-Oeste,8,6,0.75,0.5832138179379582,1.0
5007554,Santa Rita do Pardo,MS,Centro-Oeste,10,5,0.5,0.5561728007741455,1.0
5007695,São Gabriel do Oeste,MS,Centro-Oeste,47,14,0.2978723404255319,0.5543496046207326,1.0
5007703,Sete Quedas,MS,Centro-Oeste,14,7,0.5,0.5492226093137971,1.0
5007802,Selvíria,MS,Centro-Oeste,9,4,0.4444444444444444,0.5284458699067602,1.0
5007901,Sidrolândia,MS,Centro-Oeste,70,46,0.6571428571428571,0.5467088653227881,1.0
5007935,Sonora,MS,Centro-Oeste,25,11,0.44,0.5357175046055414,1.0
5007950,Tacuru,MS,Centro-Oeste,18,10,0.5555555555555556,0.5600782937555475,1.0
5007976,Taquarussu,MS,Centro-Oeste,7,1,0.14285714285714285,0.5253769480553878,1.0
5008008,Terenos,MS,Centro-Oeste,17,10,0.5882352941176471,0.5726095241622485,1.0
5008305,Três Lagoas,MS,Centro-Oeste,167,31,0.18562874251497005,0.537041654021984,1.0
5008404,Vicentina,MS,Centro-Oeste,12,7,0.5833333333333334,0.4887832228962992,1.0
5100102,Acorizal,MT,Centro-Oeste,5,4,0.8,0.37771844261617227,1.0
5100201,Água Boa,MT,Centro-Oeste,53,5,0.09433962264150944,0.4212199201657689,1.0
5100250,Alta Floresta,MT,Centro-Oeste,55,9,0.16363636363636364,0.42596077746655825,1.0
5100300,Alto Araguaia,MT,Centro-Oeste,15,4,0.26666666666666666,0.43539991437498393,1.0
5100359,Alto Boa Vista,MT,Centro-Oeste,6,3,0.5,0.43157375749882726,1.0
5100409,Alto Garças,MT,Centro-Oeste,26,17,0.6538461538461539,0.4307437135812825,1.0
5100508,Alto Paraguai,MT,Centro-Oeste,6,3,0.5,0.43784621188125056,1.0
5100607,Alto Taquari,MT,Centro-Oeste,19,6,0.3157894736842105,0.45938870992509134,1.0
5100805,Apiacás,MT,Centro-Oeste,15,1,0.06666666666666667,0.4163973574708316,1.0
5101001,Araguaiana,MT,Centro-Oeste,1,0,0.0,0.410419878006514,1.0
5101209,Araguainha,MT,Centro-Oeste,1,0,0.0,0.38117903258660213,1.0
5101258,Araputanga,MT,Centro-Oeste,19,8,0.42105263157894735,0.3971300452657438,1.0
5101308,Arenápolis,MT,Centro-Oeste,12,5,0.4166666666666667,0.3952533544432845,1.0
5101407,Aripuanã,MT,Centro-Oeste,44,16,0.36363636363636365,0.4446729988834178,1.0
5101605,Barão de Melgaço,MT,Centro-Oeste,5,2,0.4,0.4210173978779223,1.0
5101704,Barra do Bugres,MT,Centro-Oeste,45,14,0.3111111111111111,0.4112939587580029,1.0
5101803,Barra do Garças,MT,Centro-Oeste,79,29,0.3670886075949367,0.412595157951571,1.0
5101852,Bom Jesus do Araguaia,MT,Centro-Oeste,11,2,0.18181818181818182,0.4462196055424386,1.0
5101902,Brasnorte,MT,Centro-Oeste,22,6,0.2727272727272727,0.43689514315053013,1.0
5102504,Cáceres,MT,Centro-Oeste,93,44,0.4731182795698925,0.4196458441762207,1.0
5102603,Campinápolis,MT,Centro-Oeste,10,5,0.5,0.444637120035976,1.0
5102637,Campo Novo do Parecis,MT,Centro-Oeste,83,20,0.24096385542168675,0.43497479930198085,1.0
5102678,Campo Verde,MT,Centro-Oeste,51,16,0.3137254901960784,0.4230075290623734,1.0
5102686,Campos de Júlio,MT,Centro-Oeste,18,8,0.4444444444444444,0.45818623631639316,1.0
5102694,Canabrava do Norte,MT,Centro-Oeste,7,3,0.42857142857142855,0.45020249562924286,1.0
5102702,Canarana,MT,Centro-Oeste,34,28,0.8235294117647058,0.4420547704427944,1.0
5102793,Carlinda,MT,Centro-Oeste,10,0,0.0,0.4150958817553908,1.0
5102850,Castanheira,MT,Centro-Oeste,10,2,0.2,0.43464093416926763,1.0
5103007,Chapada dos Guimarães,MT,Centro-Oeste,27,4,0.14814814814814814,0.40625224815913746,1.0
5103056,Cláudia,MT,Centro-Oeste,13,5,0.38461538461538464,0.43862132150389954,1.0
5103106,Cocalinho,MT,Centro-Oeste,7,2,0.2857142857142857,0.4187187422516224,1.0
5103205,Colíder,MT,Centro-Oeste,45,19,0.4222222222222222,0.4282308771295176,1.0
5103254,Colniza,MT,Centro-Oeste,44,14,0.3181818181818182,0.5067688984204699,1.0
5103304,Comodoro,MT,Centro-Oeste,20,10,0.5,0.4116618501214944,1.0
5103353,Confresa,MT,Centro-Oeste,68,34,0.5,0.44632601104236347,1.0
5103361,Conquista D'Oeste,MT,Centro-Oeste,5,1,0.2,0.3995743121968658,1.0
5103379,Cotriguaçu,MT,Centro-Oeste,23,8,0.34782608695652173,0.5039973392824295,1.0
5103403,Cuiabá,MT,Centro-Oeste,559,289,0.516994633273703,0.42927456566084654,1.0
5103437,Curvelândia,MT,Centro-Oeste,10,2,0.2,0.3950129111489741,1.0
5103452,Denise,MT,Centro-Oeste,7,1,0.14285714285714285,0.408197750531503,1.0
5103502,Diamantino,MT,Centro-Oeste,30,13,0.43333333333333335,0.4283328806767133,1.0
5103601,Dom Aquino,MT,Centro-Oeste,10,4,0.4,0.4013634529320232,1.0
5103700,Feliz Natal,MT,Centro-Oeste,19,9,0.47368421052631576,0.456201615833939,1.0
5103809,Figueirópolis D'Oeste,MT,Centro-Oeste,4,1,0.25,0.41382474333805663,1.0
5103858,Gaúcha do Norte,MT,Centro-Oeste,9,3,0.3333333333333333,0.4101135258428068,1.0
5103908,General Carneiro,MT,Centro-Oeste,11,8,0.7272727272727273,0.40213151505084554,1.0
5103957,Glória D'Oeste,MT,Centro-Oeste,6,0,0.0,0.39305467111201,1.0
5104104,Guarantã do Norte,MT,Centro-Oeste,42,19,0.4523809523809524,0.4361424758910206,1.0
5104203,Guiratinga,MT,Centro-Oeste,9,3,0.3333333333333333,0.3889919913100086,1.0
5104500,Indiavaí,MT,Centro-Oeste,5,1,0.2,0.418772705040377,1.0
5104526,Ipiranga do Norte,MT,Centro-Oeste,19,12,0.631578947368421,0.4479288727422234,1.0
5104542,Itanhangá,MT,Centro-Oeste,17,2,0.11764705882352941,0.42659116914842465,1.0
5104559,Itaúba,MT,Centro-Oeste,10,3,0.3,0.4208913017892031,1.0
5104609,Itiquira,MT,Centro-Oeste,15,6,0.4,0.4426847489463215,1.0
5104807,Jaciara,MT,Centro-Oeste,37,16,0.43243243243243246,0.4071652977005633,1.0
5104906,Jangada,MT,Centro-Oeste,14,2,0.14285714285714285,0.35317544102396115,0.35714285714285715
5105002,Jauru,MT,Centro-Oeste,7,2,0.2857142857142857,0.3987410027740553,1.0
5105101,Juara,MT,Centro-Oeste,35,11,0.3142857142857143,0.43593163023289094,1.0
5105150,Juína,MT,Centro-Oeste,50,22,0.44,0.43152150101356584,1.0
5105176,Juruena,MT,Centro-Oeste,10,2,0.2,0.45093118841479385,1.0
5105200,Juscimeira,MT,Centro-Oeste,15,2,0.13333333333333333,0.377305695132644,1.0
5105234,Lambari D'Oeste,MT,Centro-Oeste,6,2,0.3333333333333333,0.45055623385967936,1.0
5105259,Lucas do Rio Verde,MT,Centro-Oeste,118,31,0.2627118644067797,0.4376135474276127,1.0
5105309,Luciara,MT,Centro-Oeste,4,3,0.75,0.40685319351933624,1.0
5105507,Vila Bela da Santíssima Trindade,MT,Centro-Oeste,17,3,0.17647058823529413,0.461692616930016,1.0
5105580,Marcelândia,MT,Centro-Oeste,16,7,0.4375,0.41774265242291764,1.0
5105606,Matupá,MT,Centro-Oeste,28,12,0.42857142857142855,0.42092759818209835,1.0
5105622,Mirassol d'Oeste,MT,Centro-Oeste,30,18,0.6,0.4216275800363869,1.0
5105903,Nobres,MT,Centro-Oeste,23,10,0.43478260869565216,0.3938963906047469,1.0
5106000,Nortelândia,MT,Centro-Oeste,8,2,0.25,0.3908480615496698,1.0
5106109,Nossa Senhora do Livramento,MT,Centro-Oeste,17,4,0.23529411764705882,0.3743004825318457,1.0
5106158,Nova Bandeirantes,MT,Centro-Oeste,20,3,0.15,0.5131190390224794,1.0
5106174,Nova Nazaré,MT,Centro-Oeste,1,0,0.0,0.4172159533145655,1.0
5106182,Nova Lacerda,MT,Centro-Oeste,13,3,0.23076923076923078,0.46751795488518044,1.0
5106190,Nova Santa Helena,MT,Centro-Oeste,4,0,0.0,0.4162510938145795,1.0
5106208,Nova Brasilândia,MT,Centro-Oeste,1,0,0.0,0.38916263895887526,1.0
5106216,Nova Canaã do Norte,MT,Centro-Oeste,18,8,0.4444444444444444,0.42410255883407144,1.0
5106224,Nova Mutum,MT,Centro-Oeste,83,27,0.3253012048192771,0.44702034475941504,1.0
5106232,Nova Olímpia,MT,Centro-Oeste,23,11,0.4782608695652174,0.4240758190928034,1.0
5106240,Nova Ubiratã,MT,Centro-Oeste,26,6,0.23076923076923078,0.45896629899711494,1.0
5106257,Nova Xavantina,MT,Centro-Oeste,33,15,0.45454545454545453,0.41588853715547214,1.0
5106265,Novo Mundo,MT,Centro-Oeste,14,4,0.2857142857142857,0.43250881062745183,1.0
5106273,Novo Horizonte do Norte,MT,Centro-Oeste,5,2,0.4,0.4102042105338568,1.0
5106281,Novo São Joaquim,MT,Centro-Oeste,18,0,0.0,0.4216468950609277,1.0
5106299,Paranaíta,MT,Centro-Oeste,16,1,0.0625,0.4427825997263941,1.0
5106307,Paranatinga,MT,Centro-Oeste,24,7,0.2916666666666667,0.44017199738268653,1.0
5106315,Novo Santo Antônio,MT,Centro-Oeste,4,3,0.75,0.43573807195880077,1.0
5106372,Pedra Preta,MT,Centro-Oeste,28,8,0.2857142857142857,0.41591306673737594,1.0
5106422,Peixoto de Azevedo,MT,Centro-Oeste,47,28,0.5957446808510638,0.4446187762537939,1.0
5106455,Planalto da Serra,MT,Centro-Oeste,7,1,0.14285714285714285,0.4168424340970506,1.0
5106505,Poconé,MT,Centro-Oeste,33,19,0.5757575757575758,0.4167424021845132,1.0
5106653,Pontal do Araguaia,MT,Centro-Oeste,12,7,0.5833333333333334,0.39790111782499427,1.0
5106703,Ponte Branca,MT,Centro-Oeste,1,0,0.0,0.4119441913173918,1.0
5106752,Pontes e Lacerda,MT,Centro-Oeste,68,22,0.3235294117647059,0.42699928801330556,1.0
5106778,Porto Alegre do Norte,MT,Centro-Oeste,8,6,0.75,0.44017024577460984,1.0
5106802,Porto dos Gaúchos,MT,Centro-Oeste,10,2,0.2,0.4291994391268962,1.0
5106828,Porto Esperidião,MT,Centro-Oeste,5,2,0.4,0.4304522148734966,1.0
5106851,Porto Estrela,MT,Centro-Oeste,2,0,0.0,0.38976869778971523,1.0
5107008,Poxoréo,MT,Centro-Oeste,24,12,0.5,0.38907126760260996,1.0
5107040,Primavera do Leste,MT,Centro-Oeste,99,46,0.46464646464646464,0.444334434820164,1.0
5107065,Querência,MT,Centro-Oeste,41,13,0.3170731707317073,0.4454441824067939,1.0
5107107,São José dos Quatro Marcos,MT,Centro-Oeste,18,8,0.4444444444444444,0.4014330994049833,1.0
5107156,Reserva do Cabaçal,MT,Centro-Oeste,3,0,0.0,0.3753872179518143,1.0
5107180,Ribeirão Cascalheira,MT,Centro-Oeste,10,2,0.2,0.44000533365292316,1.0
5107198,Ribeirãozinho,MT,Centro-Oeste,5,3,0.6,0.4178530278156785,1.0
5107206,Rio Branco,MT,Centro-Oeste,4,0,0.0,0.3931001206866418,1.0
5107248,Santa Carmem,MT,Centro-Oeste,11,0,0.0,0.4233218390057604,1.0
5107263,Santo Afonso,MT,Centro-Oeste,3,0,0.0,0.37395518294762703,1.0
5107297,São José do Povo,MT,Centro-Oeste,4,0,0.0,0.4038461404814918,1.0
5107305,São José do Rio Claro,MT,Centro-Oeste,26,9,0.34615384615384615,0.4235495494361584,1.0
5107354,São José do Xingu,MT,Centro-Oeste,8,4,0.5,0.4373983731299401,1.0
5107404,São Pedro da Cipa,MT,Centro-Oeste,8,4,0.5,0.41158042342463685,1.0
5107578,Rondolândia,MT,Centro-Oeste,5,2,0.4,0.39906192959169856,1.0
5107602,Rondonópolis,MT,Centro-Oeste,287,115,0.40069686411149824,0.41144314009645144,1.0
5107701,Rosário Oeste,MT,Centro-Oeste,9,2,0.2222222222222222,0.4054580570849904,1.0
5107743,Santa Cruz do Xingu,MT,Centro-Oeste,6,3,0.5,0.4618471617558333,1.0
5107750,Salto do Céu,MT,Centro-Oeste,2,0,0.0,0.3943757709423028,1.0
5107768,Santa Rita do Trivelato,MT,Centro-Oeste,8,3,0.375,0.43734878522040765,1.0
5107776,Santa Terezinha,MT,Centro-Oeste,7,6,0.8571428571428571,0.46532294978625927,1.0
5107792,Santo Antônio do Leste,MT,Centro-Oeste,10,2,0.2,0.46355874887637805,1.0
5107800,Santo Antônio do Leverger,MT,Centro-Oeste,16,8,0.5,0.3778763347341647,1.0
5107859,São Félix do Araguaia,MT,Centro-Oeste,16,9,0.5625,0.4418849955547287,1.0
5107875,Sapezal,MT,Centro-Oeste,51,7,0.13725490196078433,0.45946554924310107,1.0
5107883,Serra Nova Dourada,MT,Centro-Oeste,3,0,0.0,0.4372696699685907,1.0
5107909,Sinop,MT,Centro-Oeste,263,126,0.4790874524714829,0.4306578604842826,1.0
5107925,Sorriso,MT,Centro-Oeste,158,34,0.21518987341772153,0.45011715637221283,1.0
5107941,Tabaporã,MT,Centro-Oeste,18,6,0.3333333333333333,0.437470725742778,1.0
5107958,Tangará da Serra,MT,Centro-Oeste,119,49,0.4117647058823529,0.42951505578864646,1.0
5108006,Tapurah,MT,Centro-Oeste,29,10,0.3448275862068966,0.4586877061600828,1.0
5108055,Terra Nova do Norte,MT,Centro-Oeste,18,6,0.3333333333333333,0.4167998352888752,1.0
5108105,Tesouro,MT,Centro-Oeste,3,1,0.3333333333333333,0.4358857210719509,1.0
5108204,Torixoréu,MT,Centro-Oeste,3,0,0.0,0.38919239082811624,1.0
5108303,União do Sul,MT,Centro-Oeste,11,3,0.2727272727272727,0.4371472744033747,1.0
5108352,Vale de São Domingos,MT,Centro-Oeste,3,2,0.6666666666666666,0.42527826753183834,1.0
5108402,Várzea Grande,MT,Centro-Oeste,355,123,0.3464788732394366,0.42754554089909663,1.0
5108501,Vera,MT,Centro-Oeste,15,5,0.3333333333333333,0.4419582657982263,1.0
5108600,Vila Rica,MT,Centro-Oeste,29,10,0.3448275862068966,0.45022471941873066,1.0
5108808,Nova Guarita,MT,Centro-Oeste,5,2,0.4,0.4244434256805222,1.0
5108857,Nova Marilândia,MT,Centro-Oeste,7,3,0.42857142857142855,0.404237877743023,1.0
5108907,Nova Maringá,MT,Centro-Oeste,10,1,0.1,0.45584692995009346,1.0
5108956,Nova Monte Verde,MT,Centro-Oeste,14,1,0.07142857142857142,0.45067983399948064,1.0
5200050,Abadia de Goiás,GO,Centro-Oeste,29,13,0.4482758620689655,0.3355843978305427,0.0
5200100,Abadiânia,GO,Centro-Oeste,25,5,0.2,0.33328605506521036,0.0
5200134,Acreúna,GO,Centro-Oeste,25,7,0.28,0.3327702161209621,0.0
5200159,Adelândia,GO,Centro-Oeste,4,1,0.25,0.3033403652527821,0.0
5200175,Água Fria de Goiás,GO,Centro-Oeste,6,1,0.16666666666666666,0.3223035329650933,0.0
5200209,Água Limpa,GO,Centro-Oeste,5,1,0.2,0.31705955437568467,0.0
5200258,Águas Lindas de Goiás,GO,Centro-Oeste,317,142,0.4479495268138801,0.35280879329522896,1.0
5200308,Alexânia,GO,Centro-Oeste,40,13,0.325,0.33264159860027365,0.0
5200506,Aloândia,GO,Centro-Oeste,3,0,0.0,0.3117009978201154,0.0
5200555,Alto Horizonte,GO,Centro-Oeste,14,3,0.21428571428571427,0.31225553172421516,0.0
5200605,Alto Paraíso de Goiás,GO,Centro-Oeste,14,6,0.42857142857142855,0.32405648223082073,0.0
5200803,Alvorada do Norte,GO,Centro-Oeste,12,4,0.3333333333333333,0.3050999762559994,0.0
5200829,Amaralina,GO,Centro-Oeste,6,1,0.16666666666666666,0.34064638814070625,0.0
5200852,Americano do Brasil,GO,Centro-Oeste,6,1,0.16666666666666666,0.2957910798049286,0.0
5200902,Amorinópolis,GO,Centro-Oeste,4,1,0.25,0.2971863470233834,0.0
5201108,Anápolis,GO,Centro-Oeste,320,88,0.275,0.34458990987996174,0.0
5201207,Anhanguera,GO,Centro-Oeste,2,1,0.5,0.36240089515989893,1.0
5201306,Anicuns,GO,Centro-Oeste,24,1,0.041666666666666664,0.32209202693788386,0.0
5201405,Aparecida de Goiânia,GO,Centro-Oeste,548,158,0.28832116788321166,0.3624426681553222,1.0
5201454,Aparecida do Rio Doce,GO,Centro-Oeste,1,0,0.0,0.325087332891857,0.0
5201504,Aporé,GO,Centro-Oeste,8,4,0.5,0.3219615056053454,0.0
5201603,Araçu,GO,Centro-Oeste,7,1,0.14285714285714285,0.3055090032843144,0.0
5201702,Aragarças,GO,Centro-Oeste,24,9,0.375,0.3230743853558268,0.0
5201801,Aragoiânia,GO,Centro-Oeste,18,5,0.2777777777777778,0.3530027052550381,1.0
5202155,Araguapaz,GO,Centro-Oeste,14,5,0.35714285714285715,0.31127408631201947,0.0
5202353,Arenópolis,GO,Centro-Oeste,2,1,0.5,0.30421948647530683,0.0
5202502,Aruanã,GO,Centro-Oeste,9,1,0.1111111111111111,0.34684409528891247,0.0
5202601,Aurilândia,GO,Centro-Oeste,3,0,0.0,0.2989354141759579,0.0
5202809,Avelinópolis,GO,Centro-Oeste,4,0,0.0,0.344661609888963,0.0
5203104,Baliza,GO,Centro-Oeste,2,0,0.0,0.29661880489229975,0.0
5203203,Barro Alto,GO,Centro-Oeste,13,1,0.07692307692307693,0.2871942242178738,0.0
5203302,Bela Vista de Goiás,GO,Centro-Oeste,32,11,0.34375,0.33480935922538335,0.0
5203401,Bom Jardim de Goiás,GO,Centro-Oeste,6,0,0.0,0.3303167370533808,0.0
5203500,Bom Jesus de Goiás,GO,Centro-Oeste,25,7,0.28,0.33111878306039666,0.0
5203559,Bonfinópolis,GO,Centro-Oeste,14,2,0.14285714285714285,0.3409776779293902,0.0
5203575,Bonópolis,GO,Centro-Oeste,6,3,0.5,0.3262525122414428,0.0
5203609,Brazabrantes,GO,Centro-Oeste,4,0,0.0,0.3254389303564954,0.0
5203807,Britânia,GO,Centro-Oeste,8,0,0.0,0.3250312582680539,0.0
5203906,Buriti Alegre,GO,Centro-Oeste,12,3,0.25,0.3324493149034152,0.0
5203939,Buriti de Goiás,GO,Centro-Oeste,2,0,0.0,0.3265248266667087,0.0
5203962,Buritinópolis,GO,Centro-Oeste,2,1,0.5,0.2803997175035934,0.0
5204003,Cabeceiras,GO,Centro-Oeste,10,1,0.1,0.32885832558688066,0.0
5204102,Cachoeira Alta,GO,Centro-Oeste,8,3,0.375,0.3399264692101196,0.0
5204201,Cachoeira de Goiás,GO,Centro-Oeste,3,1,0.3333333333333333,0.2852802263810241,0.0
5204250,Cachoeira Dourada,GO,Centro-Oeste,8,2,0.25,0.3100498148989498,0.0
5204300,Caçu,GO,Centro-Oeste,10,1,0.1,0.3469666640207931,0.0
5204409,Caiapônia,GO,Centro-Oeste,20,3,0.15,0.31256516943953916,0.0
5204508,Caldas Novas,GO,Centro-Oeste,116,45,0.3879310344827586,0.35216728839683376,1.0
5204557,Caldazinha,GO,Centro-Oeste,10,4,0.4,0.3328468413874637,0.0
5204607,Campestre de Goiás,GO,Centro-Oeste,2,0,0.0,0.34105813220481673,0.0
5204656,Campinaçu,GO,Centro-Oeste,2,0,0.0,0.347702416472198,0.0
5204706,Campinorte,GO,Centro-Oeste,17,4,0.23529411764705882,0.332662368226857,0.0
5204805,Campo Alegre de Goiás,GO,Centro-Oeste,12,4,0.3333333333333333,0.33517736816142457,0.0
5204854,Campo Limpo de Goiás,GO,Centro-Oeste,11,0,0.0,0.3381543120773226,0.0
5204904,Campos Belos,GO,Centro-Oeste,13,2,0.15384615384615385,0.2974148833280513,0.0
5204953,Campos Verdes,GO,Centro-Oeste,6,0,0.0,0.29911339846545393,0.0
5205000,Carmo do Rio Verde,GO,Centro-Oeste,12,3,0.25,0.3159087883692384,0.0
5205059,Castelândia,GO,Centro-Oeste,5,1,0.2,0.26302558741121707,0.0
5205109,Catalão,GO,Centro-Oeste,94,22,0.23404255319148937,0.33759909369996954,0.0
5205208,Caturaí,GO,Centro-Oeste,7,0,0.0,0.341378339889869,0.0
5205307,Cavalcante,GO,Centro-Oeste,8,0,0.0,0.28550935488683415,0.0
5205406,Ceres,GO,Centro-Oeste,12,0,0.0,0.3111016550065905,0.0
5205455,Cezarina,GO,Centro-Oeste,10,2,0.2,0.3192919780547542,0.0
5205471,Chapadão do Céu,GO,Centro-Oeste,24,4,0.16666666666666666,0.352963637089982,1.0
5205497,Cidade Ocidental,GO,Centro-Oeste,120,56,0.4666666666666667,0.3528594369136455,1.0
5205513,Cocalzinho de Goiás,GO,Centro-Oeste,30,5,0.16666666666666666,0.3502908670802828,1.0
5205521,Colinas do Sul,GO,Centro-Oeste,7,3,0.42857142857142855,0.31001266408162576,0.0
5205802,Corumbá de Goiás,GO,Centro-Oeste,12,1,0.08333333333333333,0.31197027035003977,0.0
5205901,Corumbaíba,GO,Centro-Oeste,7,2,0.2857142857142857,0.34330701062043606,0.0
5206206,Cristalina,GO,Centro-Oeste,82,31,0.3780487804878049,0.3490104423490872,0.0
5206305,Cristianópolis,GO,Centro-Oeste,8,0,0.0,0.36335503585307394,1.0
5206404,Crixás,GO,Centro-Oeste,12,1,0.08333333333333333,0.320107593608459,0.0
5206503,Cromínia,GO,Centro-Oeste,5,2,0.4,0.32276925777172516,0.0
5206602,Cumari,GO,Centro-Oeste,1,0,0.0,0.3288865815298796,0.0
5206701,Damianópolis,GO,Centro-Oeste,3,1,0.3333333333333333,0.28890917953729134,0.0
5206800,Damolândia,GO,Centro-Oeste,2,0,0.0,0.3200222348589514,0.0
5206909,Davinópolis,GO,Centro-Oeste,2,1,0.5,0.294313802691187,0.0
5207105,Diorama,GO,Centro-Oeste,2,1,0.5,0.28739264372274476,0.0
5207253,Doverlândia,GO,Centro-Oeste,4,2,0.5,0.32404157045718784,0.0
5207352,Edealina,GO,Centro-Oeste,6,0,0.0,0.3236285386848049,0.0
5207402,Edéia,GO,Centro-Oeste,20,4,0.2,0.31233775558699495,0.0
5207501,Estrela do Norte,GO,Centro-Oeste,5,0,0.0,0.3033943006724922,0.0
5207600,Fazenda Nova,GO,Centro-Oeste,2,0,0.0,0.3132033177773713,0.0
5207808,Firminópolis,GO,Centro-Oeste,13,3,0.23076923076923078,0.3037576730894439,0.0
5207907,Flores de Goiás,GO,Centro-Oeste,13,2,0.15384615384615385,0.33377792393185335,0.0
5208004,Formosa,GO,Centro-Oeste,114,37,0.32456140350877194,0.3170165669456777,0.0
5208103,Formoso,GO,Centro-Oeste,4,1,0.25,0.3039480894536598,0.0
5208152,Gameleira de Goiás,GO,Centro-Oeste,11,1,0.09090909090909091,0.35448662908802886,1.0
5208301,Divinópolis de Goiás,GO,Centro-Oeste,8,3,0.375,0.274958302776275,0.0
5208400,Goianápolis,GO,Centro-Oeste,19,8,0.42105263157894735,0.2979690686934686,0.0
5208509,Goiandira,GO,Centro-Oeste,2,1,0.5,0.30505143152660763,0.0
5208608,Goianésia,GO,Centro-Oeste,102,11,0.10784313725490197,0.32399734117607115,0.0
5208707,Goiânia,GO,Centro-Oeste,898,262,0.29175946547884185,0.3448481215151403,0.0
5208806,Goianira,GO,Centro-Oeste,88,18,0.20454545454545456,0.3462600750966772,0.0
5208905,Goiás,GO,Centro-Oeste,19,3,0.15789473684210525,0.31013878133351436,0.0
5209101,Goiatuba,GO,Centro-Oeste,40,9,0.225,0.33670531548891547,0.0
5209150,Gouvelândia,GO,Centro-Oeste,12,3,0.25,0.309551883247314,0.0
5209200,Guapó,GO,Centro-Oeste,26,3,0.11538461538461539,0.33640833899187383,0.0
5209291,Guaraíta,GO,Centro-Oeste,2,0,0.0,0.3205777517689179,0.0
5209408,Guarani de Goiás,GO,Centro-Oeste,2,1,0.5,0.268103507937251,0.0
5209457,Guarinos,GO,Centro-Oeste,3,1,0.3333333333333333,0.3291067621188193,0.0
5209606,Heitoraí,GO,Centro-Oeste,1,0,0.0,0.31507614930884953,0.0
5209705,Hidrolândia,GO,Centro-Oeste,36,10,0.2777777777777778,0.3549306772087225,1.0
5209804,Hidrolina,GO,Centro-Oeste,3,0,0.0,0.32791694479680444,0.0
5209903,Iaciara,GO,Centro-Oeste,12,5,0.4166666666666667,0.3046331596995906,0.0
5209937,Inaciolândia,GO,Centro-Oeste,13,2,0.15384615384615385,0.2892071599810714,0.0
5209952,Indiara,GO,Centro-Oeste,27,7,0.25925925925925924,0.32313326036132883,0.0
5210000,Inhumas,GO,Centro-Oeste,44,6,0.13636363636363635,0.33016737072608604,0.0
5210109,Ipameri,GO,Centro-Oeste,26,8,0.3076923076923077,0.3395747082140038,0.0
5210158,Ipiranga de Goiás,GO,Centro-Oeste,3,0,0.0,0.30731201258563146,0.0
5210208,Iporá,GO,Centro-Oeste,44,5,0.11363636363636363,0.3020642444458539,0.0
5210307,Israelândia,GO,Centro-Oeste,4,1,0.25,0.2998625229894013,0.0
5210406,Itaberaí,GO,Centro-Oeste,46,6,0.13043478260869565,0.33037686475896055,0.0
5210562,Itaguari,GO,Centro-Oeste,7,2,0.2857142857142857,0.31078514936629853,0.0
5210604,Itaguaru,GO,Centro-Oeste,6,0,0.0,0.29913119933434573,0.0
5210802,Itajá,GO,Centro-Oeste,4,0,0.0,0.33438365893268496,0.0
5210901,Itapaci,GO,Centro-Oeste,23,2,0.08695652173913043,0.30724737864968044,0.0
5211008,Itapirapuã,GO,Centro-Oeste,11,3,0.2727272727272727,0.3114241246451578,0.0
5211206,Itapuranga,GO,Centro-Oeste,22,2,0.09090909090909091,0.2891848430969125,0.0
5211305,Itarumã,GO,Centro-Oeste,7,1,0.14285714285714285,0.3517995673093977,1.0
5211404,Itauçu,GO,Centro-Oeste,6,0,0.0,0.31082727075262917,0.0
5211503,Itumbiara,GO,Centro-Oeste,136,28,0.20588235294117646,0.3238984313292267,0.0
5211602,Ivolândia,GO,Centro-Oeste,3,1,0.3333333333333333,0.3003816411891075,0.0
5211701,Jandaia,GO,Centro-Oeste,6,1,0.16666666666666666,0.3034526124728598,0.0
5211800,Jaraguá,GO,Centro-Oeste,57,12,0.21052631578947367,0.3390795255719654,0.0
5211909,Jataí,GO,Centro-Oeste,122,35,0.28688524590163933,0.33768944953227065,0.0
5212006,Jaupaci,GO,Centro-Oeste,3,0,0.0,0.3013168599510371,0.0
5212055,Jesúpolis,GO,Centro-Oeste,1,0,0.0,0.33301617623684043,0.0
5212105,Joviânia,GO,Centro-Oeste,7,1,0.14285714285714285,0.3297336079400034,0.0
5212204,Jussara,GO,Centro-Oeste,22,3,0.13636363636363635,0.31411699604324983,0.0
5212253,Lagoa Santa,GO,Centro-Oeste,3,2,0.6666666666666666,0.33546344129954586,0.0
5212303,Leopoldo de Bulhões,GO,Centro-Oeste,6,3,0.5,0.3418783234668787,0.0
5212501,Luziânia,GO,Centro-Oeste,275,85,0.3090909090909091,0.3483953449846764,0.0
5212600,Mairipotaba,GO,Centro-Oeste,3,0,0.0,0.3142368934483928,0.0
5212709,Mambaí,GO,Centro-Oeste,16,4,0.25,0.3011724148932141,0.0
5212808,Mara Rosa,GO,Centro-Oeste,21,2,0.09523809523809523,0.3098422566471387,0.0
5212907,Marzagão,GO,Centro-Oeste,2,0,0.0,0.3336783188368314,0.0
5212956,Matrinchã,GO,Centro-Oeste,7,5,0.7142857142857143,0.2970344147240305,0.0
5213004,Maurilândia,GO,Centro-Oeste,12,2,0.16666666666666666,0.3261708145926018,0.0
5213053,Mimoso de Goiás,GO,Centro-Oeste,1,0,0.0,0.2844463549986761,0.0
5213087,Minaçu,GO,Centro-Oeste,32,8,0.25,0.3104178314602861,0.0
5213103,Mineiros,GO,Centro-Oeste,87,15,0.1724137931034483,0.35689711341609875,1.0
5213400,Moiporá,GO,Centro-Oeste,1,1,1.0,0.29383056441811184,0.0
5213509,Monte Alegre de Goiás,GO,Centro-Oeste,6,0,0.0,0.2904030433624819,0.0
5213707,Montes Claros de Goiás,GO,Centro-Oeste,11,1,0.09090909090909091,0.3173201653164054,0.0
5213756,Montividiu,GO,Centro-Oeste,11,3,0.2727272727272727,0.32661092387431634,0.0
5213772,Montividiu do Norte,GO,Centro-Oeste,3,1,0.3333333333333333,0.3429418263273387,0.0
5213806,Morrinhos,GO,Centro-Oeste,55,17,0.3090909090909091,0.3343195811307825,0.0
5213855,Morro Agudo de Goiás,GO,Centro-Oeste,4,0,0.0,0.3060734526916363,0.0
5213905,Mossâmedes,GO,Centro-Oeste,2,0,0.0,0.3040262383151261,0.0
5214002,Mozarlândia,GO,Centro-Oeste,23,4,0.17391304347826086,0.3354354589648889,0.0
5214051,Mundo Novo,GO,Centro-Oeste,14,1,0.07142857142857142,0.3164829898985575,0.0
5214101,Mutunópolis,GO,Centro-Oeste,7,0,0.0,0.29899445619316356,0.0
5214408,Nazário,GO,Centro-Oeste,9,0,0.0,0.31975310264795576,0.0
5214507,Nerópolis,GO,Centro-Oeste,38,9,0.23684210526315788,0.32538445718285414,0.0
5214606,Niquelândia,GO,Centro-Oeste,33,8,0.24242424242424243,0.31322241045626453,0.0
5214705,Nova América,GO,Centro-Oeste,2,0,0.0,0.3010217933261038,0.0
5214804,Nova Aurora,GO,Centro-Oeste,1,0,0.0,0.3021133510645777,0.0
5214838,Nova Crixás,GO,Centro-Oeste,22,4,0.18181818181818182,0.33185794444434835,0.0
5214861,Nova Glória,GO,Centro-Oeste,4,0,0.0,0.31279951632688396,0.0
5214879,Nova Iguaçu de Goiás,GO,Centro-Oeste,3,0,0.0,0.3517450653884693,1.0
5214903,Nova Roma,GO,Centro-Oeste,2,0,0.0,0.3063338814125157,0.0
5215009,Nova Veneza,GO,Centro-Oeste,11,6,0.5454545454545454,0.3239647133840369,0.0
5215207,Novo Brasil,GO,Centro-Oeste,3,0,0.0,0.3204883054661136,0.0
5215231,Novo Gama,GO,Centro-Oeste,87,38,0.4367816091954023,0.3616778006859189,1.0
5215256,Novo Planalto,GO,Centro-Oeste,5,0,0.0,0.31345142467117326,0.0
5215306,Orizona,GO,Centro-Oeste,14,3,0.21428571428571427,0.3374247289059558,0.0
5215405,Ouro Verde de Goiás,GO,Centro-Oeste,10,0,0.0,0.30378290375395245,0.0
5215504,Ouvidor,GO,Centro-Oeste,11,1,0.09090909090909091,0.32239049918286367,0.0
5215603,Padre Bernardo,GO,Centro-Oeste,36,12,0.3333333333333333,0.33160303090606125,0.0
5215652,Palestina de Goiás,GO,Centro-Oeste,6,1,0.16666666666666666,0.3166379385833782,0.0
5215702,Palmeiras de Goiás,GO,Centro-Oeste,33,8,0.24242424242424243,0.33869959971953834,0.0
5215801,Palmelo,GO,Centro-Oeste,2,2,1.0,0.3212113849707374,0.0
5215900,Palminópolis,GO,Centro-Oeste,2,0,0.0,0.30910897757104117,0.0
5216304,Paranaiguara,GO,Centro-Oeste,16,0,0.0,0.3086347132376108,0.0
5216403,Paraúna,GO,Centro-Oeste,14,5,0.35714285714285715,0.35160419450331953,1.0
5216452,Perolândia,GO,Centro-Oeste,6,2,0.3333333333333333,0.33209341793924063,0.0
5216809,Petrolina de Goiás,GO,Centro-Oeste,7,1,0.14285714285714285,0.33084537061426766,0.0
5216908,Pilar de Goiás,GO,Centro-Oeste,5,0,0.0,0.3215313824011007,0.0
5217104,Piracanjuba,GO,Centro-Oeste,22,3,0.13636363636363635,0.32429396249106135,0.0
5217203,Piranhas,GO,Centro-Oeste,8,3,0.375,0.2984835462632861,0.0
5217302,Pirenópolis,GO,Centro-Oeste,36,12,0.3333333333333333,0.32857601880095477,0.0
5217401,Pires do Rio,GO,Centro-Oeste,31,7,0.22580645161290322,0.32038136315482335,0.0
5217609,Planaltina,GO,Centro-Oeste,152,33,0.21710526315789475,0.3491560328789137,0.0
5217708,Pontalina,GO,Centro-Oeste,22,4,0.18181818181818182,0.33195947202917897,0.0
5218003,Porangatu,GO,Centro-Oeste,30,13,0.43333333333333335,0.32036554110371995,0.0
5218052,Porteirão,GO,Centro-Oeste,6,3,0.5,0.3383181646968154,0.0
5218102,Portelândia,GO,Centro-Oeste,6,0,0.0,0.34623804464642927,0.0
5218300,Posse,GO,Centro-Oeste,47,5,0.10638297872340426,0.3182817692026354,0.0
5218391,Professor Jamil,GO,Centro-Oeste,4,1,0.25,0.31549225643996004,0.0
5218508,Quirinópolis,GO,Centro-Oeste,50,11,0.22,0.3159277587705871,0.0
5218607,Rialma,GO,Centro-Oeste,13,0,0.0,0.3250750479834055,0.0
5218706,Rianápolis,GO,Centro-Oeste,6,0,0.0,0.3056752568555746,0.0
5218789,Rio Quente,GO,Centro-Oeste,3,0,0.0,0.34471227407708294,0.0
5218805,Rio Verde,GO,Centro-Oeste,246,25,0.1016260162601626,0.339152583597616,0.0
5218904,Rubiataba,GO,Centro-Oeste,22,3,0.13636363636363635,0.31802099040745524,0.0
5219001,Sanclerlândia,GO,Centro-Oeste,10,0,0.0,0.3005113611232735,0.0
5219100,Santa Bárbara de Goiás,GO,Centro-Oeste,7,0,0.0,0.3074748687028593,0.0
5219209,Santa Cruz de Goiás,GO,Centro-Oeste,4,1,0.25,0.32243685726994453,0.0
5219258,Santa Fé de Goiás,GO,Centro-Oeste,4,1,0.25,0.3142162206532204,0.0
5219357,Santa Isabel,GO,Centro-Oeste,1,0,0.0,0.31861505968175574,0.0
5219407,Santa Rita do Araguaia,GO,Centro-Oeste,10,1,0.1,0.3267855539806974,0.0
5219456,Santa Rita do Novo Destino,GO,Centro-Oeste,1,0,0.0,0.29970021736949604,0.0
5219506,Santa Rosa de Goiás,GO,Centro-Oeste,3,0,0.0,0.29328995168500394,0.0
5219605,Santa Tereza de Goiás,GO,Centro-Oeste,2,1,0.5,0.33001033990095885,0.0
5219704,Santa Terezinha de Goiás,GO,Centro-Oeste,8,0,0.0,0.2933949029018085,0.0
5219712,Santo Antônio da Barra,GO,Centro-Oeste,8,0,0.0,0.295410232011989,0.0
5219738,Santo Antônio de Goiás,GO,Centro-Oeste,10,0,0.0,0.3217388498681192,0.0
5219753,Santo Antônio do Descoberto,GO,Centro-Oeste,91,42,0.46153846153846156,0.3527483472055842,1.0
5219803,São Domingos,GO,Centro-Oeste,12,5,0.4166666666666667,0.3023552796551148,0.0
5219902,São Francisco de Goiás,GO,Centro-Oeste,7,1,0.14285714285714285,0.3397976507505283,0.0
5220009,São João d'Aliança,GO,Centro-Oeste,15,1,0.06666666666666667,0.3050606032788705,0.0
5220108,São Luís de Montes Belos,GO,Centro-Oeste,28,4,0.14285714285714285,0.31999693882427716,0.0
5220157,São Luíz do Norte,GO,Centro-Oeste,4,0,0.0,0.31361542208465776,0.0
5220207,São Miguel do Araguaia,GO,Centro-Oeste,21,1,0.047619047619047616,0.3596486305437816,1.0
5220264,São Miguel do Passa Quatro,GO,Centro-Oeste,4,2,0.5,0.3153607097579362,0.0
5220280,São Patrício,GO,Centro-Oeste,4,0,0.0,0.31878242143539415,0.0
5220405,São Simão,GO,Centro-Oeste,28,5,0.17857142857142858,0.3319618196141126,0.0
5220454,Senador Canedo,GO,Centro-Oeste,181,66,0.36464088397790057,0.35490647577439516,1.0
5220504,Serranópolis,GO,Centro-Oeste,7,2,0.2857142857142857,0.3421935939047479,0.0
5220603,Silvânia,GO,Centro-Oeste,20,2,0.1,0.3386537948050331,0.0
5220686,Simolândia,GO,Centro-Oeste,7,0,0.0,0.3073169335055909,0.0
5220702,Sítio d'Abadia,GO,Centro-Oeste,1,0,0.0,0.28747018544408653,0.0
5221007,Taquaral de Goiás,GO,Centro-Oeste,5,1,0.2,0.3173539018149215,0.0
5221080,Teresina de Goiás,GO,Centro-Oeste,5,2,0.4,0.3042078043635724,0.0
5221197,Terezópolis de Goiás,GO,Centro-Oeste,11,3,0.2727272727272727,0.3279853997945904,0.0
5221304,Três Ranchos,GO,Centro-Oeste,4,1,0.25,0.3281432979885942,0.0
5221403,Trindade,GO,Centro-Oeste,163,39,0.2392638036809816,0.3479059623624884,0.0
5221452,Trombas,GO,Centro-Oeste,5,0,0.0,0.30664464353429133,0.0
5221502,Turvânia,GO,Centro-Oeste,5,0,0.0,0.3217362891687313,0.0
5221551,Turvelândia,GO,Centro-Oeste,4,1,0.25,0.30209185383433124,0.0
5221577,Uirapuru,GO,Centro-Oeste,2,0,0.0,0.2999632192090116,0.0
5221601,Uruaçu,GO,Centro-Oeste,41,9,0.21951219512195122,0.3159425906747509,0.0
5221700,Uruana,GO,Centro-Oeste,12,1,0.08333333333333333,0.30921738651819375,0.0
5221809,Urutaí,GO,Centro-Oeste,6,2,0.3333333333333333,0.32999080976810025,0.0
5221858,Valparaíso de Goiás,GO,Centro-Oeste,191,65,0.3403141361256545,0.3501869615769556,1.0
5221908,Varjão,GO,Centro-Oeste,3,1,0.3333333333333333,0.31226040488349116,0.0
5222005,Vianópolis,GO,Centro-Oeste,17,3,0.17647058823529413,0.3330842161209939,0.0
5222054,Vicentinópolis,GO,Centro-Oeste,13,1,0.07692307692307693,0.3462868602950292,0.0
5222203,Vila Boa,GO,Centro-Oeste,8,3,0.375,0.3175992900288327,0.0
5222302,Vila Propício,GO,Centro-Oeste,4,1,0.25,0.3090104883911873,0.0
5300108,Brasília,DF,Centro-Oeste,2232,942,0.4220430107526882,0.43501717342512836,1.0
